trial_name,subject_id,window_idx,start_sample,end_sample,timestamp_sec,predicted_label_id,predicted_gesture,confidence,ground_truth_id,ground_truth_gesture,is_correct,q1_rad,q2_rad,q3_rad,q4_rad,q5_rad
trial_000320,SUBJ_017,0,0,50,0.245,1,fist_clench,0.9919,1,fist_clench,True,0.00098,0.00717,0.05818,0.06999,0.03798
trial_000320,SUBJ_017,1,25,75,0.37,1,fist_clench,0.9982,1,fist_clench,True,0.00212,0.01528,0.12672,0.15195,0.08275
trial_000320,SUBJ_017,2,50,100,0.495,1,fist_clench,0.9984,1,fist_clench,True,0.00356,0.02541,0.21615,0.25824,0.14118
trial_000320,SUBJ_017,3,75,125,0.62,1,fist_clench,0.9983,1,fist_clench,True,0.00524,0.03683,0.32236,0.38359,0.2106
trial_000320,SUBJ_017,4,100,150,0.745,1,fist_clench,0.9982,1,fist_clench,True,0.00704,0.0488,0.44129,0.52275,0.28838
trial_000320,SUBJ_017,5,125,175,0.87,1,fist_clench,0.9978,1,fist_clench,True,0.0089,0.06058,0.56885,0.67048,0.37186
trial_000320,SUBJ_017,6,150,200,0.995,1,fist_clench,0.9973,1,fist_clench,True,0.01073,0.07142,0.70096,0.82152,0.45838
trial_000320,SUBJ_017,7,175,225,1.12,1,fist_clench,0.9977,1,fist_clench,True,0.01243,0.08058,0.83355,0.97061,0.5453
trial_000320,SUBJ_017,8,200,250,1.245,1,fist_clench,0.998,1,fist_clench,True,0.01392,0.08734,0.96252,1.11251,0.62995
trial_000320,SUBJ_017,9,225,275,1.37,1,fist_clench,0.9982,1,fist_clench,True,0.01511,0.09094,1.0838,1.24195,0.7097
trial_000320,SUBJ_017,10,250,300,1.495,1,fist_clench,0.9983,1,fist_clench,True,0.01592,0.09065,1.19332,1.35371,0.78188
trial_000320,SUBJ_017,11,275,325,1.62,1,fist_clench,0.9982,1,fist_clench,True,0.01632,0.08615,1.28844,1.44464,0.84476
trial_000320,SUBJ_017,12,300,350,1.745,1,fist_clench,0.9981,1,fist_clench,True,0.01639,0.078,1.36944,1.51588,0.89837
trial_000320,SUBJ_017,13,325,375,1.87,1,fist_clench,0.9982,1,fist_clench,True,0.01624,0.06685,1.43695,1.56908,0.94299
trial_000320,SUBJ_017,14,350,400,1.995,1,fist_clench,0.9982,1,fist_clench,True,0.01597,0.05335,1.49161,1.60589,0.97889
trial_000320,SUBJ_017,15,375,425,2.12,1,fist_clench,0.9982,1,fist_clench,True,0.01569,0.03816,1.53405,1.62798,1.00636
trial_000320,SUBJ_017,16,400,450,2.245,1,fist_clench,0.9982,1,fist_clench,True,0.01548,0.02193,1.56491,1.637,1.02566
trial_000320,SUBJ_017,17,425,475,2.37,1,fist_clench,0.9981,1,fist_clench,True,0.01547,0.00531,1.58482,1.63459,1.03707
trial_000320,SUBJ_017,18,450,500,2.495,1,fist_clench,0.9971,1,fist_clench,True,0.01574,-0.01104,1.59441,1.62243,1.04086
trial_000320,SUBJ_017,19,475,525,2.62,1,fist_clench,0.9899,1,fist_clench,True,0.0164,-0.02647,1.59431,1.60216,1.03731
trial_000320,SUBJ_017,20,500,550,2.745,1,fist_clench,0.9083,1,fist_clench,True,0.01756,-0.04032,1.58518,1.57543,1.02668
trial_000320,SUBJ_017,21,525,575,2.87,1,fist_clench,0.8879,1,fist_clench,True,0.01932,-0.05194,1.56762,1.54391,1.00926
trial_000320,SUBJ_017,22,550,600,2.995,1,fist_clench,0.9853,1,fist_clench,True,0.02177,-0.06067,1.54229,1.50925,0.98532
trial_000320,SUBJ_017,23,575,625,3.12,1,fist_clench,0.9981,1,fist_clench,True,0.02501,-0.06589,1.50981,1.47305,0.95514
trial_000320,SUBJ_017,24,600,650,3.245,1,fist_clench,0.9989,1,fist_clench,True,0.02899,-0.06754,1.4707,1.43586,0.91921
trial_000320,SUBJ_017,25,625,675,3.37,1,fist_clench,0.999,1,fist_clench,True,0.0335,-0.06608,1.42538,1.39723,0.87824
trial_000320,SUBJ_017,26,650,700,3.495,1,fist_clench,0.9988,1,fist_clench,True,0.03834,-0.06198,1.37426,1.35668,0.83293
trial_000320,SUBJ_017,27,675,725,3.62,1,fist_clench,0.9987,1,fist_clench,True,0.0433,-0.05573,1.31776,1.31374,0.78396
trial_000320,SUBJ_017,28,700,750,3.745,1,fist_clench,0.9985,1,fist_clench,True,0.04816,-0.04781,1.2563,1.26791,0.73206
trial_000320,SUBJ_017,29,725,775,3.87,1,fist_clench,0.9984,1,fist_clench,True,0.05274,-0.03871,1.19028,1.21873,0.67791
trial_000320,SUBJ_017,30,750,800,3.995,1,fist_clench,0.9984,1,fist_clench,True,0.05681,-0.02889,1.12013,1.16572,0.62222
trial_000320,SUBJ_017,31,775,825,4.12,1,fist_clench,0.9984,1,fist_clench,True,0.06017,-0.01885,1.04625,1.10839,0.56569
trial_000320,SUBJ_017,32,800,850,4.245,1,fist_clench,0.9985,1,fist_clench,True,0.06261,-0.00907,0.96908,1.04626,0.50902
trial_000320,SUBJ_017,33,825,875,4.37,1,fist_clench,0.9985,1,fist_clench,True,0.06393,-1e-05,0.88901,0.97885,0.45292
trial_000320,SUBJ_017,34,850,900,4.495,1,fist_clench,0.9986,1,fist_clench,True,0.06392,0.00782,0.80646,0.9057,0.39808
trial_000320,SUBJ_017,35,875,925,4.62,1,fist_clench,0.9987,1,fist_clench,True,0.06237,0.01396,0.72186,0.8263,0.34521
trial_000320,SUBJ_017,36,900,950,4.745,1,fist_clench,0.9988,1,fist_clench,True,0.05913,0.018,0.63571,0.74046,0.29496
trial_000320,SUBJ_017,37,925,975,4.87,1,fist_clench,0.9989,1,fist_clench,True,0.05439,0.02003,0.54923,0.64977,0.24773
trial_000320,SUBJ_017,38,950,1000,4.995,1,fist_clench,0.9989,1,fist_clench,True,0.04849,0.02038,0.46395,0.55663,0.20377
trial_000320,SUBJ_017,39,975,1025,5.12,1,fist_clench,0.9989,1,fist_clench,True,0.04178,0.01936,0.38138,0.4634,0.16336
trial_000320,SUBJ_017,40,1000,1050,5.245,1,fist_clench,0.9988,1,fist_clench,True,0.03461,0.01729,0.30302,0.37247,0.12677
trial_000320,SUBJ_017,41,1025,1075,5.37,1,fist_clench,0.9988,1,fist_clench,True,0.0273,0.01449,0.23041,0.28621,0.09427
trial_000320,SUBJ_017,42,1050,1100,5.495,1,fist_clench,0.9988,1,fist_clench,True,0.02021,0.01127,0.16505,0.20701,0.06612
trial_000320,SUBJ_017,43,1075,1125,5.62,1,fist_clench,0.9988,1,fist_clench,True,0.01368,0.00795,0.10845,0.13724,0.04258
trial_000320,SUBJ_017,44,1100,1150,5.745,1,fist_clench,0.9987,1,fist_clench,True,0.00805,0.00484,0.06214,0.07929,0.02394
trial_000320,SUBJ_017,45,1125,1175,5.87,1,fist_clench,0.9983,1,fist_clench,True,0.00367,0.00227,0.02763,0.03553,0.01045
trial_000320,SUBJ_017,46,1150,1200,5.995,1,fist_clench,0.9881,1,fist_clench,True,0.00087,0.00056,0.00644,0.00834,0.00239
trial_000321,SUBJ_017,0,0,50,0.245,1,fist_clench,0.9955,1,fist_clench,True,-0.0004,0.00555,0.05915,0.07114,0.0364
trial_000321,SUBJ_017,1,25,75,0.37,1,fist_clench,0.9984,1,fist_clench,True,-0.00087,0.01169,0.12873,0.15446,0.07939
trial_000321,SUBJ_017,2,50,100,0.495,1,fist_clench,0.9984,1,fist_clench,True,-0.00146,0.01918,0.21936,0.26249,0.13556
trial_000321,SUBJ_017,3,75,125,0.62,1,fist_clench,0.9983,1,fist_clench,True,-0.00214,0.02735,0.32679,0.3899,0.20244
trial_000321,SUBJ_017,4,100,150,0.745,1,fist_clench,0.9983,1,fist_clench,True,-0.00287,0.03554,0.44681,0.53135,0.27753
trial_000321,SUBJ_017,5,125,175,0.87,1,fist_clench,0.9984,1,fist_clench,True,-0.00363,0.04308,0.57518,0.68149,0.35833
trial_000321,SUBJ_017,6,150,200,0.995,1,fist_clench,0.9985,1,fist_clench,True,-0.00436,0.0493,0.70768,0.83499,0.44235
trial_000321,SUBJ_017,7,175,225,1.12,1,fist_clench,0.9985,1,fist_clench,True,-0.00504,0.05353,0.84008,0.9865,0.52709
trial_000321,SUBJ_017,8,200,250,1.245,1,fist_clench,0.9986,1,fist_clench,True,-0.00563,0.05511,0.96814,1.13068,0.61005
trial_000321,SUBJ_017,9,225,275,1.37,1,fist_clench,0.9985,1,fist_clench,True,-0.00609,0.05337,1.08764,1.2622,0.68875
trial_000321,SUBJ_017,10,250,300,1.495,1,fist_clench,0.9983,1,fist_clench,True,-0.00638,0.04764,1.19436,1.37571,0.76069
trial_000321,SUBJ_017,11,275,325,1.62,1,fist_clench,0.9981,1,fist_clench,True,-0.0065,0.03769,1.28565,1.46804,0.82419
trial_000321,SUBJ_017,12,300,350,1.745,1,fist_clench,0.998,1,fist_clench,True,-0.00646,0.02418,1.36201,1.5403,0.87921
trial_000321,SUBJ_017,13,325,375,1.87,1,fist_clench,0.9979,1,fist_clench,True,-0.00628,0.00786,1.42437,1.59415,0.92593
trial_000321,SUBJ_017,14,350,400,1.995,1,fist_clench,0.9979,1,fist_clench,True,-0.006,-0.0105,1.47361,1.63125,0.9645
trial_000321,SUBJ_017,15,375,425,2.12,1,fist_clench,0.998,1,fist_clench,True,-0.00563,-0.03015,1.51066,1.65327,0.99509
trial_000321,SUBJ_017,16,400,450,2.245,1,fist_clench,0.998,1,fist_clench,True,-0.00521,-0.05033,1.53641,1.66185,1.01787
trial_000321,SUBJ_017,17,425,475,2.37,1,fist_clench,0.998,1,fist_clench,True,-0.00476,-0.07027,1.55177,1.65866,1.033
trial_000321,SUBJ_017,18,450,500,2.495,1,fist_clench,0.9974,1,fist_clench,True,-0.0043,-0.08923,1.55764,1.64535,1.04065
trial_000321,SUBJ_017,19,475,525,2.62,1,fist_clench,0.9952,1,fist_clench,True,-0.00387,-0.10643,1.55494,1.62358,1.04098
trial_000321,SUBJ_017,20,500,550,2.745,1,fist_clench,0.9801,1,fist_clench,True,-0.00349,-0.12112,1.54457,1.59502,1.03415
trial_000321,SUBJ_017,21,525,575,2.87,1,fist_clench,0.9661,1,fist_clench,True,-0.00318,-0.13255,1.52743,1.56132,1.02034
trial_000321,SUBJ_017,22,550,600,2.995,1,fist_clench,0.9938,1,fist_clench,True,-0.00298,-0.13995,1.50444,1.52413,0.99971
trial_000321,SUBJ_017,23,575,625,3.12,1,fist_clench,0.9983,1,fist_clench,True,-0.0029,-0.14259,1.47646,1.48507,0.97243
trial_000321,SUBJ_017,24,600,650,3.245,1,fist_clench,0.9988,1,fist_clench,True,-0.00294,-0.14046,1.44395,1.44472,0.93896
trial_000321,SUBJ_017,25,625,675,3.37,1,fist_clench,0.9986,1,fist_clench,True,-0.00309,-0.13422,1.40691,1.40274,0.90001
trial_000321,SUBJ_017,26,650,700,3.495,1,fist_clench,0.9983,1,fist_clench,True,-0.00332,-0.12451,1.36533,1.35873,0.85628
trial_000321,SUBJ_017,27,675,725,3.62,1,fist_clench,0.998,1,fist_clench,True,-0.00361,-0.11202,1.31923,1.3123,0.8085
trial_000321,SUBJ_017,28,700,750,3.745,1,fist_clench,0.9974,1,fist_clench,True,-0.00393,-0.09741,1.2686,1.26307,0.75738
trial_000321,SUBJ_017,29,725,775,3.87,1,fist_clench,0.9972,1,fist_clench,True,-0.00426,-0.08135,1.21343,1.21064,0.70363
trial_000321,SUBJ_017,30,750,800,3.995,1,fist_clench,0.9971,1,fist_clench,True,-0.00458,-0.06452,1.15374,1.15462,0.64798
trial_000321,SUBJ_017,31,775,825,4.12,1,fist_clench,0.9973,1,fist_clench,True,-0.00486,-0.04757,1.0895,1.09462,0.59113
trial_000321,SUBJ_017,32,800,850,4.245,1,fist_clench,0.9974,1,fist_clench,True,-0.00508,-0.03118,1.02074,1.03025,0.5338
trial_000321,SUBJ_017,33,825,875,4.37,1,fist_clench,0.9976,1,fist_clench,True,-0.00522,-0.01602,0.94743,0.96113,0.4767
trial_000321,SUBJ_017,34,850,900,4.495,1,fist_clench,0.9978,1,fist_clench,True,-0.00526,-0.00275,0.86959,0.88686,0.42056
trial_000321,SUBJ_017,35,875,925,4.62,1,fist_clench,0.9979,1,fist_clench,True,-0.00516,0.00795,0.78721,0.80705,0.36608
trial_000321,SUBJ_017,36,900,950,4.745,1,fist_clench,0.9981,1,fist_clench,True,-0.00492,0.01552,0.70048,0.72156,0.31395
trial_000321,SUBJ_017,37,925,975,4.87,1,fist_clench,0.9982,1,fist_clench,True,-0.00454,0.0201,0.61086,0.63192,0.26461
trial_000321,SUBJ_017,38,950,1000,4.995,1,fist_clench,0.9982,1,fist_clench,True,-0.00406,0.02215,0.52039,0.54037,0.2184
trial_000321,SUBJ_017,39,975,1025,5.12,1,fist_clench,0.9983,1,fist_clench,True,-0.00351,0.0221,0.43107,0.44914,0.17567
trial_000321,SUBJ_017,40,1000,1050,5.245,1,fist_clench,0.9984,1,fist_clench,True,-0.00291,0.02041,0.34492,0.36049,0.13675
trial_000321,SUBJ_017,41,1025,1075,5.37,1,fist_clench,0.9984,1,fist_clench,True,-0.0023,0.01752,0.26396,0.27665,0.102
trial_000321,SUBJ_017,42,1050,1100,5.495,1,fist_clench,0.9983,1,fist_clench,True,-0.00171,0.01388,0.19021,0.19985,0.07175
trial_000321,SUBJ_017,43,1075,1125,5.62,1,fist_clench,0.9984,1,fist_clench,True,-0.00116,0.00993,0.12567,0.13236,0.04634
trial_000321,SUBJ_017,44,1100,1150,5.745,1,fist_clench,0.9986,1,fist_clench,True,-0.00068,0.00612,0.07238,0.07639,0.02612
trial_000321,SUBJ_017,45,1125,1175,5.87,1,fist_clench,0.9987,1,fist_clench,True,-0.00031,0.0029,0.03233,0.0342,0.01144
trial_000321,SUBJ_017,46,1150,1200,5.995,1,fist_clench,0.9971,1,fist_clench,True,-7e-05,0.00072,0.00757,0.00802,0.00263
trial_000322,SUBJ_017,0,0,50,0.245,1,fist_clench,0.9935,1,fist_clench,True,-0.00095,0.00802,0.05809,0.0703,0.03691
trial_000322,SUBJ_017,1,25,75,0.37,1,fist_clench,0.9984,1,fist_clench,True,-0.00209,0.01711,0.12646,0.15261,0.08044
trial_000322,SUBJ_017,2,50,100,0.495,1,fist_clench,0.9984,1,fist_clench,True,-0.00358,0.02853,0.21556,0.25932,0.13726
trial_000322,SUBJ_017,3,75,125,0.62,1,fist_clench,0.9984,1,fist_clench,True,-0.00538,0.04148,0.32125,0.38515,0.2048
trial_000322,SUBJ_017,4,100,150,0.745,1,fist_clench,0.9984,1,fist_clench,True,-0.00743,0.05515,0.4394,0.52479,0.28049
trial_000322,SUBJ_017,5,125,175,0.87,1,fist_clench,0.9982,1,fist_clench,True,-0.00966,0.06874,0.5659,0.67297,0.36177
trial_000322,SUBJ_017,6,150,200,0.995,1,fist_clench,0.9981,1,fist_clench,True,-0.01201,0.08145,0.69661,0.82439,0.44606
trial_000322,SUBJ_017,7,175,225,1.12,1,fist_clench,0.9983,1,fist_clench,True,-0.01444,0.09248,0.82741,0.97377,0.5308
trial_000322,SUBJ_017,8,200,250,1.245,1,fist_clench,0.9985,1,fist_clench,True,-0.01687,0.10103,0.95416,1.11582,0.61342
trial_000322,SUBJ_017,9,225,275,1.37,1,fist_clench,0.9986,1,fist_clench,True,-0.01926,0.1063,1.07274,1.24524,0.69134
trial_000322,SUBJ_017,10,250,300,1.495,1,fist_clench,0.9985,1,fist_clench,True,-0.02154,0.10748,1.17904,1.35677,0.76201
trial_000322,SUBJ_017,11,275,325,1.62,1,fist_clench,0.9984,1,fist_clench,True,-0.02366,0.10423,1.27043,1.44726,0.82372
trial_000322,SUBJ_017,12,300,350,1.745,1,fist_clench,0.9983,1,fist_clench,True,-0.02557,0.09704,1.34734,1.51787,0.87651
trial_000322,SUBJ_017,13,325,375,1.87,1,fist_clench,0.9983,1,fist_clench,True,-0.02722,0.08654,1.41055,1.57032,0.92063
trial_000322,SUBJ_017,14,350,400,1.995,1,fist_clench,0.9982,1,fist_clench,True,-0.02856,0.07337,1.46088,1.60631,0.95635
trial_000322,SUBJ_017,15,375,425,2.12,1,fist_clench,0.9982,1,fist_clench,True,-0.02955,0.05813,1.4991,1.62754,0.9839
trial_000322,SUBJ_017,16,400,450,2.245,1,fist_clench,0.9983,1,fist_clench,True,-0.03013,0.04146,1.52603,1.63571,1.00356
trial_000322,SUBJ_017,17,425,475,2.37,1,fist_clench,0.9981,1,fist_clench,True,-0.03026,0.02398,1.54244,1.63253,1.01557
trial_000322,SUBJ_017,18,450,500,2.495,1,fist_clench,0.9972,1,fist_clench,True,-0.02989,0.00631,1.54914,1.61971,1.02018
trial_000322,SUBJ_017,19,475,525,2.62,1,fist_clench,0.9913,1,fist_clench,True,-0.02897,-0.01092,1.54693,1.59894,1.01766
trial_000322,SUBJ_017,20,500,550,2.745,1,fist_clench,0.9598,1,fist_clench,True,-0.02746,-0.0271,1.5366,1.57194,1.00825
trial_000322,SUBJ_017,21,525,575,2.87,1,fist_clench,0.9249,1,fist_clench,True,-0.0253,-0.04159,1.51893,1.54039,0.99221
trial_000322,SUBJ_017,22,550,600,2.995,1,fist_clench,0.9873,1,fist_clench,True,-0.02244,-0.05378,1.49474,1.50602,0.9698
trial_000322,SUBJ_017,23,575,625,3.12,1,fist_clench,0.9979,1,fist_clench,True,-0.01885,-0.06306,1.4648,1.47046,0.94128
trial_000322,SUBJ_017,24,600,650,3.245,1,fist_clench,0.9988,1,fist_clench,True,-0.01458,-0.0693,1.42958,1.43425,0.90711
trial_000322,SUBJ_017,25,625,675,3.37,1,fist_clench,0.9989,1,fist_clench,True,-0.0098,-0.07281,1.38926,1.39687,0.86796
trial_000322,SUBJ_017,26,650,700,3.495,1,fist_clench,0.9988,1,fist_clench,True,-0.00468,-0.07389,1.34402,1.35778,0.8245
trial_000322,SUBJ_017,27,675,725,3.62,1,fist_clench,0.9987,1,fist_clench,True,0.00064,-0.07288,1.29403,1.31644,0.7774
trial_000322,SUBJ_017,28,700,750,3.745,1,fist_clench,0.9986,1,fist_clench,True,0.00597,-0.0701,1.23946,1.27228,0.72731
trial_000322,SUBJ_017,29,725,775,3.87,1,fist_clench,0.9983,1,fist_clench,True,0.01116,-0.06585,1.18048,1.22477,0.67491
trial_000322,SUBJ_017,30,750,800,3.995,1,fist_clench,0.9982,1,fist_clench,True,0.01605,-0.06046,1.11728,1.17335,0.62086
trial_000322,SUBJ_017,31,775,825,4.12,1,fist_clench,0.9981,1,fist_clench,True,0.02046,-0.05425,1.05001,1.11748,0.56583
trial_000322,SUBJ_017,32,800,850,4.245,1,fist_clench,0.9981,1,fist_clench,True,0.02423,-0.04753,0.97886,1.0566,0.51049
trial_000322,SUBJ_017,33,825,875,4.37,1,fist_clench,0.9981,1,fist_clench,True,0.0272,-0.04064,0.90399,0.99017,0.45551
trial_000322,SUBJ_017,34,850,900,4.495,1,fist_clench,0.9981,1,fist_clench,True,0.02921,-0.03388,0.82559,0.91764,0.40155
trial_000322,SUBJ_017,35,875,925,4.62,1,fist_clench,0.9982,1,fist_clench,True,0.03009,-0.02757,0.74381,0.83846,0.34928
trial_000322,SUBJ_017,36,900,950,4.745,1,fist_clench,0.9982,1,fist_clench,True,0.02971,-0.02201,0.65899,0.75236,0.29933
trial_000322,SUBJ_017,37,925,975,4.87,1,fist_clench,0.9982,1,fist_clench,True,0.02819,-0.01723,0.57245,0.661,0.25212
trial_000322,SUBJ_017,38,950,1000,4.995,1,fist_clench,0.9983,1,fist_clench,True,0.02576,-0.01317,0.48596,0.56684,0.20796
trial_000322,SUBJ_017,39,975,1025,5.12,1,fist_clench,0.9983,1,fist_clench,True,0.02265,-0.00979,0.40127,0.47234,0.16717
trial_000322,SUBJ_017,40,1000,1050,5.245,1,fist_clench,0.9983,1,fist_clench,True,0.01907,-0.00701,0.32015,0.37997,0.13006
trial_000322,SUBJ_017,41,1025,1075,5.37,1,fist_clench,0.9983,1,fist_clench,True,0.01525,-0.0048,0.24436,0.2922,0.09695
trial_000322,SUBJ_017,42,1050,1100,5.495,1,fist_clench,0.9983,1,fist_clench,True,0.01143,-0.00308,0.17565,0.21148,0.06816
trial_000322,SUBJ_017,43,1075,1125,5.62,1,fist_clench,0.9985,1,fist_clench,True,0.00781,-0.00181,0.1158,0.1403,0.044
trial_000322,SUBJ_017,44,1100,1150,5.745,1,fist_clench,0.9985,1,fist_clench,True,0.00464,-0.00092,0.06655,0.0811,0.02479
trial_000322,SUBJ_017,45,1125,1175,5.87,1,fist_clench,0.9987,1,fist_clench,True,0.00213,-0.00036,0.02968,0.03636,0.01085
trial_000322,SUBJ_017,46,1150,1200,5.995,1,fist_clench,0.9969,1,fist_clench,True,0.00051,-7e-05,0.00693,0.00853,0.00249
trial_000323,SUBJ_017,0,0,50,0.245,1,fist_clench,0.9749,1,fist_clench,True,-0.00144,0.01386,0.05899,0.06832,0.03505
trial_000323,SUBJ_017,1,25,75,0.37,1,fist_clench,0.9954,1,fist_clench,True,-0.0031,0.02956,0.1284,0.14841,0.07652
trial_000323,SUBJ_017,2,50,100,0.495,1,fist_clench,0.9971,1,fist_clench,True,-0.0052,0.04924,0.21881,0.25238,0.13083
trial_000323,SUBJ_017,3,75,125,0.62,1,fist_clench,0.9959,1,fist_clench,True,-0.00761,0.0715,0.32602,0.37515,0.19564
trial_000323,SUBJ_017,4,100,150,0.745,1,fist_clench,0.9911,1,fist_clench,True,-0.01021,0.09494,0.44582,0.51166,0.2686
trial_000323,SUBJ_017,5,125,175,0.87,1,fist_clench,0.9691,1,fist_clench,True,-0.01285,0.11815,0.57401,0.65684,0.34737
trial_000323,SUBJ_017,6,150,200,0.995,1,fist_clench,0.9221,1,fist_clench,True,-0.01541,0.13975,0.70637,0.80561,0.4296
trial_000323,SUBJ_017,7,175,225,1.12,1,fist_clench,0.923,1,fist_clench,True,-0.01774,0.15832,0.8387,0.95291,0.51295
trial_000323,SUBJ_017,8,200,250,1.245,1,fist_clench,0.9345,1,fist_clench,True,-0.01973,0.17246,0.96679,1.09366,0.59508
trial_000323,SUBJ_017,9,225,275,1.37,1,fist_clench,0.9716,1,fist_clench,True,-0.02124,0.18078,1.08643,1.22281,0.67364
trial_000323,SUBJ_017,10,250,300,1.495,1,fist_clench,0.9866,1,fist_clench,True,-0.02213,0.18188,1.19343,1.33529,0.7463
trial_000323,SUBJ_017,11,275,325,1.62,1,fist_clench,0.9938,1,fist_clench,True,-0.02233,0.17513,1.28513,1.42802,0.81141
trial_000323,SUBJ_017,12,300,350,1.745,1,fist_clench,0.9964,1,fist_clench,True,-0.02189,0.16149,1.36198,1.50193,0.8688
trial_000323,SUBJ_017,13,325,375,1.87,1,fist_clench,0.9968,1,fist_clench,True,-0.02089,0.14212,1.42483,1.55845,0.91846
trial_000323,SUBJ_017,14,350,400,1.995,1,fist_clench,0.9968,1,fist_clench,True,-0.01939,0.11815,1.47452,1.59899,0.96036
trial_000323,SUBJ_017,15,375,425,2.12,1,fist_clench,0.9967,1,fist_clench,True,-0.01744,0.09075,1.5119,1.62499,0.99451
trial_000323,SUBJ_017,16,400,450,2.245,1,fist_clench,0.9963,1,fist_clench,True,-0.01513,0.06106,1.53781,1.63786,1.02089
trial_000323,SUBJ_017,17,425,475,2.37,1,fist_clench,0.9958,1,fist_clench,True,-0.01252,0.03022,1.5531,1.63902,1.03949
trial_000323,SUBJ_017,18,450,500,2.495,1,fist_clench,0.9952,1,fist_clench,True,-0.00968,-0.0006,1.5586,1.6299,1.0503
trial_000323,SUBJ_017,19,475,525,2.62,1,fist_clench,0.9944,1,fist_clench,True,-0.00666,-0.03027,1.55516,1.61193,1.0533
trial_000323,SUBJ_017,20,500,550,2.745,1,fist_clench,0.9929,1,fist_clench,True,-0.00354,-0.05763,1.54363,1.58651,1.04849
trial_000323,SUBJ_017,21,525,575,2.87,1,fist_clench,0.9891,1,fist_clench,True,-0.00039,-0.08154,1.52484,1.55508,1.03586
trial_000323,SUBJ_017,22,550,600,2.995,1,fist_clench,0.9905,1,fist_clench,True,0.00274,-0.10084,1.49965,1.51907,1.01538
trial_000323,SUBJ_017,23,575,625,3.12,1,fist_clench,0.9979,1,fist_clench,True,0.00576,-0.11444,1.46887,1.47984,0.98709
trial_000323,SUBJ_017,24,600,650,3.245,1,fist_clench,0.9988,1,fist_clench,True,0.00864,-0.12214,1.433,1.43801,0.95144
trial_000323,SUBJ_017,25,625,675,3.37,1,fist_clench,0.9988,1,fist_clench,True,0.01135,-0.12461,1.39219,1.39345,0.90936
trial_000323,SUBJ_017,26,650,700,3.495,1,fist_clench,0.9985,1,fist_clench,True,0.01384,-0.12257,1.34659,1.34602,0.86175
trial_000323,SUBJ_017,27,675,725,3.62,1,fist_clench,0.9981,1,fist_clench,True,0.01609,-0.1167,1.29637,1.29555,0.80956
trial_000323,SUBJ_017,28,700,750,3.745,1,fist_clench,0.9977,1,fist_clench,True,0.01807,-0.10771,1.24167,1.24191,0.75369
trial_000323,SUBJ_017,29,725,775,3.87,1,fist_clench,0.9975,1,fist_clench,True,0.01975,-0.09631,1.18264,1.18495,0.69507
trial_000323,SUBJ_017,30,750,800,3.995,1,fist_clench,0.9973,1,fist_clench,True,0.02108,-0.0832,1.11943,1.1245,0.63463
trial_000323,SUBJ_017,31,775,825,4.12,1,fist_clench,0.9973,1,fist_clench,True,0.02205,-0.06907,1.0522,1.06042,0.57329
trial_000323,SUBJ_017,32,800,850,4.245,1,fist_clench,0.9973,1,fist_clench,True,0.02262,-0.05463,0.9811,0.99257,0.51198
trial_000323,SUBJ_017,33,825,875,4.37,1,fist_clench,0.9975,1,fist_clench,True,0.02276,-0.04059,0.90627,0.92079,0.45161
trial_000323,SUBJ_017,34,850,900,4.495,1,fist_clench,0.9978,1,fist_clench,True,0.02243,-0.02764,0.82788,0.84492,0.39312
trial_000323,SUBJ_017,35,875,925,4.62,1,fist_clench,0.9979,1,fist_clench,True,0.02161,-0.01648,0.74607,0.76483,0.33741
trial_000323,SUBJ_017,36,900,950,4.745,1,fist_clench,0.9981,1,fist_clench,True,0.02027,-0.00773,0.66115,0.68055,0.28536
trial_000323,SUBJ_017,37,925,975,4.87,1,fist_clench,0.9982,1,fist_clench,True,0.01849,-0.00134,0.57446,0.59348,0.23727
trial_000323,SUBJ_017,38,950,1000,4.995,1,fist_clench,0.9983,1,fist_clench,True,0.01637,0.00299,0.48776,0.50558,0.19328
trial_000323,SUBJ_017,39,975,1025,5.12,1,fist_clench,0.9984,1,fist_clench,True,0.01402,0.00556,0.40283,0.4188,0.15348
trial_000323,SUBJ_017,40,1000,1050,5.245,1,fist_clench,0.9984,1,fist_clench,True,0.01156,0.00669,0.32145,0.3351,0.11801
trial_000323,SUBJ_017,41,1025,1075,5.37,1,fist_clench,0.9985,1,fist_clench,True,0.00908,0.00668,0.24538,0.25644,0.08696
trial_000323,SUBJ_017,42,1050,1100,5.495,1,fist_clench,0.9985,1,fist_clench,True,0.0067,0.00584,0.17642,0.18478,0.06045
trial_000323,SUBJ_017,43,1075,1125,5.62,1,fist_clench,0.9986,1,fist_clench,True,0.00452,0.00449,0.11631,0.12209,0.0386
trial_000323,SUBJ_017,44,1100,1150,5.745,1,fist_clench,0.9987,1,fist_clench,True,0.00265,0.00291,0.06686,0.07031,0.02152
trial_000323,SUBJ_017,45,1125,1175,5.87,1,fist_clench,0.9986,1,fist_clench,True,0.00121,0.00144,0.02982,0.03141,0.00932
trial_000323,SUBJ_017,46,1150,1200,5.995,1,fist_clench,0.9924,1,fist_clench,True,0.00029,0.00037,0.00697,0.00735,0.00212
trial_000324,SUBJ_017,0,0,50,0.245,1,fist_clench,0.9887,1,fist_clench,True,0.00237,0.00819,0.05794,0.07049,0.03906
trial_000324,SUBJ_017,1,25,75,0.37,1,fist_clench,0.9975,1,fist_clench,True,0.00512,0.01743,0.12617,0.15298,0.08513
trial_000324,SUBJ_017,2,50,100,0.495,1,fist_clench,0.9981,1,fist_clench,True,0.00867,0.02894,0.21514,0.25989,0.14527
trial_000324,SUBJ_017,3,75,125,0.62,1,fist_clench,0.9979,1,fist_clench,True,0.01282,0.04188,0.32075,0.38588,0.21676
trial_000324,SUBJ_017,4,100,150,0.745,1,fist_clench,0.997,1,fist_clench,True,0.01738,0.05536,0.43892,0.52562,0.2969
trial_000324,SUBJ_017,5,125,175,0.87,1,fist_clench,0.9944,1,fist_clench,True,0.02217,0.06854,0.56556,0.67381,0.38297
trial_000324,SUBJ_017,6,150,200,0.995,1,fist_clench,0.9877,1,fist_clench,True,0.02698,0.08056,0.69658,0.82509,0.47224
trial_000324,SUBJ_017,7,175,225,1.12,1,fist_clench,0.9879,1,fist_clench,True,0.03163,0.09054,0.82789,0.97416,0.56201
trial_000324,SUBJ_017,8,200,250,1.245,1,fist_clench,0.9908,1,fist_clench,True,0.03593,0.09764,0.9554,1.11569,0.64956
trial_000324,SUBJ_017,9,225,275,1.37,1,fist_clench,0.9924,1,fist_clench,True,0.03969,0.10098,1.07503,1.24434,0.73218
trial_000324,SUBJ_017,10,250,300,1.495,1,fist_clench,0.9948,1,fist_clench,True,0.04272,0.09972,1.1827,1.35481,0.80715
trial_000324,SUBJ_017,11,275,325,1.62,1,fist_clench,0.9964,1,fist_clench,True,0.0449,0.09348,1.2758,1.44394,0.87265
trial_000324,SUBJ_017,12,300,350,1.745,1,fist_clench,0.9972,1,fist_clench,True,0.04628,0.08292,1.3547,1.51297,0.92869
trial_000324,SUBJ_017,13,325,375,1.87,1,fist_clench,0.9976,1,fist_clench,True,0.04693,0.06882,1.42016,1.56368,0.9755
trial_000324,SUBJ_017,14,350,400,1.995,1,fist_clench,0.9977,1,fist_clench,True,0.04691,0.05193,1.47293,1.59784,1.01328
trial_000324,SUBJ_017,15,375,425,2.12,1,fist_clench,0.9978,1,fist_clench,True,0.04627,0.03305,1.51374,1.61723,1.04226
trial_000324,SUBJ_017,16,400,450,2.245,1,fist_clench,0.9978,1,fist_clench,True,0.0451,0.01294,1.54336,1.62361,1.06266
trial_000324,SUBJ_017,17,425,475,2.37,1,fist_clench,0.9976,1,fist_clench,True,0.04344,-0.00763,1.56251,1.61877,1.07471
trial_000324,SUBJ_017,18,450,500,2.495,1,fist_clench,0.9971,1,fist_clench,True,0.04137,-0.02788,1.57196,1.60447,1.07863
trial_000324,SUBJ_017,19,475,525,2.62,1,fist_clench,0.9949,1,fist_clench,True,0.03895,-0.04704,1.57244,1.58249,1.07464
trial_000324,SUBJ_017,20,500,550,2.745,1,fist_clench,0.9862,1,fist_clench,True,0.03624,-0.06433,1.56471,1.55461,1.06295
trial_000324,SUBJ_017,21,525,575,2.87,1,fist_clench,0.9651,1,fist_clench,True,0.03331,-0.07899,1.5495,1.5226,1.04379
trial_000324,SUBJ_017,22,550,600,2.995,1,fist_clench,0.9709,1,fist_clench,True,0.03022,-0.09024,1.52757,1.48823,1.01739
trial_000324,SUBJ_017,23,575,625,3.12,1,fist_clench,0.9967,1,fist_clench,True,0.02704,-0.09734,1.49966,1.45321,0.98397
trial_000324,SUBJ_017,24,600,650,3.245,1,fist_clench,0.9988,1,fist_clench,True,0.02381,-0.10019,1.46618,1.41808,0.9441
trial_000324,SUBJ_017,25,625,675,3.37,1,fist_clench,0.9989,1,fist_clench,True,0.02058,-0.09932,1.42733,1.38222,0.89861
trial_000324,SUBJ_017,26,650,700,3.495,1,fist_clench,0.9988,1,fist_clench,True,0.01738,-0.09526,1.38324,1.34502,0.84838
trial_000324,SUBJ_017,27,675,725,3.62,1,fist_clench,0.9986,1,fist_clench,True,0.01426,-0.08856,1.33407,1.30582,0.79425
trial_000324,SUBJ_017,28,700,750,3.745,1,fist_clench,0.9985,1,fist_clench,True,0.01125,-0.07974,1.27999,1.26399,0.73708
trial_000324,SUBJ_017,29,725,775,3.87,1,fist_clench,0.9983,1,fist_clench,True,0.00839,-0.06936,1.22114,1.21891,0.67773
trial_000324,SUBJ_017,30,750,800,3.995,1,fist_clench,0.9981,1,fist_clench,True,0.00573,-0.05794,1.15768,1.16992,0.61707
trial_000324,SUBJ_017,31,775,825,4.12,1,fist_clench,0.9981,1,fist_clench,True,0.0033,-0.04602,1.08977,1.1164,0.55594
trial_000324,SUBJ_017,32,800,850,4.245,1,fist_clench,0.998,1,fist_clench,True,0.00114,-0.03415,1.01755,1.0577,0.49521
trial_000324,SUBJ_017,33,825,875,4.37,1,fist_clench,0.998,1,fist_clench,True,-0.00071,-0.02287,0.9412,0.9932,0.43574
trial_000324,SUBJ_017,34,850,900,4.495,1,fist_clench,0.998,1,fist_clench,True,-0.00221,-0.0127,0.86085,0.92225,0.37838
trial_000324,SUBJ_017,35,875,925,4.62,1,fist_clench,0.9981,1,fist_clench,True,-0.00333,-0.0042,0.77668,0.84422,0.32398
trial_000324,SUBJ_017,36,900,950,4.745,1,fist_clench,0.9981,1,fist_clench,True,-0.00402,0.00218,0.68899,0.75877,0.27335
trial_000324,SUBJ_017,37,925,975,4.87,1,fist_clench,0.9981,1,fist_clench,True,-0.00433,0.00651,0.5992,0.66758,0.22676
trial_000324,SUBJ_017,38,950,1000,4.995,1,fist_clench,0.9982,1,fist_clench,True,-0.00432,0.00907,0.50919,0.57321,0.18429
trial_000324,SUBJ_017,39,975,1025,5.12,1,fist_clench,0.9982,1,fist_clench,True,-0.00405,0.01014,0.42085,0.47819,0.14601
trial_000324,SUBJ_017,40,1000,1050,5.245,1,fist_clench,0.9982,1,fist_clench,True,-0.00359,0.01003,0.33606,0.38506,0.11201
trial_000324,SUBJ_017,41,1025,1075,5.37,1,fist_clench,0.9981,1,fist_clench,True,-0.00298,0.00901,0.2567,0.29638,0.08236
trial_000324,SUBJ_017,42,1050,1100,5.495,1,fist_clench,0.9982,1,fist_clench,True,-0.00231,0.00737,0.18466,0.21469,0.05713
trial_000324,SUBJ_017,43,1075,1125,5.62,1,fist_clench,0.9983,1,fist_clench,True,-0.00162,0.0054,0.12182,0.14253,0.0364
trial_000324,SUBJ_017,44,1100,1150,5.745,1,fist_clench,0.9984,1,fist_clench,True,-0.00098,0.00339,0.07005,0.08245,0.02025
trial_000324,SUBJ_017,45,1125,1175,5.87,1,fist_clench,0.9985,1,fist_clench,True,-0.00046,0.00163,0.03126,0.03698,0.00875
trial_000324,SUBJ_017,46,1150,1200,5.995,1,fist_clench,0.9973,1,fist_clench,True,-0.00011,0.00041,0.00731,0.00869,0.00198
trial_000325,SUBJ_017,0,0,50,0.245,2,pinch_precision,0.998,2,pinch_precision,True,0.00504,0.0082,0.02033,0.01421,0.00857
trial_000325,SUBJ_017,1,25,75,0.37,2,pinch_precision,0.9987,2,pinch_precision,True,0.01109,0.01799,0.04477,0.0313,0.01891
trial_000325,SUBJ_017,2,50,100,0.495,2,pinch_precision,0.9987,2,pinch_precision,True,0.01913,0.03095,0.0773,0.05404,0.03269
trial_000325,SUBJ_017,3,75,125,0.62,2,pinch_precision,0.9987,2,pinch_precision,True,0.02887,0.04659,0.11683,0.08169,0.04948
trial_000325,SUBJ_017,4,100,150,0.745,2,pinch_precision,0.9986,2,pinch_precision,True,0.04006,0.06444,0.16226,0.11348,0.06883
trial_000325,SUBJ_017,5,125,175,0.87,2,pinch_precision,0.9985,2,pinch_precision,True,0.0524,0.084,0.21252,0.14865,0.0903
trial_000325,SUBJ_017,6,150,200,0.995,2,pinch_precision,0.9983,2,pinch_precision,True,0.06562,0.10482,0.26651,0.18647,0.11346
trial_000325,SUBJ_017,7,175,225,1.12,2,pinch_precision,0.9982,2,pinch_precision,True,0.07945,0.1264,0.32317,0.22616,0.13785
trial_000325,SUBJ_017,8,200,250,1.245,2,pinch_precision,0.9981,2,pinch_precision,True,0.0936,0.14826,0.38139,0.26698,0.16305
trial_000325,SUBJ_017,9,225,275,1.37,2,pinch_precision,0.998,2,pinch_precision,True,0.10781,0.16993,0.4401,0.30816,0.1886
trial_000325,SUBJ_017,10,250,300,1.495,2,pinch_precision,0.9981,2,pinch_precision,True,0.1218,0.19093,0.49821,0.34896,0.21407
trial_000325,SUBJ_017,11,275,325,1.62,2,pinch_precision,0.9981,2,pinch_precision,True,0.13529,0.21078,0.55463,0.38863,0.23901
trial_000325,SUBJ_017,12,300,350,1.745,2,pinch_precision,0.9981,2,pinch_precision,True,0.148,0.229,0.60829,0.42639,0.26299
trial_000325,SUBJ_017,13,325,375,1.87,2,pinch_precision,0.9982,2,pinch_precision,True,0.15966,0.24512,0.65809,0.46151,0.28556
trial_000325,SUBJ_017,14,350,400,1.995,2,pinch_precision,0.9984,2,pinch_precision,True,0.17009,0.25884,0.70331,0.49346,0.30641
trial_000325,SUBJ_017,15,375,425,2.12,2,pinch_precision,0.9984,2,pinch_precision,True,0.17927,0.27021,0.74376,0.52212,0.32542
trial_000325,SUBJ_017,16,400,450,2.245,2,pinch_precision,0.9986,2,pinch_precision,True,0.18718,0.27931,0.77933,0.54739,0.34249
trial_000325,SUBJ_017,17,425,475,2.37,2,pinch_precision,0.9987,2,pinch_precision,True,0.19383,0.28621,0.80991,0.56919,0.35754
trial_000325,SUBJ_017,18,450,500,2.495,2,pinch_precision,0.9988,2,pinch_precision,True,0.19919,0.29098,0.83539,0.58742,0.37045
trial_000325,SUBJ_017,19,475,525,2.62,2,pinch_precision,0.9989,2,pinch_precision,True,0.20327,0.2937,0.85564,0.602,0.38114
trial_000325,SUBJ_017,20,500,550,2.745,2,pinch_precision,0.9989,2,pinch_precision,True,0.20606,0.29444,0.87056,0.61284,0.38951
trial_000325,SUBJ_017,21,525,575,2.87,2,pinch_precision,0.9987,2,pinch_precision,True,0.20755,0.29328,0.88002,0.61984,0.39547
trial_000325,SUBJ_017,22,550,600,2.995,2,pinch_precision,0.9982,2,pinch_precision,True,0.20773,0.29029,0.88392,0.62292,0.39891
trial_000325,SUBJ_017,23,575,625,3.12,2,pinch_precision,0.9956,2,pinch_precision,True,0.20659,0.28553,0.88213,0.62199,0.39975
trial_000325,SUBJ_017,24,600,650,3.245,2,pinch_precision,0.9919,2,pinch_precision,True,0.20412,0.2791,0.87455,0.61696,0.39789
trial_000325,SUBJ_017,25,625,675,3.37,2,pinch_precision,0.9938,2,pinch_precision,True,0.20033,0.27106,0.86106,0.60773,0.39322
trial_000325,SUBJ_017,26,650,700,3.495,2,pinch_precision,0.998,2,pinch_precision,True,0.19519,0.26148,0.84154,0.59423,0.38566
trial_000325,SUBJ_017,27,675,725,3.62,2,pinch_precision,0.9988,2,pinch_precision,True,0.18871,0.25044,0.81588,0.57635,0.37512
trial_000325,SUBJ_017,28,700,750,3.745,2,pinch_precision,0.9987,2,pinch_precision,True,0.18088,0.23801,0.78401,0.55404,0.3615
trial_000325,SUBJ_017,29,725,775,3.87,2,pinch_precision,0.9984,2,pinch_precision,True,0.17182,0.22436,0.74636,0.5276,0.34502
trial_000325,SUBJ_017,30,750,800,3.995,2,pinch_precision,0.9981,2,pinch_precision,True,0.16168,0.20968,0.70374,0.49762,0.32605
trial_000325,SUBJ_017,31,775,825,4.12,2,pinch_precision,0.9979,2,pinch_precision,True,0.15066,0.19418,0.65695,0.46466,0.30499
trial_000325,SUBJ_017,32,800,850,4.245,2,pinch_precision,0.9979,2,pinch_precision,True,0.13894,0.17806,0.6068,0.42929,0.28222
trial_000325,SUBJ_017,33,825,875,4.37,2,pinch_precision,0.9978,2,pinch_precision,True,0.12668,0.16152,0.5541,0.39209,0.25814
trial_000325,SUBJ_017,34,850,900,4.495,2,pinch_precision,0.9978,2,pinch_precision,True,0.11408,0.14476,0.49966,0.35364,0.23312
trial_000325,SUBJ_017,35,875,925,4.62,2,pinch_precision,0.9979,2,pinch_precision,True,0.10131,0.128,0.44427,0.31449,0.20756
trial_000325,SUBJ_017,36,900,950,4.745,2,pinch_precision,0.998,2,pinch_precision,True,0.08855,0.11143,0.38875,0.27524,0.18185
trial_000325,SUBJ_017,37,925,975,4.87,2,pinch_precision,0.9981,2,pinch_precision,True,0.07598,0.09525,0.33391,0.23644,0.15638
trial_000325,SUBJ_017,38,950,1000,4.995,2,pinch_precision,0.9982,2,pinch_precision,True,0.06378,0.07967,0.28055,0.19869,0.13153
trial_000325,SUBJ_017,39,975,1025,5.12,2,pinch_precision,0.9983,2,pinch_precision,True,0.05212,0.0649,0.22947,0.16254,0.10769
trial_000325,SUBJ_017,40,1000,1050,5.245,2,pinch_precision,0.9984,2,pinch_precision,True,0.04119,0.05113,0.18149,0.12857,0.08525
trial_000325,SUBJ_017,41,1025,1075,5.37,2,pinch_precision,0.9981,2,pinch_precision,True,0.03116,0.03858,0.13741,0.09735,0.0646
trial_000325,SUBJ_017,42,1050,1100,5.495,2,pinch_precision,0.9958,2,pinch_precision,True,0.02222,0.02743,0.09804,0.06947,0.04613
trial_000325,SUBJ_017,43,1075,1125,5.62,2,pinch_precision,0.9832,2,pinch_precision,True,0.01454,0.0179,0.06419,0.04548,0.03022
trial_000325,SUBJ_017,44,1100,1150,5.745,2,pinch_precision,0.9368,2,pinch_precision,True,0.00829,0.01019,0.03665,0.02597,0.01727
trial_000325,SUBJ_017,45,1125,1175,5.87,2,pinch_precision,0.8897,2,pinch_precision,True,0.00367,0.0045,0.01624,0.01151,0.00766
trial_000325,SUBJ_017,46,1150,1200,5.995,2,pinch_precision,0.9462,2,pinch_precision,True,0.00085,0.00104,0.00377,0.00267,0.00178
trial_000326,SUBJ_017,0,0,50,0.245,2,pinch_precision,0.9983,2,pinch_precision,True,0.00685,0.00967,0.02448,0.01568,0.00686
trial_000326,SUBJ_017,1,25,75,0.37,2,pinch_precision,0.9987,2,pinch_precision,True,0.01499,0.02122,0.05374,0.03447,0.01515
trial_000326,SUBJ_017,2,50,100,0.495,2,pinch_precision,0.9986,2,pinch_precision,True,0.0257,0.03649,0.09242,0.05938,0.02622
trial_000326,SUBJ_017,3,75,125,0.62,2,pinch_precision,0.9984,2,pinch_precision,True,0.03854,0.05491,0.1391,0.08955,0.03974
trial_000326,SUBJ_017,4,100,150,0.745,2,pinch_precision,0.998,2,pinch_precision,True,0.0531,0.07591,0.19233,0.12408,0.05536
trial_000326,SUBJ_017,5,125,175,0.87,2,pinch_precision,0.9975,2,pinch_precision,True,0.06892,0.09893,0.25068,0.1621,0.07273
trial_000326,SUBJ_017,6,150,200,0.995,2,pinch_precision,0.997,2,pinch_precision,True,0.08559,0.1234,0.31272,0.20272,0.09153
trial_000326,SUBJ_017,7,175,225,1.12,2,pinch_precision,0.9969,2,pinch_precision,True,0.10267,0.14874,0.37699,0.24507,0.1114
trial_000326,SUBJ_017,8,200,250,1.245,2,pinch_precision,0.997,2,pinch_precision,True,0.11973,0.17439,0.44208,0.28826,0.13201
trial_000326,SUBJ_017,9,225,275,1.37,2,pinch_precision,0.997,2,pinch_precision,True,0.13633,0.19978,0.50653,0.3314,0.153
trial_000326,SUBJ_017,10,250,300,1.495,2,pinch_precision,0.997,2,pinch_precision,True,0.15205,0.22434,0.56892,0.37363,0.17405
trial_000326,SUBJ_017,11,275,325,1.62,2,pinch_precision,0.9971,2,pinch_precision,True,0.16645,0.2475,0.6278,0.41406,0.19481
trial_000326,SUBJ_017,12,300,350,1.745,2,pinch_precision,0.9973,2,pinch_precision,True,0.17911,0.26869,0.68174,0.4518,0.21494
trial_000326,SUBJ_017,13,325,375,1.87,2,pinch_precision,0.9977,2,pinch_precision,True,0.18958,0.28735,0.72931,0.48598,0.23409
trial_000326,SUBJ_017,14,350,400,1.995,2,pinch_precision,0.9981,2,pinch_precision,True,0.19765,0.30315,0.76966,0.51605,0.25202
trial_000326,SUBJ_017,15,375,425,2.12,2,pinch_precision,0.9983,2,pinch_precision,True,0.20344,0.31614,0.80294,0.54199,0.26858
trial_000326,SUBJ_017,16,400,450,2.245,2,pinch_precision,0.9987,2,pinch_precision,True,0.20709,0.32642,0.82938,0.56383,0.28369
trial_000326,SUBJ_017,17,425,475,2.37,2,pinch_precision,0.9988,2,pinch_precision,True,0.20877,0.33409,0.84922,0.58163,0.29722
trial_000326,SUBJ_017,18,450,500,2.495,2,pinch_precision,0.9989,2,pinch_precision,True,0.20862,0.33924,0.8627,0.59542,0.30906
trial_000326,SUBJ_017,19,475,525,2.62,2,pinch_precision,0.9988,2,pinch_precision,True,0.20679,0.34198,0.87005,0.60524,0.31911
trial_000326,SUBJ_017,20,500,550,2.745,2,pinch_precision,0.9984,2,pinch_precision,True,0.20344,0.3424,0.87152,0.61113,0.32725
trial_000326,SUBJ_017,21,525,575,2.87,2,pinch_precision,0.9963,2,pinch_precision,True,0.19872,0.3406,0.86734,0.61312,0.33339
trial_000326,SUBJ_017,22,550,600,2.995,2,pinch_precision,0.9855,2,pinch_precision,True,0.19277,0.33668,0.85775,0.61126,0.3374
trial_000326,SUBJ_017,23,575,625,3.12,2,pinch_precision,0.9714,2,pinch_precision,True,0.18577,0.33073,0.84299,0.60559,0.33917
trial_000326,SUBJ_017,24,600,650,3.245,2,pinch_precision,0.9914,2,pinch_precision,True,0.17785,0.32285,0.82329,0.59615,0.33861
trial_000326,SUBJ_017,25,625,675,3.37,2,pinch_precision,0.9982,2,pinch_precision,True,0.16917,0.31313,0.7989,0.58297,0.33559
trial_000326,SUBJ_017,26,650,700,3.495,2,pinch_precision,0.9987,2,pinch_precision,True,0.15988,0.30169,0.77004,0.56609,0.33001
trial_000326,SUBJ_017,27,675,725,3.62,2,pinch_precision,0.9987,2,pinch_precision,True,0.15013,0.28861,0.73697,0.54557,0.32175
trial_000326,SUBJ_017,28,700,750,3.745,2,pinch_precision,0.9985,2,pinch_precision,True,0.14007,0.27399,0.69992,0.52144,0.31074
trial_000326,SUBJ_017,29,725,775,3.87,2,pinch_precision,0.9983,2,pinch_precision,True,0.12982,0.25803,0.65936,0.49403,0.29713
trial_000326,SUBJ_017,30,750,800,3.995,2,pinch_precision,0.998,2,pinch_precision,True,0.11944,0.24093,0.61587,0.46383,0.28126
trial_000326,SUBJ_017,31,775,825,4.12,2,pinch_precision,0.9979,2,pinch_precision,True,0.10902,0.22293,0.57004,0.43133,0.26348
trial_000326,SUBJ_017,32,800,850,4.245,2,pinch_precision,0.9978,2,pinch_precision,True,0.09863,0.20427,0.52246,0.39702,0.24414
trial_000326,SUBJ_017,33,825,875,4.37,2,pinch_precision,0.9979,2,pinch_precision,True,0.08835,0.18517,0.47372,0.3614,0.22357
trial_000326,SUBJ_017,34,850,900,4.495,2,pinch_precision,0.998,2,pinch_precision,True,0.07827,0.16586,0.4244,0.32494,0.20212
trial_000326,SUBJ_017,35,875,925,4.62,2,pinch_precision,0.998,2,pinch_precision,True,0.06845,0.14656,0.37511,0.28816,0.18014
trial_000326,SUBJ_017,36,900,950,4.745,2,pinch_precision,0.9981,2,pinch_precision,True,0.05898,0.12752,0.32643,0.25154,0.15797
trial_000326,SUBJ_017,37,925,975,4.87,2,pinch_precision,0.9982,2,pinch_precision,True,0.04994,0.10895,0.27896,0.21556,0.13596
trial_000326,SUBJ_017,38,950,1000,4.995,2,pinch_precision,0.9983,2,pinch_precision,True,0.04139,0.09109,0.23327,0.18074,0.11444
trial_000326,SUBJ_017,39,975,1025,5.12,2,pinch_precision,0.9983,2,pinch_precision,True,0.03343,0.07417,0.18996,0.14755,0.09376
trial_000326,SUBJ_017,40,1000,1050,5.245,2,pinch_precision,0.9981,2,pinch_precision,True,0.02613,0.05841,0.14962,0.11649,0.07427
trial_000326,SUBJ_017,41,1025,1075,5.37,2,pinch_precision,0.9976,2,pinch_precision,True,0.01956,0.04405,0.11285,0.08805,0.05632
trial_000326,SUBJ_017,42,1050,1100,5.495,2,pinch_precision,0.9913,2,pinch_precision,True,0.01381,0.03131,0.08023,0.06272,0.04024
trial_000326,SUBJ_017,43,1075,1125,5.62,2,pinch_precision,0.9701,2,pinch_precision,True,0.00895,0.02043,0.05234,0.041,0.02638
trial_000326,SUBJ_017,44,1100,1150,5.745,2,pinch_precision,0.9194,2,pinch_precision,True,0.00506,0.01163,0.02979,0.02338,0.01508
trial_000326,SUBJ_017,45,1125,1175,5.87,2,pinch_precision,0.9101,2,pinch_precision,True,0.00222,0.00514,0.01317,0.01035,0.00669
trial_000326,SUBJ_017,46,1150,1200,5.995,2,pinch_precision,0.9615,2,pinch_precision,True,0.00051,0.00119,0.00305,0.0024,0.00156
trial_000327,SUBJ_017,0,0,50,0.245,2,pinch_precision,0.998,2,pinch_precision,True,0.00482,0.0083,0.02221,0.01595,0.00763
trial_000327,SUBJ_017,1,25,75,0.37,2,pinch_precision,0.9986,2,pinch_precision,True,0.01063,0.01822,0.04885,0.03509,0.0168
trial_000327,SUBJ_017,2,50,100,0.495,2,pinch_precision,0.9987,2,pinch_precision,True,0.01839,0.03133,0.0842,0.0605,0.02899
trial_000327,SUBJ_017,3,75,125,0.62,2,pinch_precision,0.9987,2,pinch_precision,True,0.02784,0.04716,0.12703,0.09129,0.04379
trial_000327,SUBJ_017,4,100,150,0.745,2,pinch_precision,0.9986,2,pinch_precision,True,0.03874,0.06521,0.17608,0.12659,0.06077
trial_000327,SUBJ_017,5,125,175,0.87,2,pinch_precision,0.9984,2,pinch_precision,True,0.05084,0.085,0.23013,0.1655,0.07954
trial_000327,SUBJ_017,6,150,200,0.995,2,pinch_precision,0.9983,2,pinch_precision,True,0.06389,0.10604,0.28793,0.20715,0.09966
trial_000327,SUBJ_017,7,175,225,1.12,2,pinch_precision,0.9981,2,pinch_precision,True,0.07766,0.12784,0.34825,0.25065,0.12074
trial_000327,SUBJ_017,8,200,250,1.245,2,pinch_precision,0.9981,2,pinch_precision,True,0.09189,0.14992,0.40986,0.29512,0.14235
trial_000327,SUBJ_017,9,225,275,1.37,2,pinch_precision,0.9981,2,pinch_precision,True,0.10633,0.17179,0.4715,0.33967,0.16409
trial_000327,SUBJ_017,10,250,300,1.495,2,pinch_precision,0.998,2,pinch_precision,True,0.12075,0.19297,0.53195,0.38343,0.18553
trial_000327,SUBJ_017,11,275,325,1.62,2,pinch_precision,0.9981,2,pinch_precision,True,0.13489,0.21296,0.58996,0.42551,0.20627
trial_000327,SUBJ_017,12,300,350,1.745,2,pinch_precision,0.9982,2,pinch_precision,True,0.1485,0.23129,0.64431,0.46503,0.22588
trial_000327,SUBJ_017,13,325,375,1.87,2,pinch_precision,0.9983,2,pinch_precision,True,0.16135,0.24746,0.69374,0.5011,0.24397
trial_000327,SUBJ_017,14,350,400,1.995,2,pinch_precision,0.9984,2,pinch_precision,True,0.17325,0.26119,0.73749,0.53316,0.26024
trial_000327,SUBJ_017,15,375,425,2.12,2,pinch_precision,0.9986,2,pinch_precision,True,0.18414,0.27252,0.77548,0.56116,0.27466
trial_000327,SUBJ_017,16,400,450,2.245,2,pinch_precision,0.9987,2,pinch_precision,True,0.19394,0.28155,0.80777,0.5851,0.28721
trial_000327,SUBJ_017,17,425,475,2.37,2,pinch_precision,0.9988,2,pinch_precision,True,0.20261,0.28833,0.83436,0.60498,0.29784
trial_000327,SUBJ_017,18,450,500,2.495,2,pinch_precision,0.9989,2,pinch_precision,True,0.21009,0.29297,0.85528,0.6208,0.30655
trial_000327,SUBJ_017,19,475,525,2.62,2,pinch_precision,0.9989,2,pinch_precision,True,0.21632,0.29552,0.87057,0.63256,0.31331
trial_000327,SUBJ_017,20,500,550,2.745,2,pinch_precision,0.9988,2,pinch_precision,True,0.22123,0.29608,0.88024,0.64026,0.31809
trial_000327,SUBJ_017,21,525,575,2.87,2,pinch_precision,0.9983,2,pinch_precision,True,0.22478,0.29472,0.88432,0.64391,0.32087
trial_000327,SUBJ_017,22,550,600,2.995,2,pinch_precision,0.9976,2,pinch_precision,True,0.2269,0.29152,0.88283,0.6435,0.32162
trial_000327,SUBJ_017,23,575,625,3.12,2,pinch_precision,0.9966,2,pinch_precision,True,0.22753,0.28656,0.87581,0.63904,0.32033
trial_000327,SUBJ_017,24,600,650,3.245,2,pinch_precision,0.996,2,pinch_precision,True,0.22661,0.27992,0.86328,0.63053,0.31695
trial_000327,SUBJ_017,25,625,675,3.37,2,pinch_precision,0.998,2,pinch_precision,True,0.22409,0.27169,0.84526,0.61797,0.31148
trial_000327,SUBJ_017,26,650,700,3.495,2,pinch_precision,0.9986,2,pinch_precision,True,0.21991,0.26192,0.82178,0.60135,0.30389
trial_000327,SUBJ_017,27,675,725,3.62,2,pinch_precision,0.9987,2,pinch_precision,True,0.214,0.25072,0.79287,0.58069,0.29414
trial_000327,SUBJ_017,28,700,750,3.745,2,pinch_precision,0.9984,2,pinch_precision,True,0.20633,0.23816,0.75858,0.556,0.28224
trial_000327,SUBJ_017,29,725,775,3.87,2,pinch_precision,0.9982,2,pinch_precision,True,0.19701,0.22439,0.71935,0.52761,0.26834
trial_000327,SUBJ_017,30,750,800,3.995,2,pinch_precision,0.998,2,pinch_precision,True,0.18624,0.20962,0.67593,0.49607,0.25273
trial_000327,SUBJ_017,31,775,825,4.12,2,pinch_precision,0.9978,2,pinch_precision,True,0.17427,0.19404,0.62903,0.4619,0.23568
trial_000327,SUBJ_017,32,800,850,4.245,2,pinch_precision,0.9977,2,pinch_precision,True,0.16131,0.17787,0.57937,0.42566,0.21749
trial_000327,SUBJ_017,33,825,875,4.37,2,pinch_precision,0.9977,2,pinch_precision,True,0.14758,0.16129,0.5277,0.38787,0.19843
trial_000327,SUBJ_017,34,850,900,4.495,2,pinch_precision,0.9977,2,pinch_precision,True,0.13331,0.14452,0.47474,0.34909,0.1788
trial_000327,SUBJ_017,35,875,925,4.62,2,pinch_precision,0.9977,2,pinch_precision,True,0.11872,0.12774,0.42121,0.30985,0.15887
trial_000327,SUBJ_017,36,900,950,4.745,2,pinch_precision,0.9977,2,pinch_precision,True,0.10403,0.11117,0.36785,0.27069,0.13892
trial_000327,SUBJ_017,37,925,975,4.87,2,pinch_precision,0.9977,2,pinch_precision,True,0.08948,0.09501,0.31538,0.23216,0.11925
trial_000327,SUBJ_017,38,950,1000,4.995,2,pinch_precision,0.9978,2,pinch_precision,True,0.07527,0.07946,0.26454,0.19479,0.10014
trial_000327,SUBJ_017,39,975,1025,5.12,2,pinch_precision,0.9978,2,pinch_precision,True,0.06164,0.06471,0.21604,0.15912,0.08187
trial_000327,SUBJ_017,40,1000,1050,5.245,2,pinch_precision,0.9979,2,pinch_precision,True,0.0488,0.05097,0.17062,0.1257,0.06472
trial_000327,SUBJ_017,41,1025,1075,5.37,2,pinch_precision,0.9976,2,pinch_precision,True,0.03699,0.03845,0.12901,0.09507,0.04898
trial_000327,SUBJ_017,42,1050,1100,5.495,2,pinch_precision,0.9963,2,pinch_precision,True,0.02641,0.02733,0.09193,0.06776,0.03493
trial_000327,SUBJ_017,43,1075,1125,5.62,2,pinch_precision,0.9892,2,pinch_precision,True,0.01731,0.01784,0.06011,0.04432,0.02286
trial_000327,SUBJ_017,44,1100,1150,5.745,2,pinch_precision,0.9595,2,pinch_precision,True,0.00989,0.01015,0.03429,0.02528,0.01305
trial_000327,SUBJ_017,45,1125,1175,5.87,2,pinch_precision,0.9098,2,pinch_precision,True,0.00439,0.00449,0.01518,0.0112,0.00578
trial_000327,SUBJ_017,46,1150,1200,5.995,2,pinch_precision,0.9361,2,pinch_precision,True,0.00102,0.00104,0.00352,0.0026,0.00134
trial_000328,SUBJ_017,0,0,50,0.245,2,pinch_precision,0.9978,2,pinch_precision,True,0.00507,0.00872,0.02249,0.01697,0.00978
trial_000328,SUBJ_017,1,25,75,0.37,2,pinch_precision,0.9986,2,pinch_precision,True,0.01117,0.0191,0.04943,0.0373,0.02152
trial_000328,SUBJ_017,2,50,100,0.495,2,pinch_precision,0.9987,2,pinch_precision,True,0.01928,0.0328,0.08513,0.06425,0.03711
trial_000328,SUBJ_017,3,75,125,0.62,2,pinch_precision,0.9986,2,pinch_precision,True,0.02915,0.04927,0.12832,0.09687,0.05601
trial_000328,SUBJ_017,4,100,150,0.745,2,pinch_precision,0.9985,2,pinch_precision,True,0.04049,0.068,0.17773,0.13418,0.07768
trial_000328,SUBJ_017,5,125,175,0.87,2,pinch_precision,0.9984,2,pinch_precision,True,0.05305,0.08843,0.23206,0.17525,0.10157
trial_000328,SUBJ_017,6,150,200,0.995,2,pinch_precision,0.9983,2,pinch_precision,True,0.06654,0.11005,0.29006,0.21909,0.12716
trial_000328,SUBJ_017,7,175,225,1.12,2,pinch_precision,0.9982,2,pinch_precision,True,0.08071,0.13232,0.35044,0.26477,0.1539
trial_000328,SUBJ_017,8,200,250,1.245,2,pinch_precision,0.998,2,pinch_precision,True,0.09529,0.15472,0.41193,0.31131,0.18126
trial_000328,SUBJ_017,9,225,275,1.37,2,pinch_precision,0.998,2,pinch_precision,True,0.11,0.17669,0.47324,0.35776,0.20868
trial_000328,SUBJ_017,10,250,300,1.495,2,pinch_precision,0.9982,2,pinch_precision,True,0.12457,0.19773,0.53311,0.40315,0.23564
trial_000328,SUBJ_017,11,275,325,1.62,2,pinch_precision,0.9981,2,pinch_precision,True,0.13875,0.21729,0.59026,0.44654,0.26159
trial_000328,SUBJ_017,12,300,350,1.745,2,pinch_precision,0.9981,2,pinch_precision,True,0.15225,0.23484,0.64341,0.48696,0.286
trial_000328,SUBJ_017,13,325,375,1.87,2,pinch_precision,0.9983,2,pinch_precision,True,0.16481,0.24985,0.69129,0.52345,0.30832
trial_000328,SUBJ_017,14,350,400,1.995,2,pinch_precision,0.9985,2,pinch_precision,True,0.17624,0.26203,0.7331,0.55542,0.32821
trial_000328,SUBJ_017,15,375,425,2.12,2,pinch_precision,0.9985,2,pinch_precision,True,0.18651,0.27149,0.76887,0.58287,0.34564
trial_000328,SUBJ_017,16,400,450,2.245,2,pinch_precision,0.9987,2,pinch_precision,True,0.19557,0.27836,0.79868,0.60585,0.36058
trial_000328,SUBJ_017,17,425,475,2.37,2,pinch_precision,0.9989,2,pinch_precision,True,0.20339,0.2828,0.82263,0.62442,0.37305
trial_000328,SUBJ_017,18,450,500,2.495,2,pinch_precision,0.9989,2,pinch_precision,True,0.20994,0.28493,0.8408,0.63865,0.38303
trial_000328,SUBJ_017,19,475,525,2.62,2,pinch_precision,0.9989,2,pinch_precision,True,0.21519,0.28491,0.85329,0.64858,0.39052
trial_000328,SUBJ_017,20,500,550,2.745,2,pinch_precision,0.9986,2,pinch_precision,True,0.2191,0.28288,0.8602,0.65428,0.39551
trial_000328,SUBJ_017,21,525,575,2.87,2,pinch_precision,0.9978,2,pinch_precision,True,0.22164,0.27898,0.8616,0.6558,0.398
trial_000328,SUBJ_017,22,550,600,2.995,2,pinch_precision,0.9964,2,pinch_precision,True,0.22278,0.27336,0.8576,0.65321,0.39799
trial_000328,SUBJ_017,23,575,625,3.12,2,pinch_precision,0.9946,2,pinch_precision,True,0.22248,0.26615,0.84828,0.64656,0.39546
trial_000328,SUBJ_017,24,600,650,3.245,2,pinch_precision,0.9962,2,pinch_precision,True,0.22071,0.2575,0.83375,0.6359,0.39041
trial_000328,SUBJ_017,25,625,675,3.37,2,pinch_precision,0.9983,2,pinch_precision,True,0.21744,0.24756,0.81408,0.62131,0.38284
trial_000328,SUBJ_017,26,650,700,3.495,2,pinch_precision,0.9987,2,pinch_precision,True,0.21264,0.23646,0.78937,0.60283,0.37274
trial_000328,SUBJ_017,27,675,725,3.62,2,pinch_precision,0.9987,2,pinch_precision,True,0.20626,0.22435,0.75972,0.58052,0.3601
trial_000328,SUBJ_017,28,700,750,3.745,2,pinch_precision,0.9984,2,pinch_precision,True,0.1983,0.21136,0.72523,0.55446,0.34494
trial_000328,SUBJ_017,29,725,775,3.87,2,pinch_precision,0.9982,2,pinch_precision,True,0.18886,0.19766,0.68636,0.52499,0.32745
trial_000328,SUBJ_017,30,750,800,3.995,2,pinch_precision,0.9981,2,pinch_precision,True,0.17814,0.18339,0.64377,0.49262,0.30798
trial_000328,SUBJ_017,31,775,825,4.12,2,pinch_precision,0.998,2,pinch_precision,True,0.16635,0.16871,0.59812,0.45787,0.28686
trial_000328,SUBJ_017,32,800,850,4.245,2,pinch_precision,0.9979,2,pinch_precision,True,0.1537,0.15375,0.5501,0.42125,0.26442
trial_000328,SUBJ_017,33,825,875,4.37,2,pinch_precision,0.9979,2,pinch_precision,True,0.14039,0.13868,0.50036,0.38329,0.24101
trial_000328,SUBJ_017,34,850,900,4.495,2,pinch_precision,0.9979,2,pinch_precision,True,0.12663,0.12364,0.44959,0.3445,0.21696
trial_000328,SUBJ_017,35,875,925,4.62,2,pinch_precision,0.998,2,pinch_precision,True,0.11262,0.10879,0.39845,0.30539,0.19262
trial_000328,SUBJ_017,36,900,950,4.745,2,pinch_precision,0.998,2,pinch_precision,True,0.09857,0.09427,0.34761,0.26649,0.16831
trial_000328,SUBJ_017,37,925,975,4.87,2,pinch_precision,0.9982,2,pinch_precision,True,0.08468,0.08024,0.29774,0.22831,0.14437
trial_000328,SUBJ_017,38,950,1000,4.995,2,pinch_precision,0.9983,2,pinch_precision,True,0.07116,0.06685,0.24951,0.19137,0.12116
trial_000328,SUBJ_017,39,975,1025,5.12,2,pinch_precision,0.9984,2,pinch_precision,True,0.05821,0.05425,0.2036,0.15619,0.09899
trial_000328,SUBJ_017,40,1000,1050,5.245,2,pinch_precision,0.9982,2,pinch_precision,True,0.04605,0.04259,0.16067,0.12328,0.07821
trial_000328,SUBJ_017,41,1025,1075,5.37,2,pinch_precision,0.9976,2,pinch_precision,True,0.03487,0.03203,0.12139,0.09316,0.05916
trial_000328,SUBJ_017,42,1050,1100,5.495,2,pinch_precision,0.9941,2,pinch_precision,True,0.02488,0.0227,0.08644,0.06635,0.04217
trial_000328,SUBJ_017,43,1075,1125,5.62,2,pinch_precision,0.9808,2,pinch_precision,True,0.01629,0.01477,0.05649,0.04336,0.02758
trial_000328,SUBJ_017,44,1100,1150,5.745,2,pinch_precision,0.9495,2,pinch_precision,True,0.0093,0.00839,0.0322,0.02472,0.01574
trial_000328,SUBJ_017,45,1125,1175,5.87,2,pinch_precision,0.9163,2,pinch_precision,True,0.00412,0.0037,0.01425,0.01094,0.00697
trial_000328,SUBJ_017,46,1150,1200,5.995,2,pinch_precision,0.9515,2,pinch_precision,True,0.00096,0.00085,0.0033,0.00254,0.00162
trial_000329,SUBJ_017,0,0,50,0.245,2,pinch_precision,0.998,2,pinch_precision,True,0.00447,0.00823,0.02236,0.01322,0.00648
trial_000329,SUBJ_017,1,25,75,0.37,2,pinch_precision,0.9986,2,pinch_precision,True,0.00984,0.01802,0.04914,0.02915,0.01433
trial_000329,SUBJ_017,2,50,100,0.495,2,pinch_precision,0.9987,2,pinch_precision,True,0.01697,0.03092,0.08463,0.05038,0.02486
trial_000329,SUBJ_017,3,75,125,0.62,2,pinch_precision,0.9987,2,pinch_precision,True,0.02562,0.04642,0.12756,0.0762,0.03777
trial_000329,SUBJ_017,4,100,150,0.745,2,pinch_precision,0.9986,2,pinch_precision,True,0.03556,0.06401,0.17665,0.10593,0.05276
trial_000329,SUBJ_017,5,125,175,0.87,2,pinch_precision,0.9985,2,pinch_precision,True,0.04654,0.08317,0.23063,0.13889,0.06953
trial_000329,SUBJ_017,6,150,200,0.995,2,pinch_precision,0.9984,2,pinch_precision,True,0.05831,0.10341,0.28823,0.17437,0.08776
trial_000329,SUBJ_017,7,175,225,1.12,2,pinch_precision,0.9984,2,pinch_precision,True,0.07063,0.1242,0.34818,0.2117,0.10718
trial_000329,SUBJ_017,8,200,250,1.245,2,pinch_precision,0.9984,2,pinch_precision,True,0.08326,0.14504,0.40921,0.25017,0.12747
trial_000329,SUBJ_017,9,225,275,1.37,2,pinch_precision,0.9983,2,pinch_precision,True,0.09595,0.16542,0.47004,0.28911,0.14833
trial_000329,SUBJ_017,10,250,300,1.495,2,pinch_precision,0.9984,2,pinch_precision,True,0.10848,0.18483,0.52941,0.32781,0.16947
trial_000329,SUBJ_017,11,275,325,1.62,2,pinch_precision,0.9984,2,pinch_precision,True,0.12058,0.20275,0.58603,0.36559,0.19058
trial_000329,SUBJ_017,12,300,350,1.745,2,pinch_precision,0.9985,2,pinch_precision,True,0.13202,0.21869,0.63864,0.40176,0.21136
trial_000329,SUBJ_017,13,325,375,1.87,2,pinch_precision,0.9986,2,pinch_precision,True,0.14255,0.23212,0.68598,0.43562,0.23151
trial_000329,SUBJ_017,14,350,400,1.995,2,pinch_precision,0.9987,2,pinch_precision,True,0.15202,0.24279,0.72725,0.4667,0.25079
trial_000329,SUBJ_017,15,375,425,2.12,2,pinch_precision,0.9987,2,pinch_precision,True,0.1604,0.2508,0.76248,0.49483,0.26901
trial_000329,SUBJ_017,16,400,450,2.245,2,pinch_precision,0.9988,2,pinch_precision,True,0.16768,0.25632,0.79176,0.51991,0.286
trial_000329,SUBJ_017,17,425,475,2.37,2,pinch_precision,0.9989,2,pinch_precision,True,0.17384,0.2595,0.8152,0.54181,0.30161
trial_000329,SUBJ_017,18,450,500,2.495,2,pinch_precision,0.999,2,pinch_precision,True,0.17887,0.26049,0.8329,0.56041,0.31567
trial_000329,SUBJ_017,19,475,525,2.62,2,pinch_precision,0.9989,2,pinch_precision,True,0.18275,0.25947,0.84495,0.57559,0.328
trial_000329,SUBJ_017,20,500,550,2.745,2,pinch_precision,0.9987,2,pinch_precision,True,0.18549,0.25657,0.85145,0.58724,0.33845
trial_000329,SUBJ_017,21,525,575,2.87,2,pinch_precision,0.9978,2,pinch_precision,True,0.18705,0.25197,0.85251,0.59523,0.34684
trial_000329,SUBJ_017,22,550,600,2.995,2,pinch_precision,0.9944,2,pinch_precision,True,0.18743,0.24581,0.84822,0.59944,0.35301
trial_000329,SUBJ_017,23,575,625,3.12,2,pinch_precision,0.9883,2,pinch_precision,True,0.18662,0.23826,0.83869,0.59977,0.3568
trial_000329,SUBJ_017,24,600,650,3.245,2,pinch_precision,0.9743,2,pinch_precision,True,0.18461,0.22946,0.824,0.59608,0.35803
trial_000329,SUBJ_017,25,625,675,3.37,2,pinch_precision,0.989,2,pinch_precision,True,0.18137,0.21959,0.80427,0.58826,0.35654
trial_000329,SUBJ_017,26,650,700,3.495,2,pinch_precision,0.9971,2,pinch_precision,True,0.17691,0.2088,0.77958,0.57619,0.35217
trial_000329,SUBJ_017,27,675,725,3.62,2,pinch_precision,0.9986,2,pinch_precision,True,0.17119,0.19723,0.75005,0.55975,0.34475
trial_000329,SUBJ_017,28,700,750,3.745,2,pinch_precision,0.9988,2,pinch_precision,True,0.16423,0.18506,0.71579,0.53885,0.33413
trial_000329,SUBJ_017,29,725,775,3.87,2,pinch_precision,0.9988,2,pinch_precision,True,0.15612,0.17241,0.67725,0.5138,0.32048
trial_000329,SUBJ_017,30,750,800,3.995,2,pinch_precision,0.9986,2,pinch_precision,True,0.14701,0.1594,0.63506,0.48514,0.3042
trial_000329,SUBJ_017,31,775,825,4.12,2,pinch_precision,0.9985,2,pinch_precision,True,0.13707,0.14616,0.58991,0.45346,0.28566
trial_000329,SUBJ_017,32,800,850,4.245,2,pinch_precision,0.9985,2,pinch_precision,True,0.12647,0.1328,0.54244,0.41933,0.26526
trial_000329,SUBJ_017,33,825,875,4.37,2,pinch_precision,0.9985,2,pinch_precision,True,0.11538,0.11944,0.4933,0.38331,0.24338
trial_000329,SUBJ_017,34,850,900,4.495,2,pinch_precision,0.9985,2,pinch_precision,True,0.10395,0.10621,0.44317,0.34597,0.22042
trial_000329,SUBJ_017,35,875,925,4.62,2,pinch_precision,0.9986,2,pinch_precision,True,0.09235,0.09322,0.3927,0.30788,0.19676
trial_000329,SUBJ_017,36,900,950,4.745,2,pinch_precision,0.9987,2,pinch_precision,True,0.08075,0.08059,0.34254,0.26962,0.1728
trial_000329,SUBJ_017,37,925,975,4.87,2,pinch_precision,0.9987,2,pinch_precision,True,0.06931,0.06845,0.29336,0.23175,0.14891
trial_000329,SUBJ_017,38,950,1000,4.995,2,pinch_precision,0.9986,2,pinch_precision,True,0.0582,0.05691,0.24581,0.19485,0.1255
trial_000329,SUBJ_017,39,975,1025,5.12,2,pinch_precision,0.9984,2,pinch_precision,True,0.04758,0.04609,0.20056,0.15947,0.10294
trial_000329,SUBJ_017,40,1000,1050,5.245,2,pinch_precision,0.9974,2,pinch_precision,True,0.03761,0.03612,0.15825,0.1262,0.08163
trial_000329,SUBJ_017,41,1025,1075,5.37,2,pinch_precision,0.9928,2,pinch_precision,True,0.02846,0.02711,0.11956,0.0956,0.06196
trial_000329,SUBJ_017,42,1050,1100,5.495,2,pinch_precision,0.9736,2,pinch_precision,True,0.0203,0.01919,0.08513,0.06825,0.0443
trial_000329,SUBJ_017,43,1075,1125,5.62,2,pinch_precision,0.8885,2,pinch_precision,True,0.01328,0.01247,0.05562,0.0447,0.02907
trial_000329,SUBJ_017,44,1100,1150,5.745,2,pinch_precision,0.8137,2,pinch_precision,True,0.00758,0.00707,0.03171,0.02554,0.01663
trial_000329,SUBJ_017,45,1125,1175,5.87,2,pinch_precision,0.8566,2,pinch_precision,True,0.00336,0.00311,0.01403,0.01132,0.00738
trial_000329,SUBJ_017,46,1150,1200,5.995,2,pinch_precision,0.9646,2,pinch_precision,True,0.00078,0.00072,0.00325,0.00263,0.00172
trial_000330,SUBJ_017,0,0,50,0.245,3,wrist_rotation_wave,0.9959,3,wrist_rotation_wave,True,0.09298,0.01717,0.00834,0.02256,0.00844
trial_000330,SUBJ_017,1,25,75,0.37,3,wrist_rotation_wave,0.9978,3,wrist_rotation_wave,True,0.19367,0.03599,0.02009,0.05053,0.01974
trial_000330,SUBJ_017,2,50,100,0.495,3,wrist_rotation_wave,0.9983,3,wrist_rotation_wave,True,0.31372,0.05873,0.03786,0.08878,0.03623
trial_000330,SUBJ_017,3,75,125,0.62,3,wrist_rotation_wave,0.9984,3,wrist_rotation_wave,True,0.44053,0.08323,0.06238,0.13667,0.05824
trial_000330,SUBJ_017,4,100,150,0.745,3,wrist_rotation_wave,0.9983,3,wrist_rotation_wave,True,0.56151,0.1073,0.09439,0.19358,0.08613
trial_000330,SUBJ_017,5,125,175,0.87,3,wrist_rotation_wave,0.9981,3,wrist_rotation_wave,True,0.66406,0.12877,0.13461,0.25886,0.12023
trial_000330,SUBJ_017,6,150,200,0.995,3,wrist_rotation_wave,0.9974,3,wrist_rotation_wave,True,0.73558,0.14547,0.18377,0.33189,0.16089
trial_000330,SUBJ_017,7,175,225,1.12,3,wrist_rotation_wave,0.995,3,wrist_rotation_wave,True,0.76348,0.15522,0.2426,0.41202,0.20845
trial_000330,SUBJ_017,8,200,250,1.245,3,wrist_rotation_wave,0.9913,3,wrist_rotation_wave,True,0.73521,0.15585,0.31183,0.49862,0.26324
trial_000330,SUBJ_017,9,225,275,1.37,3,wrist_rotation_wave,0.9951,3,wrist_rotation_wave,True,0.64549,0.14638,0.39072,0.59015,0.32462
trial_000330,SUBJ_017,10,250,300,1.495,3,wrist_rotation_wave,0.9985,3,wrist_rotation_wave,True,0.50601,0.12853,0.47523,0.68298,0.38959
trial_000330,SUBJ_017,11,275,325,1.62,3,wrist_rotation_wave,0.9981,3,wrist_rotation_wave,True,0.33081,0.10442,0.56082,0.7732,0.45485
trial_000330,SUBJ_017,12,300,350,1.745,3,wrist_rotation_wave,0.998,3,wrist_rotation_wave,True,0.13394,0.07618,0.64296,0.85688,0.51709
trial_000330,SUBJ_017,13,325,375,1.87,3,wrist_rotation_wave,0.998,3,wrist_rotation_wave,True,-0.07053,0.04591,0.71712,0.9301,0.57301
trial_000330,SUBJ_017,14,350,400,1.995,3,wrist_rotation_wave,0.9979,3,wrist_rotation_wave,True,-0.26857,0.01574,0.77876,0.98894,0.61928
trial_000330,SUBJ_017,15,375,425,2.12,3,wrist_rotation_wave,0.9979,3,wrist_rotation_wave,True,-0.44612,-0.01222,0.82336,1.02949,0.65261
trial_000330,SUBJ_017,16,400,450,2.245,3,wrist_rotation_wave,0.9982,3,wrist_rotation_wave,True,-0.58912,-0.03584,0.84639,1.04783,0.66969
trial_000330,SUBJ_017,17,425,475,2.37,3,wrist_rotation_wave,0.9982,3,wrist_rotation_wave,True,-0.68353,-0.05301,0.8433,1.04003,0.6672
trial_000330,SUBJ_017,18,450,500,2.495,3,wrist_rotation_wave,0.9974,3,wrist_rotation_wave,True,-0.71561,-0.06167,0.80973,1.00231,0.64196
trial_000330,SUBJ_017,19,475,525,2.62,3,wrist_rotation_wave,0.9986,3,wrist_rotation_wave,True,-0.68302,-0.0614,0.74666,0.936,0.59474
trial_000330,SUBJ_017,20,500,550,2.745,3,wrist_rotation_wave,0.9987,3,wrist_rotation_wave,True,-0.59768,-0.0539,0.66179,0.84876,0.53129
trial_000330,SUBJ_017,21,525,575,2.87,3,wrist_rotation_wave,0.9986,3,wrist_rotation_wave,True,-0.47241,-0.04101,0.56325,0.7487,0.4577
trial_000330,SUBJ_017,22,550,600,2.995,3,wrist_rotation_wave,0.9985,3,wrist_rotation_wave,True,-0.32002,-0.02453,0.45917,0.64388,0.38002
trial_000330,SUBJ_017,23,575,625,3.12,3,wrist_rotation_wave,0.9983,3,wrist_rotation_wave,True,-0.15334,-0.00629,0.35768,0.54239,0.30432
trial_000330,SUBJ_017,24,600,650,3.245,3,wrist_rotation_wave,0.998,3,wrist_rotation_wave,True,0.01481,0.01188,0.2669,0.45233,0.23668
trial_000330,SUBJ_017,25,625,675,3.37,3,wrist_rotation_wave,0.9978,3,wrist_rotation_wave,True,0.17163,0.02815,0.19498,0.38176,0.18317
trial_000330,SUBJ_017,26,650,700,3.495,3,wrist_rotation_wave,0.9976,3,wrist_rotation_wave,True,0.30428,0.04071,0.15002,0.33878,0.14985
trial_000330,SUBJ_017,27,675,725,3.62,3,wrist_rotation_wave,0.9975,3,wrist_rotation_wave,True,0.39996,0.04772,0.14017,0.33147,0.1428
trial_000330,SUBJ_017,28,700,750,3.745,3,wrist_rotation_wave,0.9977,3,wrist_rotation_wave,True,0.44679,0.04752,0.17274,0.36708,0.16748
trial_000330,SUBJ_017,29,725,775,3.87,3,wrist_rotation_wave,0.9854,3,wrist_rotation_wave,True,0.4452,0.04032,0.24466,0.44223,0.22153
trial_000330,SUBJ_017,30,750,800,3.995,3,wrist_rotation_wave,0.9937,3,wrist_rotation_wave,True,0.40404,0.02762,0.3457,0.54621,0.29726
trial_000330,SUBJ_017,31,775,825,4.12,3,wrist_rotation_wave,0.9957,3,wrist_rotation_wave,True,0.33234,0.01097,0.4655,0.66814,0.38682
trial_000330,SUBJ_017,32,800,850,4.245,3,wrist_rotation_wave,0.9897,3,wrist_rotation_wave,True,0.23914,-0.00808,0.59367,0.79717,0.4824
trial_000330,SUBJ_017,33,825,875,4.37,3,wrist_rotation_wave,0.9807,3,wrist_rotation_wave,True,0.13348,-0.02801,0.71985,0.92243,0.57616
trial_000330,SUBJ_017,34,850,900,4.495,3,wrist_rotation_wave,0.9621,3,wrist_rotation_wave,True,0.02437,-0.04728,0.83367,1.03307,0.66029
trial_000330,SUBJ_017,35,875,925,4.62,3,wrist_rotation_wave,0.9407,3,wrist_rotation_wave,True,-0.07914,-0.06433,0.92475,1.11822,0.72694
trial_000330,SUBJ_017,36,900,950,4.745,3,wrist_rotation_wave,0.9691,3,wrist_rotation_wave,True,-0.16802,-0.07763,0.98272,1.16701,0.76831
trial_000330,SUBJ_017,37,925,975,4.87,3,wrist_rotation_wave,0.9974,3,wrist_rotation_wave,True,-0.23324,-0.08564,0.99721,1.16859,0.77656
trial_000330,SUBJ_017,38,950,1000,4.995,3,wrist_rotation_wave,0.9983,3,wrist_rotation_wave,True,-0.26741,-0.08715,0.96026,1.11468,0.7457
trial_000330,SUBJ_017,39,975,1025,5.12,3,wrist_rotation_wave,0.9982,3,wrist_rotation_wave,True,-0.27289,-0.08279,0.87825,1.01246,0.68063
trial_000330,SUBJ_017,40,1000,1050,5.245,3,wrist_rotation_wave,0.9953,3,wrist_rotation_wave,True,-0.25564,-0.07395,0.76283,0.87479,0.59027
trial_000330,SUBJ_017,41,1025,1075,5.37,3,wrist_rotation_wave,0.9941,3,wrist_rotation_wave,True,-0.22164,-0.06196,0.62569,0.71455,0.48357
trial_000330,SUBJ_017,42,1050,1100,5.495,3,wrist_rotation_wave,0.985,3,wrist_rotation_wave,True,-0.17685,-0.04819,0.47849,0.54463,0.36944
trial_000330,SUBJ_017,43,1075,1125,5.62,3,wrist_rotation_wave,0.9793,3,wrist_rotation_wave,True,-0.12725,-0.03398,0.33291,0.37788,0.25684
trial_000330,SUBJ_017,44,1100,1150,5.745,3,wrist_rotation_wave,0.9898,3,wrist_rotation_wave,True,-0.07881,-0.02071,0.20063,0.2272,0.15468
trial_000330,SUBJ_017,45,1125,1175,5.87,3,wrist_rotation_wave,0.9937,3,wrist_rotation_wave,True,-0.03749,-0.00972,0.09331,0.10546,0.0719
trial_000330,SUBJ_017,46,1150,1200,5.995,3,wrist_rotation_wave,0.9919,3,wrist_rotation_wave,True,-0.00927,-0.00238,0.02263,0.02554,0.01743
trial_000331,SUBJ_017,0,0,50,0.245,3,wrist_rotation_wave,0.9959,3,wrist_rotation_wave,True,0.09488,0.02004,0.01161,0.02577,0.00908
trial_000331,SUBJ_017,1,25,75,0.37,3,wrist_rotation_wave,0.9978,3,wrist_rotation_wave,True,0.19756,0.04205,0.02699,0.05728,0.0211
trial_000331,SUBJ_017,2,50,100,0.495,3,wrist_rotation_wave,0.9983,3,wrist_rotation_wave,True,0.31989,0.06874,0.04919,0.09982,0.03848
trial_000331,SUBJ_017,3,75,125,0.62,3,wrist_rotation_wave,0.9984,3,wrist_rotation_wave,True,0.44897,0.09759,0.07857,0.15239,0.06147
trial_000331,SUBJ_017,4,100,150,0.745,3,wrist_rotation_wave,0.9983,3,wrist_rotation_wave,True,0.57192,0.12611,0.11546,0.21393,0.09036
trial_000331,SUBJ_017,5,125,175,0.87,3,wrist_rotation_wave,0.9982,3,wrist_rotation_wave,True,0.67582,0.15181,0.1602,0.28344,0.12541
trial_000331,SUBJ_017,6,150,200,0.995,3,wrist_rotation_wave,0.9975,3,wrist_rotation_wave,True,0.74779,0.17218,0.21314,0.35987,0.16688
trial_000331,SUBJ_017,7,175,225,1.12,3,wrist_rotation_wave,0.9957,3,wrist_rotation_wave,True,0.77493,0.18472,0.27462,0.44221,0.21506
trial_000331,SUBJ_017,8,200,250,1.245,3,wrist_rotation_wave,0.9928,3,wrist_rotation_wave,True,0.74438,0.18694,0.34496,0.52941,0.27021
trial_000331,SUBJ_017,9,225,275,1.37,3,wrist_rotation_wave,0.9954,3,wrist_rotation_wave,True,0.6508,0.17768,0.42326,0.61976,0.33164
trial_000331,SUBJ_017,10,250,300,1.495,3,wrist_rotation_wave,0.9984,3,wrist_rotation_wave,True,0.5063,0.15886,0.50566,0.70997,0.39648
trial_000331,SUBJ_017,11,275,325,1.62,3,wrist_rotation_wave,0.9982,3,wrist_rotation_wave,True,0.32542,0.13283,0.58793,0.79651,0.46155
trial_000331,SUBJ_017,12,300,350,1.745,3,wrist_rotation_wave,0.998,3,wrist_rotation_wave,True,0.12272,0.10196,0.66581,0.87586,0.52365
trial_000331,SUBJ_017,13,325,375,1.87,3,wrist_rotation_wave,0.9981,3,wrist_rotation_wave,True,-0.08725,0.06859,0.73505,0.9445,0.57961
trial_000331,SUBJ_017,14,350,400,1.995,3,wrist_rotation_wave,0.9981,3,wrist_rotation_wave,True,-0.28992,0.03509,0.79142,0.99891,0.62624
trial_000331,SUBJ_017,15,375,425,2.12,3,wrist_rotation_wave,0.9981,3,wrist_rotation_wave,True,-0.47075,0.0038,0.83065,1.03557,0.66034
trial_000331,SUBJ_017,16,400,450,2.245,3,wrist_rotation_wave,0.9983,3,wrist_rotation_wave,True,-0.61518,-0.02291,0.8485,1.05096,0.67875
trial_000331,SUBJ_017,17,425,475,2.37,3,wrist_rotation_wave,0.9983,3,wrist_rotation_wave,True,-0.70866,-0.04269,0.84073,1.04155,0.67827
trial_000331,SUBJ_017,18,450,500,2.495,3,wrist_rotation_wave,0.9974,3,wrist_rotation_wave,True,-0.73696,-0.05323,0.80323,1.00396,0.65582
trial_000331,SUBJ_017,19,475,525,2.62,3,wrist_rotation_wave,0.9986,3,wrist_rotation_wave,True,-0.69774,-0.05408,0.73712,0.93951,0.61208
trial_000331,SUBJ_017,20,500,550,2.745,3,wrist_rotation_wave,0.9987,3,wrist_rotation_wave,True,-0.60351,-0.04709,0.65003,0.8554,0.55244
trial_000331,SUBJ_017,21,525,575,2.87,3,wrist_rotation_wave,0.9986,3,wrist_rotation_wave,True,-0.46774,-0.03424,0.55001,0.75924,0.48257
trial_000331,SUBJ_017,22,550,600,2.995,3,wrist_rotation_wave,0.9985,3,wrist_rotation_wave,True,-0.30387,-0.01754,0.44512,0.6586,0.40816
trial_000331,SUBJ_017,23,575,625,3.12,3,wrist_rotation_wave,0.9983,3,wrist_rotation_wave,True,-0.12536,0.00102,0.34341,0.56106,0.33489
trial_000331,SUBJ_017,24,600,650,3.245,3,wrist_rotation_wave,0.9979,3,wrist_rotation_wave,True,0.05433,0.01946,0.25293,0.47422,0.26844
trial_000331,SUBJ_017,25,625,675,3.37,3,wrist_rotation_wave,0.9977,3,wrist_rotation_wave,True,0.22174,0.03576,0.18173,0.40566,0.21449
trial_000331,SUBJ_017,26,650,700,3.495,3,wrist_rotation_wave,0.9975,3,wrist_rotation_wave,True,0.36343,0.04794,0.13786,0.36297,0.17873
trial_000331,SUBJ_017,27,675,725,3.62,3,wrist_rotation_wave,0.9974,3,wrist_rotation_wave,True,0.46594,0.05401,0.12937,0.35373,0.16682
trial_000331,SUBJ_017,28,700,750,3.745,3,wrist_rotation_wave,0.9974,3,wrist_rotation_wave,True,0.51681,0.05213,0.16351,0.38474,0.1839
trial_000331,SUBJ_017,29,725,775,3.87,3,wrist_rotation_wave,0.9916,3,wrist_rotation_wave,True,0.51645,0.04256,0.23713,0.45284,0.22793
trial_000331,SUBJ_017,30,750,800,3.995,3,wrist_rotation_wave,0.9932,3,wrist_rotation_wave,True,0.47411,0.02702,0.33995,0.54796,0.29193
trial_000331,SUBJ_017,31,775,825,4.12,3,wrist_rotation_wave,0.9974,3,wrist_rotation_wave,True,0.39924,0.00725,0.46154,0.65991,0.36883
trial_000331,SUBJ_017,32,800,850,4.245,3,wrist_rotation_wave,0.9948,3,wrist_rotation_wave,True,0.30125,-0.01503,0.59146,0.77851,0.45156
trial_000331,SUBJ_017,33,825,875,4.37,3,wrist_rotation_wave,0.9904,3,wrist_rotation_wave,True,0.1896,-0.03807,0.71929,0.89354,0.53304
trial_000331,SUBJ_017,34,850,900,4.495,3,wrist_rotation_wave,0.9832,3,wrist_rotation_wave,True,0.07371,-0.06013,0.8346,0.99483,0.6062
trial_000331,SUBJ_017,35,875,925,4.62,3,wrist_rotation_wave,0.9701,3,wrist_rotation_wave,True,-0.03698,-0.07949,0.92694,1.07218,0.66398
trial_000331,SUBJ_017,36,900,950,4.745,3,wrist_rotation_wave,0.9814,3,wrist_rotation_wave,True,-0.13304,-0.0944,0.9859,1.1154,0.69929
trial_000331,SUBJ_017,37,925,975,4.87,3,wrist_rotation_wave,0.9971,3,wrist_rotation_wave,True,-0.20502,-0.10312,1.00104,1.11428,0.70506
trial_000331,SUBJ_017,38,950,1000,4.995,3,wrist_rotation_wave,0.9983,3,wrist_rotation_wave,True,-0.24519,-0.10428,0.96435,1.06108,0.67588
trial_000331,SUBJ_017,39,975,1025,5.12,3,wrist_rotation_wave,0.9983,3,wrist_rotation_wave,True,-0.25584,-0.09867,0.88225,0.96258,0.61612
trial_000331,SUBJ_017,40,1000,1050,5.245,3,wrist_rotation_wave,0.9951,3,wrist_rotation_wave,True,-0.24299,-0.08787,0.76648,0.8309,0.53382
trial_000331,SUBJ_017,41,1025,1075,5.37,3,wrist_rotation_wave,0.9941,3,wrist_rotation_wave,True,-0.21265,-0.07347,0.62879,0.67819,0.437
trial_000331,SUBJ_017,42,1050,1100,5.495,3,wrist_rotation_wave,0.9869,3,wrist_rotation_wave,True,-0.17083,-0.05704,0.48093,0.51659,0.33366
trial_000331,SUBJ_017,43,1075,1125,5.62,3,wrist_rotation_wave,0.9818,3,wrist_rotation_wave,True,-0.12355,-0.04018,0.33465,0.35825,0.23185
trial_000331,SUBJ_017,44,1100,1150,5.745,3,wrist_rotation_wave,0.9916,3,wrist_rotation_wave,True,-0.07682,-0.02446,0.2017,0.21531,0.13957
trial_000331,SUBJ_017,45,1125,1175,5.87,3,wrist_rotation_wave,0.9943,3,wrist_rotation_wave,True,-0.03666,-0.01147,0.09381,0.09991,0.06485
trial_000331,SUBJ_017,46,1150,1200,5.995,3,wrist_rotation_wave,0.992,3,wrist_rotation_wave,True,-0.00909,-0.0028,0.02276,0.02418,0.01572
trial_000332,SUBJ_017,0,0,50,0.245,3,wrist_rotation_wave,0.9951,3,wrist_rotation_wave,True,0.09013,0.01785,0.01067,0.0277,0.00987
trial_000332,SUBJ_017,1,25,75,0.37,3,wrist_rotation_wave,0.9976,3,wrist_rotation_wave,True,0.18762,0.03731,0.02498,0.06122,0.02268
trial_000332,SUBJ_017,2,50,100,0.495,3,wrist_rotation_wave,0.9981,3,wrist_rotation_wave,True,0.30367,0.06069,0.04585,0.10605,0.04091
trial_000332,SUBJ_017,3,75,125,0.62,3,wrist_rotation_wave,0.9982,3,wrist_rotation_wave,True,0.42599,0.08566,0.07373,0.16086,0.06468
trial_000332,SUBJ_017,4,100,150,0.745,3,wrist_rotation_wave,0.9982,3,wrist_rotation_wave,True,0.54229,0.10989,0.10904,0.2243,0.0941
trial_000332,SUBJ_017,5,125,175,0.87,3,wrist_rotation_wave,0.9978,3,wrist_rotation_wave,True,0.64028,0.13105,0.15224,0.29502,0.12929
trial_000332,SUBJ_017,6,150,200,0.995,3,wrist_rotation_wave,0.9968,3,wrist_rotation_wave,True,0.70765,0.14682,0.20374,0.37167,0.17039
trial_000332,SUBJ_017,7,175,225,1.12,3,wrist_rotation_wave,0.9937,3,wrist_rotation_wave,True,0.73212,0.15486,0.264,0.45292,0.2175
trial_000332,SUBJ_017,8,200,250,1.245,3,wrist_rotation_wave,0.9892,3,wrist_rotation_wave,True,0.70143,0.15285,0.33344,0.53741,0.27074
trial_000332,SUBJ_017,9,225,275,1.37,3,wrist_rotation_wave,0.9955,3,wrist_rotation_wave,True,0.6105,0.13978,0.41121,0.62331,0.32939
trial_000332,SUBJ_017,10,250,300,1.495,3,wrist_rotation_wave,0.9985,3,wrist_rotation_wave,True,0.47094,0.11771,0.4935,0.70768,0.39073
trial_000332,SUBJ_017,11,275,325,1.62,3,wrist_rotation_wave,0.998,3,wrist_rotation_wave,True,0.29673,0.0891,0.57609,0.78741,0.45178
trial_000332,SUBJ_017,12,300,350,1.745,3,wrist_rotation_wave,0.998,3,wrist_rotation_wave,True,0.1018,0.05643,0.65473,0.8594,0.50956
trial_000332,SUBJ_017,13,325,375,1.87,3,wrist_rotation_wave,0.9981,3,wrist_rotation_wave,True,-0.09989,0.02217,0.7252,0.92055,0.56108
trial_000332,SUBJ_017,14,350,400,1.995,3,wrist_rotation_wave,0.998,3,wrist_rotation_wave,True,-0.29437,-0.0112,0.78327,0.96774,0.60337
trial_000332,SUBJ_017,15,375,425,2.12,3,wrist_rotation_wave,0.998,3,wrist_rotation_wave,True,-0.46768,-0.04121,0.82471,0.99787,0.63343
trial_000332,SUBJ_017,16,400,450,2.245,3,wrist_rotation_wave,0.9983,3,wrist_rotation_wave,True,-0.60589,-0.06538,0.84528,1.00785,0.6483
trial_000332,SUBJ_017,17,425,475,2.37,3,wrist_rotation_wave,0.9982,3,wrist_rotation_wave,True,-0.69501,-0.08123,0.84076,0.99456,0.64497
trial_000332,SUBJ_017,18,450,500,2.495,3,wrist_rotation_wave,0.9975,3,wrist_rotation_wave,True,-0.72143,-0.08636,0.80706,0.95503,0.62058
trial_000332,SUBJ_017,19,475,525,2.62,3,wrist_rotation_wave,0.9986,3,wrist_rotation_wave,True,-0.68292,-0.08037,0.74525,0.89067,0.57591
trial_000332,SUBJ_017,20,500,550,2.745,3,wrist_rotation_wave,0.9987,3,wrist_rotation_wave,True,-0.59153,-0.06545,0.6629,0.80841,0.51634
trial_000332,SUBJ_017,21,525,575,2.87,3,wrist_rotation_wave,0.9986,3,wrist_rotation_wave,True,-0.46025,-0.04392,0.56794,0.71553,0.44755
trial_000332,SUBJ_017,22,550,600,2.995,3,wrist_rotation_wave,0.9985,3,wrist_rotation_wave,True,-0.30203,-0.01811,0.46835,0.6193,0.37519
trial_000332,SUBJ_017,23,575,625,3.12,3,wrist_rotation_wave,0.9983,3,wrist_rotation_wave,True,-0.12983,0.00965,0.37207,0.527,0.30495
trial_000332,SUBJ_017,24,600,650,3.245,3,wrist_rotation_wave,0.998,3,wrist_rotation_wave,True,0.04337,0.03702,0.28705,0.4459,0.24249
trial_000332,SUBJ_017,25,625,675,3.37,3,wrist_rotation_wave,0.9977,3,wrist_rotation_wave,True,0.20461,0.06167,0.22126,0.38327,0.19347
trial_000332,SUBJ_017,26,650,700,3.495,3,wrist_rotation_wave,0.9977,3,wrist_rotation_wave,True,0.34093,0.08127,0.18265,0.3464,0.16358
trial_000332,SUBJ_017,27,675,725,3.62,3,wrist_rotation_wave,0.9976,3,wrist_rotation_wave,True,0.43935,0.09349,0.17917,0.34256,0.15847
trial_000332,SUBJ_017,28,700,750,3.745,3,wrist_rotation_wave,0.9978,3,wrist_rotation_wave,True,0.48789,0.09619,0.21797,0.37825,0.18325
trial_000332,SUBJ_017,29,725,775,3.87,3,wrist_rotation_wave,0.9917,3,wrist_rotation_wave,True,0.48697,0.08958,0.29579,0.45022,0.23564
trial_000332,SUBJ_017,30,750,800,3.995,3,wrist_rotation_wave,0.9909,3,wrist_rotation_wave,True,0.44555,0.07554,0.40223,0.54848,0.3083
trial_000332,SUBJ_017,31,775,825,4.12,3,wrist_rotation_wave,0.9978,3,wrist_rotation_wave,True,0.37278,0.05597,0.52671,0.66288,0.39378
trial_000332,SUBJ_017,32,800,850,4.245,3,wrist_rotation_wave,0.9968,3,wrist_rotation_wave,True,0.27782,0.03275,0.65868,0.78331,0.48462
trial_000332,SUBJ_017,33,825,875,4.37,3,wrist_rotation_wave,0.9921,3,wrist_rotation_wave,True,0.16981,0.0078,0.78757,0.89962,0.57339
trial_000332,SUBJ_017,34,850,900,4.495,3,wrist_rotation_wave,0.9827,3,wrist_rotation_wave,True,0.0579,-0.01701,0.90284,1.0017,0.65263
trial_000332,SUBJ_017,35,875,925,4.62,3,wrist_rotation_wave,0.9685,3,wrist_rotation_wave,True,-0.04877,-0.03976,0.99391,1.0794,0.71489
trial_000332,SUBJ_017,36,900,950,4.745,3,wrist_rotation_wave,0.9802,3,wrist_rotation_wave,True,-0.14105,-0.05856,1.05023,1.1226,0.75273
trial_000332,SUBJ_017,37,925,975,4.87,3,wrist_rotation_wave,0.9969,3,wrist_rotation_wave,True,-0.20979,-0.07152,1.06124,1.12117,0.7587
trial_000332,SUBJ_017,38,950,1000,4.995,3,wrist_rotation_wave,0.9984,3,wrist_rotation_wave,True,-0.24749,-0.0771,1.01886,1.06742,0.7271
trial_000332,SUBJ_017,39,975,1025,5.12,3,wrist_rotation_wave,0.9983,3,wrist_rotation_wave,True,-0.25644,-0.07596,0.92982,0.96817,0.66269
trial_000332,SUBJ_017,40,1000,1050,5.245,3,wrist_rotation_wave,0.9938,3,wrist_rotation_wave,True,-0.24251,-0.06956,0.80629,0.83562,0.57409
trial_000332,SUBJ_017,41,1025,1075,5.37,3,wrist_rotation_wave,0.9918,3,wrist_rotation_wave,True,-0.21161,-0.05935,0.66048,0.68198,0.4699
trial_000332,SUBJ_017,42,1050,1100,5.495,3,wrist_rotation_wave,0.9766,3,wrist_rotation_wave,True,-0.16964,-0.04681,0.50457,0.51944,0.35876
trial_000332,SUBJ_017,43,1075,1125,5.62,3,wrist_rotation_wave,0.9741,3,wrist_rotation_wave,True,-0.1225,-0.03337,0.35076,0.3602,0.24926
trial_000332,SUBJ_017,44,1100,1150,5.745,3,wrist_rotation_wave,0.989,3,wrist_rotation_wave,True,-0.07607,-0.02052,0.21123,0.21647,0.15004
trial_000332,SUBJ_017,45,1125,1175,5.87,3,wrist_rotation_wave,0.9938,3,wrist_rotation_wave,True,-0.03627,-0.0097,0.09818,0.10044,0.06972
trial_000332,SUBJ_017,46,1150,1200,5.995,3,wrist_rotation_wave,0.992,3,wrist_rotation_wave,True,-0.00898,-0.00239,0.0238,0.02431,0.0169
trial_000333,SUBJ_017,0,0,50,0.245,3,wrist_rotation_wave,0.996,3,wrist_rotation_wave,True,0.09348,0.02395,0.01254,0.02923,0.00794
trial_000333,SUBJ_017,1,25,75,0.37,3,wrist_rotation_wave,0.9978,3,wrist_rotation_wave,True,0.1944,0.05019,0.02894,0.06446,0.01872
trial_000333,SUBJ_017,2,50,100,0.495,3,wrist_rotation_wave,0.9983,3,wrist_rotation_wave,True,0.31432,0.08189,0.05241,0.11142,0.03457
trial_000333,SUBJ_017,3,75,125,0.62,3,wrist_rotation_wave,0.9984,3,wrist_rotation_wave,True,0.44035,0.11602,0.08315,0.16859,0.05593
trial_000333,SUBJ_017,4,100,150,0.745,3,wrist_rotation_wave,0.9983,3,wrist_rotation_wave,True,0.55964,0.14954,0.12142,0.23446,0.0832
trial_000333,SUBJ_017,5,125,175,0.87,3,wrist_rotation_wave,0.9981,3,wrist_rotation_wave,True,0.65932,0.17942,0.16744,0.30752,0.11679
trial_000333,SUBJ_017,6,150,200,0.995,3,wrist_rotation_wave,0.9975,3,wrist_rotation_wave,True,0.72651,0.20261,0.22143,0.38626,0.15711
trial_000333,SUBJ_017,7,175,225,1.12,3,wrist_rotation_wave,0.9956,3,wrist_rotation_wave,True,0.74837,0.21608,0.28362,0.46915,0.20458
trial_000333,SUBJ_017,8,200,250,1.245,3,wrist_rotation_wave,0.9932,3,wrist_rotation_wave,True,0.71204,0.21681,0.35425,0.55469,0.2596
trial_000333,SUBJ_017,9,225,275,1.37,3,wrist_rotation_wave,0.9961,3,wrist_rotation_wave,True,0.61233,0.2034,0.43234,0.64095,0.32156
trial_000333,SUBJ_017,10,250,300,1.495,3,wrist_rotation_wave,0.9985,3,wrist_rotation_wave,True,0.46168,0.17825,0.51417,0.72504,0.38751
trial_000333,SUBJ_017,11,275,325,1.62,3,wrist_rotation_wave,0.9982,3,wrist_rotation_wave,True,0.27504,0.14432,0.59562,0.80394,0.45414
trial_000333,SUBJ_017,12,300,350,1.745,3,wrist_rotation_wave,0.9981,3,wrist_rotation_wave,True,0.06735,0.10454,0.67258,0.87464,0.51815
trial_000333,SUBJ_017,13,325,375,1.87,3,wrist_rotation_wave,0.9982,3,wrist_rotation_wave,True,-0.14645,0.06186,0.74093,0.93411,0.57625
trial_000333,SUBJ_017,14,350,400,1.995,3,wrist_rotation_wave,0.9982,3,wrist_rotation_wave,True,-0.35142,0.01922,0.79657,0.97933,0.62514
trial_000333,SUBJ_017,15,375,425,2.12,3,wrist_rotation_wave,0.9983,3,wrist_rotation_wave,True,-0.53262,-0.02044,0.83537,1.00729,0.66153
trial_000333,SUBJ_017,16,400,450,2.245,3,wrist_rotation_wave,0.9984,3,wrist_rotation_wave,True,-0.67511,-0.05418,0.85323,1.01496,0.68212
trial_000333,SUBJ_017,17,425,475,2.37,3,wrist_rotation_wave,0.9981,3,wrist_rotation_wave,True,-0.76395,-0.07905,0.84602,0.99933,0.6836
trial_000333,SUBJ_017,18,450,500,2.495,3,wrist_rotation_wave,0.9973,3,wrist_rotation_wave,True,-0.78455,-0.09218,0.80978,0.95749,0.6628
trial_000333,SUBJ_017,19,475,525,2.62,3,wrist_rotation_wave,0.9986,3,wrist_rotation_wave,True,-0.73473,-0.09298,0.74561,0.89101,0.62035
trial_000333,SUBJ_017,20,500,550,2.745,3,wrist_rotation_wave,0.9987,3,wrist_rotation_wave,True,-0.62791,-0.08373,0.66094,0.80698,0.56168
trial_000333,SUBJ_017,21,525,575,2.87,3,wrist_rotation_wave,0.9987,3,wrist_rotation_wave,True,-0.47843,-0.06691,0.5636,0.71287,0.49253
trial_000333,SUBJ_017,22,550,600,2.995,3,wrist_rotation_wave,0.9986,3,wrist_rotation_wave,True,-0.3007,-0.04498,0.46145,0.61613,0.41865
trial_000333,SUBJ_017,23,575,625,3.12,3,wrist_rotation_wave,0.9984,3,wrist_rotation_wave,True,-0.10906,-0.0204,0.36232,0.52423,0.34575
trial_000333,SUBJ_017,24,600,650,3.245,3,wrist_rotation_wave,0.9981,3,wrist_rotation_wave,True,0.08209,0.00435,0.27404,0.44461,0.27959
trial_000333,SUBJ_017,25,625,675,3.37,3,wrist_rotation_wave,0.9979,3,wrist_rotation_wave,True,0.2584,0.02682,0.20446,0.38475,0.22589
trial_000333,SUBJ_017,26,650,700,3.495,3,wrist_rotation_wave,0.9978,3,wrist_rotation_wave,True,0.40548,0.04452,0.16141,0.3521,0.1904
trial_000333,SUBJ_017,27,675,725,3.62,3,wrist_rotation_wave,0.9976,3,wrist_rotation_wave,True,0.50896,0.05501,0.15274,0.35412,0.17884
trial_000333,SUBJ_017,28,700,750,3.745,3,wrist_rotation_wave,0.9976,3,wrist_rotation_wave,True,0.55557,0.056,0.18549,0.39747,0.1964
trial_000333,SUBJ_017,29,725,775,3.87,3,wrist_rotation_wave,0.9936,3,wrist_rotation_wave,True,0.54606,0.04775,0.2566,0.47859,0.24101
trial_000333,SUBJ_017,30,750,800,3.995,3,wrist_rotation_wave,0.9953,3,wrist_rotation_wave,True,0.49084,0.03222,0.35605,0.5869,0.30564
trial_000333,SUBJ_017,31,775,825,4.12,3,wrist_rotation_wave,0.9978,3,wrist_rotation_wave,True,0.40056,0.01142,0.47364,0.71166,0.38316
trial_000333,SUBJ_017,32,800,850,4.245,3,wrist_rotation_wave,0.9957,3,wrist_rotation_wave,True,0.2858,-0.01263,0.59923,0.84213,0.46643
trial_000333,SUBJ_017,33,825,875,4.37,3,wrist_rotation_wave,0.9935,3,wrist_rotation_wave,True,0.15721,-0.03793,0.72263,0.96758,0.54832
trial_000333,SUBJ_017,34,850,900,4.495,3,wrist_rotation_wave,0.9892,3,wrist_rotation_wave,True,0.02539,-0.06246,0.83367,1.07728,0.62169
trial_000333,SUBJ_017,35,875,925,4.62,3,wrist_rotation_wave,0.9851,3,wrist_rotation_wave,True,-0.09903,-0.08422,0.92219,1.16048,0.6794
trial_000333,SUBJ_017,36,900,950,4.745,3,wrist_rotation_wave,0.992,3,wrist_rotation_wave,True,-0.20544,-0.1012,0.97801,1.20646,0.71432
trial_000333,SUBJ_017,37,925,975,4.87,3,wrist_rotation_wave,0.9982,3,wrist_rotation_wave,True,-0.28322,-0.11138,0.99096,1.20448,0.71932
trial_000333,SUBJ_017,38,950,1000,4.995,3,wrist_rotation_wave,0.9979,3,wrist_rotation_wave,True,-0.3237,-0.11317,0.95324,1.14641,0.68893
trial_000333,SUBJ_017,39,975,1025,5.12,3,wrist_rotation_wave,0.9985,3,wrist_rotation_wave,True,-0.32976,-0.10742,0.87117,1.0396,0.62762
trial_000333,SUBJ_017,40,1000,1050,5.245,3,wrist_rotation_wave,0.9977,3,wrist_rotation_wave,True,-0.30859,-0.09588,0.75624,0.89713,0.54351
trial_000333,SUBJ_017,41,1025,1075,5.37,3,wrist_rotation_wave,0.9973,3,wrist_rotation_wave,True,-0.26735,-0.0803,0.62,0.73209,0.44475
trial_000333,SUBJ_017,42,1050,1100,5.495,3,wrist_rotation_wave,0.9962,3,wrist_rotation_wave,True,-0.21321,-0.06242,0.47397,0.55755,0.33948
trial_000333,SUBJ_017,43,1075,1125,5.62,3,wrist_rotation_wave,0.9929,3,wrist_rotation_wave,True,-0.15335,-0.04401,0.32967,0.3866,0.23583
trial_000333,SUBJ_017,44,1100,1150,5.745,3,wrist_rotation_wave,0.9957,3,wrist_rotation_wave,True,-0.09494,-0.02682,0.19862,0.23231,0.14194
trial_000333,SUBJ_017,45,1125,1175,5.87,3,wrist_rotation_wave,0.9966,3,wrist_rotation_wave,True,-0.04515,-0.01259,0.09236,0.10778,0.06594
trial_000333,SUBJ_017,46,1150,1200,5.995,3,wrist_rotation_wave,0.9957,3,wrist_rotation_wave,True,-0.01116,-0.00308,0.0224,0.02609,0.01598
trial_000334,SUBJ_017,0,0,50,0.245,3,wrist_rotation_wave,0.996,3,wrist_rotation_wave,True,0.09446,0.01918,0.01261,0.02417,0.00453
trial_000334,SUBJ_017,1,25,75,0.37,3,wrist_rotation_wave,0.9979,3,wrist_rotation_wave,True,0.19662,0.04012,0.02912,0.05382,0.01148
trial_000334,SUBJ_017,2,50,100,0.495,3,wrist_rotation_wave,0.9983,3,wrist_rotation_wave,True,0.31823,0.06532,0.05278,0.09399,0.02261
trial_000334,SUBJ_017,3,75,125,0.62,3,wrist_rotation_wave,0.9984,3,wrist_rotation_wave,True,0.44639,0.0923,0.08383,0.14381,0.03869
trial_000334,SUBJ_017,4,100,150,0.745,3,wrist_rotation_wave,0.9984,3,wrist_rotation_wave,True,0.56823,0.11859,0.12254,0.20237,0.06052
trial_000334,SUBJ_017,5,125,175,0.87,3,wrist_rotation_wave,0.9981,3,wrist_rotation_wave,True,0.67084,0.1417,0.16915,0.26879,0.08888
trial_000334,SUBJ_017,6,150,200,0.995,3,wrist_rotation_wave,0.9974,3,wrist_rotation_wave,True,0.74135,0.15915,0.22391,0.34217,0.12455
trial_000334,SUBJ_017,7,175,225,1.12,3,wrist_rotation_wave,0.9948,3,wrist_rotation_wave,True,0.76686,0.16846,0.28708,0.42163,0.16833
trial_000334,SUBJ_017,8,200,250,1.245,3,wrist_rotation_wave,0.9919,3,wrist_rotation_wave,True,0.73452,0.16716,0.3589,0.50627,0.22099
trial_000334,SUBJ_017,9,225,275,1.37,3,wrist_rotation_wave,0.996,3,wrist_rotation_wave,True,0.63902,0.15414,0.4384,0.59446,0.28212
trial_000334,SUBJ_017,10,250,300,1.495,3,wrist_rotation_wave,0.9985,3,wrist_rotation_wave,True,0.4926,0.13146,0.52182,0.68284,0.34855
trial_000334,SUBJ_017,11,275,325,1.62,3,wrist_rotation_wave,0.9982,3,wrist_rotation_wave,True,0.30992,0.10164,0.60498,0.7678,0.41669
trial_000334,SUBJ_017,12,300,350,1.745,3,wrist_rotation_wave,0.998,3,wrist_rotation_wave,True,0.10568,0.06717,0.68371,0.84575,0.48299
trial_000334,SUBJ_017,13,325,375,1.87,3,wrist_rotation_wave,0.9981,3,wrist_rotation_wave,True,-0.10545,0.03058,0.75384,0.91309,0.54387
trial_000334,SUBJ_017,14,350,400,1.995,3,wrist_rotation_wave,0.9981,3,wrist_rotation_wave,True,-0.30878,-0.00563,0.81119,0.96621,0.59576
trial_000334,SUBJ_017,15,375,425,2.12,3,wrist_rotation_wave,0.9981,3,wrist_rotation_wave,True,-0.48963,-0.03896,0.8516,1.00152,0.63509
trial_000334,SUBJ_017,16,400,450,2.245,3,wrist_rotation_wave,0.9983,3,wrist_rotation_wave,True,-0.63332,-0.06689,0.8709,1.01542,0.65829
trial_000334,SUBJ_017,17,425,475,2.37,3,wrist_rotation_wave,0.9981,3,wrist_rotation_wave,True,-0.72516,-0.08691,0.8649,1.0043,0.6618
trial_000334,SUBJ_017,18,450,500,2.495,3,wrist_rotation_wave,0.9971,3,wrist_rotation_wave,True,-0.75081,-0.09657,0.82959,0.9647,0.64216
trial_000334,SUBJ_017,19,475,525,2.62,3,wrist_rotation_wave,0.9986,3,wrist_rotation_wave,True,-0.70801,-0.09543,0.76605,0.898,0.59996
trial_000334,SUBJ_017,20,500,550,2.745,3,wrist_rotation_wave,0.9987,3,wrist_rotation_wave,True,-0.60963,-0.08552,0.68177,0.81163,0.54089
trial_000334,SUBJ_017,21,525,575,2.87,3,wrist_rotation_wave,0.9987,3,wrist_rotation_wave,True,-0.4695,-0.06907,0.58462,0.71341,0.47094
trial_000334,SUBJ_017,22,550,600,2.995,3,wrist_rotation_wave,0.9986,3,wrist_rotation_wave,True,-0.30142,-0.04828,0.48251,0.61115,0.39611
trial_000334,SUBJ_017,23,575,625,3.12,3,wrist_rotation_wave,0.9984,3,wrist_rotation_wave,True,-0.11923,-0.02537,0.38332,0.51267,0.32238
trial_000334,SUBJ_017,24,600,650,3.245,3,wrist_rotation_wave,0.9981,3,wrist_rotation_wave,True,0.06326,-0.00255,0.29493,0.42578,0.25577
trial_000334,SUBJ_017,25,625,675,3.37,3,wrist_rotation_wave,0.9978,3,wrist_rotation_wave,True,0.23222,0.01798,0.22523,0.35831,0.20227
trial_000334,SUBJ_017,26,650,700,3.495,3,wrist_rotation_wave,0.9978,3,wrist_rotation_wave,True,0.37384,0.034,0.18212,0.31806,0.16787
trial_000334,SUBJ_017,27,675,725,3.62,3,wrist_rotation_wave,0.9975,3,wrist_rotation_wave,True,0.47429,0.04331,0.17348,0.31286,0.15857
trial_000334,SUBJ_017,28,700,750,3.745,3,wrist_rotation_wave,0.9976,3,wrist_rotation_wave,True,0.52079,0.04386,0.20639,0.3497,0.17978
trial_000334,SUBJ_017,29,725,775,3.87,3,wrist_rotation_wave,0.9921,3,wrist_rotation_wave,True,0.51397,0.03592,0.27779,0.42522,0.22931
trial_000334,SUBJ_017,30,750,800,3.995,3,wrist_rotation_wave,0.9951,3,wrist_rotation_wave,True,0.46369,0.02132,0.37756,0.5289,0.29977
trial_000334,SUBJ_017,31,775,825,4.12,3,wrist_rotation_wave,0.9972,3,wrist_rotation_wave,True,0.37996,0.00194,0.49547,0.65007,0.38366
trial_000334,SUBJ_017,32,800,850,4.245,3,wrist_rotation_wave,0.9941,3,wrist_rotation_wave,True,0.27285,-0.02036,0.62126,0.77805,0.47346
trial_000334,SUBJ_017,33,825,875,4.37,3,wrist_rotation_wave,0.9906,3,wrist_rotation_wave,True,0.15237,-0.0437,0.74471,0.90219,0.56169
trial_000334,SUBJ_017,34,850,900,4.495,3,wrist_rotation_wave,0.9842,3,wrist_rotation_wave,True,0.02858,-0.06622,0.85557,1.01182,0.64082
trial_000334,SUBJ_017,35,875,925,4.62,3,wrist_rotation_wave,0.9761,3,wrist_rotation_wave,True,-0.08849,-0.08604,0.9436,1.09626,0.70336
trial_000334,SUBJ_017,36,900,950,4.745,3,wrist_rotation_wave,0.9888,3,wrist_rotation_wave,True,-0.18881,-0.10131,0.99855,1.14486,0.74181
trial_000334,SUBJ_017,37,925,975,4.87,3,wrist_rotation_wave,0.9981,3,wrist_rotation_wave,True,-0.26233,-0.11014,1.01018,1.14695,0.74865
trial_000334,SUBJ_017,38,950,1000,4.995,3,wrist_rotation_wave,0.998,3,wrist_rotation_wave,True,-0.30085,-0.11106,0.97065,1.0944,0.71813
trial_000334,SUBJ_017,39,975,1025,5.12,3,wrist_rotation_wave,0.9984,3,wrist_rotation_wave,True,-0.30707,-0.10488,0.88636,0.99428,0.65496
trial_000334,SUBJ_017,40,1000,1050,5.245,3,wrist_rotation_wave,0.9973,3,wrist_rotation_wave,True,-0.28769,-0.09327,0.76897,0.85925,0.56769
trial_000334,SUBJ_017,41,1025,1075,5.37,3,wrist_rotation_wave,0.9969,3,wrist_rotation_wave,True,-0.24944,-0.0779,0.63013,0.70196,0.46485
trial_000334,SUBJ_017,42,1050,1100,5.495,3,wrist_rotation_wave,0.9946,3,wrist_rotation_wave,True,-0.19905,-0.06043,0.48153,0.53509,0.35501
trial_000334,SUBJ_017,43,1075,1125,5.62,3,wrist_rotation_wave,0.9903,3,wrist_rotation_wave,True,-0.14323,-0.04254,0.33482,0.37131,0.24673
trial_000334,SUBJ_017,44,1100,1150,5.745,3,wrist_rotation_wave,0.9942,3,wrist_rotation_wave,True,-0.08871,-0.02588,0.20167,0.22327,0.14855
trial_000334,SUBJ_017,45,1125,1175,5.87,3,wrist_rotation_wave,0.996,3,wrist_rotation_wave,True,-0.0422,-0.01214,0.09375,0.10364,0.06904
trial_000334,SUBJ_017,46,1150,1200,5.995,3,wrist_rotation_wave,0.9947,3,wrist_rotation_wave,True,-0.01043,-0.00296,0.02273,0.0251,0.01673
trial_000335,SUBJ_017,0,0,50,0.245,0,finger_tap,0.9971,0,finger_tap,True,-0.00752,-0.01097,0.27848,0.32591,0.18113
trial_000335,SUBJ_017,1,25,75,0.37,0,finger_tap,0.9966,0,finger_tap,True,-0.01317,-0.01997,0.47145,0.55812,0.30625
trial_000335,SUBJ_017,2,50,100,0.495,0,finger_tap,0.9962,0,finger_tap,True,-0.01643,-0.02672,0.55085,0.66747,0.35687
trial_000335,SUBJ_017,3,75,125,0.62,0,finger_tap,0.9815,0,finger_tap,True,-0.01555,-0.02865,0.44853,0.57524,0.28847
trial_000335,SUBJ_017,4,100,150,0.745,0,finger_tap,0.9925,0,finger_tap,True,-0.01211,-0.02626,0.24729,0.36792,0.15496
trial_000335,SUBJ_017,5,125,175,0.87,0,finger_tap,0.9862,0,finger_tap,True,-0.00843,-0.02071,0.06232,0.16747,0.03139
trial_000335,SUBJ_017,6,150,200,0.995,0,finger_tap,0.9957,0,finger_tap,True,-0.00682,-0.01315,0.00872,0.09571,-0.00729
trial_000335,SUBJ_017,7,175,225,1.12,0,finger_tap,0.9539,0,finger_tap,True,-0.00832,-0.00486,0.1448,0.21631,0.07685
trial_000335,SUBJ_017,8,200,250,1.245,0,finger_tap,0.9971,0,finger_tap,True,-0.01071,0.0026,0.37941,0.43982,0.2242
trial_000335,SUBJ_017,9,225,275,1.37,0,finger_tap,0.9453,0,finger_tap,True,-0.0112,0.00762,0.59707,0.65186,0.35929
trial_000335,SUBJ_017,10,250,300,1.495,0,finger_tap,0.9973,0,finger_tap,True,-0.00705,0.00862,0.68277,0.73848,0.40695
trial_000335,SUBJ_017,11,275,325,1.62,0,finger_tap,0.983,0,finger_tap,True,0.00239,0.00523,0.58394,0.64617,0.33372
trial_000335,SUBJ_017,12,300,350,1.745,0,finger_tap,0.9886,0,finger_tap,True,0.01344,-0.00032,0.37534,0.44454,0.19121
trial_000335,SUBJ_017,13,325,375,1.87,0,finger_tap,0.949,0,finger_tap,True,0.02189,-0.0055,0.1472,0.21823,0.04136
trial_000335,SUBJ_017,14,350,400,1.995,0,finger_tap,0.9956,0,finger_tap,True,0.02361,-0.00782,-0.011,0.05113,-0.05444
trial_000335,SUBJ_017,15,375,425,2.12,0,finger_tap,0.9925,0,finger_tap,True,0.01774,-0.00646,-0.06053,-0.01826,-0.07142
trial_000335,SUBJ_017,16,400,450,2.245,0,finger_tap,0.9953,0,finger_tap,True,0.00873,-0.00333,-0.04338,-0.02373,-0.04308
trial_000335,SUBJ_017,17,425,475,2.37,0,finger_tap,0.9861,0,finger_tap,True,0.00147,-0.00058,-0.00873,-0.00554,-0.00809
trial_000336,SUBJ_017,0,0,50,0.245,0,finger_tap,0.9961,0,finger_tap,True,-0.00934,0.02019,0.277,0.31342,0.16081
trial_000336,SUBJ_017,1,25,75,0.37,0,finger_tap,0.9891,0,finger_tap,True,-0.01392,0.03603,0.46859,0.53549,0.27424
trial_000336,SUBJ_017,2,50,100,0.495,0,finger_tap,0.997,0,finger_tap,True,-0.0117,0.04657,0.54668,0.63747,0.32522
trial_000336,SUBJ_017,3,75,125,0.62,0,finger_tap,0.9648,0,finger_tap,True,3e-05,0.04708,0.44317,0.54343,0.27508
trial_000336,SUBJ_017,4,100,150,0.745,0,finger_tap,0.995,0,finger_tap,True,0.01597,0.04019,0.23997,0.33855,0.16988
trial_000336,SUBJ_017,5,125,175,0.87,0,finger_tap,0.9957,0,finger_tap,True,0.02908,0.0301,0.05115,0.14251,0.0739
trial_000336,SUBJ_017,6,150,200,0.995,0,finger_tap,0.997,0,finger_tap,True,0.03232,0.02101,-0.00933,0.07493,0.05132
trial_000336,SUBJ_017,7,175,225,1.12,0,finger_tap,0.9623,0,finger_tap,True,0.02212,0.01564,0.11687,0.19835,0.13436
trial_000336,SUBJ_017,8,200,250,1.245,0,finger_tap,0.9968,0,finger_tap,True,0.00393,0.01277,0.34159,0.42509,0.27096
trial_000336,SUBJ_017,9,225,275,1.37,0,finger_tap,0.9573,0,finger_tap,True,-0.01531,0.01058,0.55287,0.64307,0.39538
trial_000336,SUBJ_017,10,250,300,1.495,0,finger_tap,0.9964,0,finger_tap,True,-0.02867,0.00722,0.63914,0.74058,0.4421
trial_000336,SUBJ_017,11,275,325,1.62,0,finger_tap,0.9829,0,finger_tap,True,-0.03236,0.00195,0.54896,0.664,0.38132
trial_000336,SUBJ_017,12,300,350,1.745,0,finger_tap,0.9824,0,finger_tap,True,-0.02889,-0.00373,0.35338,0.4781,0.25598
trial_000336,SUBJ_017,13,325,375,1.87,0,finger_tap,0.8541,0,finger_tap,True,-0.02156,-0.00807,0.13832,0.26203,0.11785
trial_000336,SUBJ_017,14,350,400,1.995,0,finger_tap,0.9891,0,finger_tap,True,-0.01365,-0.00934,-0.01101,0.09434,0.0183
trial_000336,SUBJ_017,15,375,425,2.12,0,finger_tap,0.9714,0,finger_tap,True,-0.00729,-0.00722,-0.0576,0.01297,-0.01972
trial_000336,SUBJ_017,16,400,450,2.245,0,finger_tap,0.9927,0,finger_tap,True,-0.00281,-0.0036,-0.04117,-0.00869,-0.01841
trial_000336,SUBJ_017,17,425,475,2.37,0,finger_tap,0.9268,0,finger_tap,True,-0.00039,-0.00061,-0.00828,-0.00304,-0.00401
trial_000337,SUBJ_017,0,0,50,0.245,0,finger_tap,0.9968,0,finger_tap,True,-0.00049,0.0004,0.29926,0.32685,0.1733
trial_000337,SUBJ_017,1,25,75,0.37,0,finger_tap,0.996,0,finger_tap,True,-0.00128,-0.001,0.50893,0.55978,0.29545
trial_000337,SUBJ_017,2,50,100,0.495,0,finger_tap,0.9969,0,finger_tap,True,-0.00259,-0.0052,0.6002,0.66957,0.35018
trial_000337,SUBJ_017,3,75,125,0.62,0,finger_tap,0.9855,0,finger_tap,True,-0.00432,-0.01259,0.49988,0.57729,0.29549
trial_000337,SUBJ_017,4,100,150,0.745,0,finger_tap,0.9955,0,finger_tap,True,-0.00562,-0.0203,0.29175,0.36953,0.1799
trial_000337,SUBJ_017,5,125,175,0.87,0,finger_tap,0.9893,0,finger_tap,True,-0.00548,-0.0248,0.09326,0.16844,0.07133
trial_000337,SUBJ_017,6,150,200,0.995,0,finger_tap,0.9966,0,finger_tap,True,-0.0029,-0.02254,0.02174,0.09602,0.03763
trial_000337,SUBJ_017,7,175,225,1.12,0,finger_tap,0.9697,0,finger_tap,True,0.00227,-0.01209,0.13756,0.21576,0.1132
trial_000337,SUBJ_017,8,200,250,1.245,0,finger_tap,0.9968,0,finger_tap,True,0.00783,0.00246,0.35098,0.43702,0.2443
trial_000337,SUBJ_017,9,225,275,1.37,0,finger_tap,0.8636,0,finger_tap,True,0.01125,0.01611,0.54789,0.64413,0.36287
trial_000337,SUBJ_017,10,250,300,1.495,0,finger_tap,0.9958,0,finger_tap,True,0.00998,0.02389,0.61461,0.7218,0.40111
trial_000337,SUBJ_017,11,275,325,1.62,0,finger_tap,0.9803,0,finger_tap,True,0.00336,0.02338,0.50048,0.61701,0.32907
trial_000337,SUBJ_017,12,300,350,1.745,0,finger_tap,0.9937,0,finger_tap,True,-0.00548,0.01746,0.28329,0.40355,0.19394
trial_000337,SUBJ_017,13,325,375,1.87,0,finger_tap,0.9834,0,finger_tap,True,-0.01293,0.00962,0.05646,0.17064,0.0523
trial_000337,SUBJ_017,14,350,400,1.995,0,finger_tap,0.9965,0,finger_tap,True,-0.01544,0.00332,-0.08746,0.00672,-0.03979
trial_000337,SUBJ_017,15,375,425,2.12,0,finger_tap,0.9948,0,finger_tap,True,-0.01206,0.00032,-0.11142,-0.04951,-0.05951
trial_000337,SUBJ_017,16,400,450,2.245,0,finger_tap,0.9953,0,finger_tap,True,-0.00605,-0.00041,-0.0667,-0.03856,-0.03698
trial_000337,SUBJ_017,17,425,475,2.37,0,finger_tap,0.9806,0,finger_tap,True,-0.00103,-0.00013,-0.01248,-0.00798,-0.00704
trial_000338,SUBJ_017,0,0,50,0.245,0,finger_tap,0.9973,0,finger_tap,True,-0.01366,-0.02237,0.27686,0.31169,0.17748
trial_000338,SUBJ_017,1,25,75,0.37,0,finger_tap,0.997,0,finger_tap,True,-0.02243,-0.0346,0.46746,0.53256,0.29964
trial_000338,SUBJ_017,2,50,100,0.495,0,finger_tap,0.9959,0,finger_tap,True,-0.02452,-0.03257,0.54318,0.63402,0.34811
trial_000338,SUBJ_017,3,75,125,0.62,0,finger_tap,0.9746,0,finger_tap,True,-0.01655,-0.00986,0.43586,0.54071,0.27929
trial_000338,SUBJ_017,4,100,150,0.745,0,finger_tap,0.9859,0,finger_tap,True,-0.00404,0.02326,0.22891,0.33793,0.1471
trial_000338,SUBJ_017,5,125,175,0.87,0,finger_tap,0.9903,0,finger_tap,True,0.00558,0.05297,0.03827,0.14541,0.02641
trial_000338,SUBJ_017,6,150,200,0.995,0,finger_tap,0.9966,0,finger_tap,True,0.00488,0.06545,-0.02026,0.08281,-0.00797
trial_000338,SUBJ_017,7,175,225,1.12,0,finger_tap,0.9278,0,finger_tap,True,-0.00945,0.05339,0.11201,0.21192,0.08188
trial_000338,SUBJ_017,8,200,250,1.245,0,finger_tap,0.9976,0,finger_tap,True,-0.02998,0.02659,0.34323,0.44229,0.23687
trial_000338,SUBJ_017,9,225,275,1.37,0,finger_tap,0.9885,0,finger_tap,True,-0.04751,-0.00235,0.55711,0.6587,0.3821
trial_000338,SUBJ_017,10,250,300,1.495,0,finger_tap,0.9938,0,finger_tap,True,-0.05287,-0.02089,0.6378,0.74637,0.44297
trial_000338,SUBJ_017,11,275,325,1.62,0,finger_tap,0.979,0,finger_tap,True,-0.04224,-0.0226,0.53305,0.65175,0.38493
trial_000338,SUBJ_017,12,300,350,1.745,0,finger_tap,0.9595,0,finger_tap,True,-0.02267,-0.01347,0.32029,0.44609,0.25505
trial_000338,SUBJ_017,13,325,375,1.87,0,finger_tap,0.8669,0,finger_tap,True,-0.00254,-0.00104,0.0927,0.21584,0.11035
trial_000338,SUBJ_017,14,350,400,1.995,0,finger_tap,0.9934,0,finger_tap,True,0.00986,0.00724,-0.05735,0.04673,0.00733
trial_000338,SUBJ_017,15,375,425,2.12,0,finger_tap,0.9827,0,finger_tap,True,0.01129,0.00805,-0.09155,-0.02213,-0.02888
trial_000338,SUBJ_017,16,400,450,2.245,0,finger_tap,0.9947,0,finger_tap,True,0.00656,0.00464,-0.05765,-0.02578,-0.02315
trial_000338,SUBJ_017,17,425,475,2.37,0,finger_tap,0.9881,0,finger_tap,True,0.00121,0.00085,-0.01103,-0.0059,-0.00484
trial_000339,SUBJ_017,0,0,50,0.245,0,finger_tap,0.9963,0,finger_tap,True,0.00434,0.01094,0.30237,0.30456,0.16677
trial_000339,SUBJ_017,1,25,75,0.37,0,finger_tap,0.9938,0,finger_tap,True,0.00739,0.01737,0.51265,0.52124,0.28162
trial_000339,SUBJ_017,2,50,100,0.495,0,finger_tap,0.9971,0,finger_tap,True,0.00875,0.0175,0.60079,0.62263,0.32734
trial_000339,SUBJ_017,3,75,125,0.62,0,finger_tap,0.9848,0,finger_tap,True,0.0073,0.00833,0.49255,0.53546,0.26276
trial_000339,SUBJ_017,4,100,150,0.745,0,finger_tap,0.9959,0,finger_tap,True,0.00394,-0.00562,0.27498,0.34261,0.13758
trial_000339,SUBJ_017,5,125,175,0.87,0,finger_tap,0.9954,0,finger_tap,True,1e-05,-0.01823,0.06974,0.16049,0.02099
trial_000339,SUBJ_017,6,150,200,0.995,0,finger_tap,0.9968,0,finger_tap,True,-0.00313,-0.02338,-0.00164,0.10537,-0.01789
trial_000339,SUBJ_017,7,175,225,1.12,0,finger_tap,0.9732,0,finger_tap,True,-0.00416,-0.01791,0.12355,0.23686,0.05667
trial_000339,SUBJ_017,8,200,250,1.245,0,finger_tap,0.9971,0,finger_tap,True,-0.00179,-0.00651,0.35311,0.4653,0.19243
trial_000339,SUBJ_017,9,225,275,1.37,0,finger_tap,0.907,0,finger_tap,True,0.00527,0.00487,0.56965,0.67674,0.32284
trial_000339,SUBJ_017,10,250,300,1.495,0,finger_tap,0.9971,0,finger_tap,True,0.0183,0.01029,0.6562,0.75769,0.38162
trial_000339,SUBJ_017,11,275,325,1.62,0,finger_tap,0.9729,0,finger_tap,True,0.03625,0.00704,0.55896,0.65587,0.33736
trial_000339,SUBJ_017,12,300,350,1.745,0,finger_tap,0.9902,0,finger_tap,True,0.05333,-0.00103,0.35272,0.44374,0.22979
trial_000339,SUBJ_017,13,325,375,1.87,0,finger_tap,0.9687,0,finger_tap,True,0.06318,-0.00926,0.12798,0.20896,0.10727
trial_000339,SUBJ_017,14,350,400,1.995,0,finger_tap,0.9966,0,finger_tap,True,0.05955,-0.01304,-0.0256,0.03846,0.01779
trial_000339,SUBJ_017,15,375,425,2.12,0,finger_tap,0.9958,0,finger_tap,True,0.04211,-0.01075,-0.06963,-0.02859,-0.01678
trial_000339,SUBJ_017,16,400,450,2.245,0,finger_tap,0.9898,0,finger_tap,True,0.02003,-0.00554,-0.04737,-0.02903,-0.0161
trial_000339,SUBJ_017,17,425,475,2.37,0,finger_tap,0.9904,0,finger_tap,True,0.0033,-0.00096,-0.00935,-0.00645,-0.00353
trial_000340,SUBJ_018,0,0,50,0.245,1,fist_clench,0.9923,1,fist_clench,True,-0.00275,0.00865,0.05835,0.06491,0.03423
trial_000340,SUBJ_018,1,25,75,0.37,1,fist_clench,0.9985,1,fist_clench,True,-0.00595,0.0185,0.1272,0.14133,0.07486
trial_000340,SUBJ_018,2,50,100,0.495,1,fist_clench,0.9987,1,fist_clench,True,-0.01008,0.03092,0.21715,0.24092,0.12821
trial_000340,SUBJ_018,3,75,125,0.62,1,fist_clench,0.9987,1,fist_clench,True,-0.01492,0.04507,0.32417,0.3591,0.19209
trial_000340,SUBJ_018,4,100,150,0.745,1,fist_clench,0.9986,1,fist_clench,True,-0.02026,0.06011,0.44424,0.49125,0.26429
trial_000340,SUBJ_018,5,125,175,0.87,1,fist_clench,0.9986,1,fist_clench,True,-0.02588,0.07519,0.57333,0.63278,0.34261
trial_000340,SUBJ_018,6,150,200,0.995,1,fist_clench,0.9986,1,fist_clench,True,-0.03155,0.08949,0.70743,0.77909,0.42483
trial_000340,SUBJ_018,7,175,225,1.12,1,fist_clench,0.9986,1,fist_clench,True,-0.03707,0.10216,0.8425,0.92557,0.50875
trial_000340,SUBJ_018,8,200,250,1.245,1,fist_clench,0.9987,1,fist_clench,True,-0.04221,0.11236,0.97452,1.06763,0.59216
trial_000340,SUBJ_018,9,225,275,1.37,1,fist_clench,0.9987,1,fist_clench,True,-0.04676,0.11925,1.09948,1.20065,0.67286
trial_000340,SUBJ_018,10,250,300,1.495,1,fist_clench,0.9986,1,fist_clench,True,-0.0505,0.12199,1.21334,1.32005,0.74864
trial_000340,SUBJ_018,11,275,325,1.62,1,fist_clench,0.9984,1,fist_clench,True,-0.05324,0.11986,1.31244,1.42164,0.81745
trial_000340,SUBJ_018,12,300,350,1.745,1,fist_clench,0.9983,1,fist_clench,True,-0.05495,0.11306,1.39613,1.50489,0.8786
trial_000340,SUBJ_018,13,325,375,1.87,1,fist_clench,0.9982,1,fist_clench,True,-0.0557,0.1023,1.46529,1.57108,0.93209
trial_000340,SUBJ_018,14,350,400,1.995,1,fist_clench,0.9983,1,fist_clench,True,-0.05557,0.08827,1.52081,1.62151,0.97792
trial_000340,SUBJ_018,15,375,425,2.12,1,fist_clench,0.9983,1,fist_clench,True,-0.05463,0.07165,1.56358,1.6575,1.01607
trial_000340,SUBJ_018,16,400,450,2.245,1,fist_clench,0.9983,1,fist_clench,True,-0.05294,0.05315,1.59448,1.68034,1.04656
trial_000340,SUBJ_018,17,425,475,2.37,1,fist_clench,0.9984,1,fist_clench,True,-0.05058,0.03346,1.61441,1.69133,1.06938
trial_000340,SUBJ_018,18,450,500,2.495,1,fist_clench,0.9982,1,fist_clench,True,-0.04762,0.01327,1.62425,1.69178,1.08453
trial_000340,SUBJ_018,19,475,525,2.62,1,fist_clench,0.9972,1,fist_clench,True,-0.04414,-0.00672,1.6249,1.68299,1.092
trial_000340,SUBJ_018,20,500,550,2.745,1,fist_clench,0.9909,1,fist_clench,True,-0.04019,-0.02582,1.61723,1.66626,1.0918
trial_000340,SUBJ_018,21,525,575,2.87,1,fist_clench,0.9476,1,fist_clench,True,-0.03585,-0.04333,1.60215,1.6429,1.08393
trial_000340,SUBJ_018,22,550,600,2.995,1,fist_clench,0.9031,1,fist_clench,True,-0.0312,-0.05856,1.58053,1.61421,1.06838
trial_000340,SUBJ_018,23,575,625,3.12,1,fist_clench,0.9842,1,fist_clench,True,-0.0263,-0.07081,1.55328,1.58148,1.04515
trial_000340,SUBJ_018,24,600,650,3.245,1,fist_clench,0.9976,1,fist_clench,True,-0.02123,-0.07942,1.52125,1.54599,1.01427
trial_000340,SUBJ_018,25,625,675,3.37,1,fist_clench,0.9988,1,fist_clench,True,-0.01606,-0.08429,1.4849,1.50821,0.97622
trial_000340,SUBJ_018,26,650,700,3.495,1,fist_clench,0.9989,1,fist_clench,True,-0.01087,-0.08583,1.44431,1.46795,0.9319
trial_000340,SUBJ_018,27,675,725,3.62,1,fist_clench,0.9989,1,fist_clench,True,-0.00574,-0.08447,1.39954,1.42494,0.88223
trial_000340,SUBJ_018,28,700,750,3.745,1,fist_clench,0.9987,1,fist_clench,True,-0.00076,-0.08065,1.35068,1.37896,0.82814
trial_000340,SUBJ_018,29,725,775,3.87,1,fist_clench,0.9985,1,fist_clench,True,0.00399,-0.0748,1.29777,1.32977,0.77055
trial_000340,SUBJ_018,30,750,800,3.995,1,fist_clench,0.9984,1,fist_clench,True,0.00844,-0.06735,1.2409,1.27712,0.71036
trial_000340,SUBJ_018,31,775,825,4.12,1,fist_clench,0.9983,1,fist_clench,True,0.0125,-0.05873,1.18013,1.22077,0.64851
trial_000340,SUBJ_018,32,800,850,4.245,1,fist_clench,0.9982,1,fist_clench,True,0.01609,-0.04937,1.11552,1.16049,0.58592
trial_000340,SUBJ_018,33,825,875,4.37,1,fist_clench,0.9982,1,fist_clench,True,0.01913,-0.03971,1.04714,1.09604,0.52349
trial_000340,SUBJ_018,34,850,900,4.495,1,fist_clench,0.9983,1,fist_clench,True,0.02153,-0.03017,0.97506,1.02716,0.46216
trial_000340,SUBJ_018,35,875,925,4.62,1,fist_clench,0.9983,1,fist_clench,True,0.02323,-0.02119,0.89935,0.95364,0.40283
trial_000340,SUBJ_018,36,900,950,4.745,1,fist_clench,0.9983,1,fist_clench,True,0.02413,-0.0132,0.82007,0.87521,0.34644
trial_000340,SUBJ_018,37,925,975,4.87,1,fist_clench,0.9984,1,fist_clench,True,0.02415,-0.00663,0.73731,0.79167,0.29389
trial_000340,SUBJ_018,38,950,1000,4.995,1,fist_clench,0.9984,1,fist_clench,True,0.02331,-0.00168,0.65172,0.70358,0.24576
trial_000340,SUBJ_018,39,975,1025,5.12,1,fist_clench,0.9986,1,fist_clench,True,0.02173,0.00182,0.5649,0.61283,0.20205
trial_000340,SUBJ_018,40,1000,1050,5.245,1,fist_clench,0.9986,1,fist_clench,True,0.01959,0.00406,0.47854,0.52144,0.16273
trial_000340,SUBJ_018,41,1025,1075,5.37,1,fist_clench,0.9987,1,fist_clench,True,0.01703,0.00523,0.39432,0.4314,0.12776
trial_000340,SUBJ_018,42,1050,1100,5.495,1,fist_clench,0.9988,1,fist_clench,True,0.0142,0.00554,0.31393,0.34471,0.0971
trial_000340,SUBJ_018,43,1075,1125,5.62,1,fist_clench,0.9989,1,fist_clench,True,0.01126,0.00518,0.23906,0.26338,0.07072
trial_000340,SUBJ_018,44,1100,1150,5.745,1,fist_clench,0.9989,1,fist_clench,True,0.00837,0.00435,0.1714,0.18941,0.04857
trial_000340,SUBJ_018,45,1125,1175,5.87,1,fist_clench,0.999,1,fist_clench,True,0.00568,0.00325,0.11262,0.12481,0.03062
trial_000340,SUBJ_018,46,1150,1200,5.995,1,fist_clench,0.9989,1,fist_clench,True,0.00335,0.00206,0.06442,0.07158,0.01682
trial_000340,SUBJ_018,47,1175,1225,6.12,1,fist_clench,0.9979,1,fist_clench,True,0.00152,0.001,0.02848,0.03172,0.00715
trial_000340,SUBJ_018,48,1200,1250,6.245,1,fist_clench,0.9169,1,fist_clench,True,0.00035,0.00024,0.00648,0.00723,0.00157
trial_000341,SUBJ_018,0,0,50,0.245,1,fist_clench,0.9861,1,fist_clench,True,-0.0007,0.00813,0.0565,0.06702,0.03205
trial_000341,SUBJ_018,1,25,75,0.37,1,fist_clench,0.9981,1,fist_clench,True,-0.0015,0.01734,0.12323,0.1458,0.07011
trial_000341,SUBJ_018,2,50,100,0.495,1,fist_clench,0.9986,1,fist_clench,True,-0.0025,0.02888,0.21046,0.24835,0.12012
trial_000341,SUBJ_018,3,75,125,0.62,1,fist_clench,0.9986,1,fist_clench,True,-0.00363,0.04193,0.31434,0.36982,0.18006
trial_000341,SUBJ_018,4,100,150,0.745,1,fist_clench,0.9985,1,fist_clench,True,-0.00482,0.05567,0.431,0.50541,0.24786
trial_000341,SUBJ_018,5,125,175,0.87,1,fist_clench,0.9984,1,fist_clench,True,-0.006,0.06927,0.55659,0.65028,0.32148
trial_000341,SUBJ_018,6,150,200,0.995,1,fist_clench,0.9983,1,fist_clench,True,-0.0071,0.08191,0.68724,0.7996,0.39887
trial_000341,SUBJ_018,7,175,225,1.12,1,fist_clench,0.9983,1,fist_clench,True,-0.00805,0.09277,0.81909,0.94856,0.47798
trial_000341,SUBJ_018,8,200,250,1.245,1,fist_clench,0.9985,1,fist_clench,True,-0.00877,0.10103,0.94828,1.09232,0.55677
trial_000341,SUBJ_018,9,225,275,1.37,1,fist_clench,0.9986,1,fist_clench,True,-0.00919,0.10585,1.07095,1.22606,0.63319
trial_000341,SUBJ_018,10,250,300,1.495,1,fist_clench,0.9986,1,fist_clench,True,-0.00925,0.10642,1.18323,1.34496,0.70519
trial_000341,SUBJ_018,11,275,325,1.62,1,fist_clench,0.9985,1,fist_clench,True,-0.00889,0.10204,1.2816,1.44464,0.77087
trial_000341,SUBJ_018,12,300,350,1.745,1,fist_clench,0.9983,1,fist_clench,True,-0.00814,0.09294,1.36543,1.52468,0.82957
trial_000341,SUBJ_018,13,325,375,1.87,1,fist_clench,0.9982,1,fist_clench,True,-0.00712,0.07987,1.43552,1.5866,0.88124
trial_000341,SUBJ_018,14,350,400,1.995,1,fist_clench,0.9981,1,fist_clench,True,-0.00591,0.06358,1.4927,1.63195,0.92585
trial_000341,SUBJ_018,15,375,425,2.12,1,fist_clench,0.9981,1,fist_clench,True,-0.00463,0.0448,1.53778,1.66228,0.96337
trial_000341,SUBJ_018,16,400,450,2.245,1,fist_clench,0.9981,1,fist_clench,True,-0.00336,0.02428,1.57159,1.67915,0.99375
trial_000341,SUBJ_018,17,425,475,2.37,1,fist_clench,0.9981,1,fist_clench,True,-0.00221,0.00277,1.59494,1.6841,1.01698
trial_000341,SUBJ_018,18,450,500,2.495,1,fist_clench,0.9978,1,fist_clench,True,-0.00128,-0.01901,1.60868,1.67867,1.033
trial_000341,SUBJ_018,19,475,525,2.62,1,fist_clench,0.9974,1,fist_clench,True,-0.00067,-0.04029,1.6136,1.66443,1.04179
trial_000341,SUBJ_018,20,500,550,2.745,1,fist_clench,0.9949,1,fist_clench,True,-0.00047,-0.06034,1.61054,1.64292,1.0433
trial_000341,SUBJ_018,21,525,575,2.87,1,fist_clench,0.986,1,fist_clench,True,-0.00079,-0.07842,1.60032,1.61569,1.03752
trial_000341,SUBJ_018,22,550,600,2.995,1,fist_clench,0.96,1,fist_clench,True,-0.00172,-0.09378,1.58376,1.58429,1.02439
trial_000341,SUBJ_018,23,575,625,3.12,1,fist_clench,0.9653,1,fist_clench,True,-0.00337,-0.10568,1.56167,1.55027,1.00389
trial_000341,SUBJ_018,24,600,650,3.245,1,fist_clench,0.9944,1,fist_clench,True,-0.00583,-0.11341,1.53487,1.51513,0.976
trial_000341,SUBJ_018,25,625,675,3.37,1,fist_clench,0.9983,1,fist_clench,True,-0.00905,-0.11688,1.50373,1.47933,0.94116
trial_000341,SUBJ_018,26,650,700,3.495,1,fist_clench,0.9988,1,fist_clench,True,-0.01287,-0.11659,1.46823,1.44241,0.90023
trial_000341,SUBJ_018,27,675,725,3.62,1,fist_clench,0.9989,1,fist_clench,True,-0.01711,-0.11304,1.42836,1.40387,0.85406
trial_000341,SUBJ_018,28,700,750,3.745,1,fist_clench,0.9988,1,fist_clench,True,-0.0216,-0.10674,1.38409,1.36323,0.80352
trial_000341,SUBJ_018,29,725,775,3.87,1,fist_clench,0.9986,1,fist_clench,True,-0.02617,-0.09818,1.3354,1.31999,0.74948
trial_000341,SUBJ_018,30,750,800,3.995,1,fist_clench,0.9985,1,fist_clench,True,-0.03065,-0.08788,1.28227,1.27364,0.69279
trial_000341,SUBJ_018,31,775,825,4.12,1,fist_clench,0.9983,1,fist_clench,True,-0.03485,-0.07634,1.22467,1.2237,0.63433
trial_000341,SUBJ_018,32,800,850,4.245,1,fist_clench,0.9981,1,fist_clench,True,-0.03863,-0.06407,1.16258,1.16966,0.57495
trial_000341,SUBJ_018,33,825,875,4.37,1,fist_clench,0.9981,1,fist_clench,True,-0.04179,-0.05157,1.09599,1.11104,0.51551
trial_000341,SUBJ_018,34,850,900,4.495,1,fist_clench,0.998,1,fist_clench,True,-0.04416,-0.03935,1.02486,1.04734,0.45689
trial_000341,SUBJ_018,35,875,925,4.62,1,fist_clench,0.998,1,fist_clench,True,-0.04559,-0.02792,0.94917,0.97806,0.39995
trial_000341,SUBJ_018,36,900,950,4.745,1,fist_clench,0.998,1,fist_clench,True,-0.04588,-0.01778,0.86891,0.90271,0.34554
trial_000341,SUBJ_018,37,925,975,4.87,1,fist_clench,0.9979,1,fist_clench,True,-0.04488,-0.00942,0.78406,0.8208,0.29453
trial_000341,SUBJ_018,38,950,1000,4.995,1,fist_clench,0.9979,1,fist_clench,True,-0.04256,-0.0031,0.6953,0.73285,0.24748
trial_000341,SUBJ_018,39,975,1025,5.12,1,fist_clench,0.9979,1,fist_clench,True,-0.03915,0.00141,0.60445,0.64097,0.20444
trial_000341,SUBJ_018,40,1000,1050,5.245,1,fist_clench,0.9979,1,fist_clench,True,-0.03491,0.00434,0.5134,0.54739,0.16545
trial_000341,SUBJ_018,41,1025,1075,5.37,1,fist_clench,0.9979,1,fist_clench,True,-0.03007,0.00594,0.42407,0.45437,0.13053
trial_000341,SUBJ_018,42,1050,1100,5.495,1,fist_clench,0.998,1,fist_clench,True,-0.02489,0.00645,0.33837,0.36415,0.09968
trial_000341,SUBJ_018,43,1075,1125,5.62,1,fist_clench,0.9981,1,fist_clench,True,-0.01962,0.00612,0.25819,0.279,0.07295
trial_000341,SUBJ_018,44,1100,1150,5.745,1,fist_clench,0.9982,1,fist_clench,True,-0.01451,0.00518,0.18546,0.20114,0.05034
trial_000341,SUBJ_018,45,1125,1175,5.87,1,fist_clench,0.9985,1,fist_clench,True,-0.0098,0.00389,0.12207,0.13284,0.03189
trial_000341,SUBJ_018,46,1150,1200,5.995,1,fist_clench,0.9988,1,fist_clench,True,-0.00575,0.00248,0.06993,0.07634,0.01761
trial_000341,SUBJ_018,47,1175,1225,6.12,1,fist_clench,0.999,1,fist_clench,True,-0.0026,0.0012,0.03096,0.0339,0.00752
trial_000341,SUBJ_018,48,1200,1250,6.245,1,fist_clench,0.9902,1,fist_clench,True,-0.0006,0.0003,0.00705,0.00775,0.00166
trial_000342,SUBJ_018,0,0,50,0.245,1,fist_clench,0.9465,1,fist_clench,True,0.0028,0.00922,0.05311,0.06577,0.03638
trial_000342,SUBJ_018,1,25,75,0.37,1,fist_clench,0.9916,1,fist_clench,True,0.00606,0.01967,0.11594,0.14312,0.0794
trial_000342,SUBJ_018,2,50,100,0.495,1,fist_clench,0.9959,1,fist_clench,True,0.01025,0.03279,0.19823,0.24386,0.1357
trial_000342,SUBJ_018,3,75,125,0.62,1,fist_clench,0.9963,1,fist_clench,True,0.01515,0.04765,0.29644,0.36326,0.20285
trial_000342,SUBJ_018,4,100,150,0.745,1,fist_clench,0.9918,1,fist_clench,True,0.02053,0.06332,0.407,0.49663,0.27839
trial_000342,SUBJ_018,5,125,175,0.87,1,fist_clench,0.9774,1,fist_clench,True,0.02616,0.07888,0.52637,0.63925,0.35986
trial_000342,SUBJ_018,6,150,200,0.995,1,fist_clench,0.9355,1,fist_clench,True,0.03181,0.0934,0.65101,0.78642,0.44483
trial_000342,SUBJ_018,7,175,225,1.12,1,fist_clench,0.8965,1,fist_clench,True,0.03726,0.10596,0.77735,0.93342,0.53083
trial_000342,SUBJ_018,8,200,250,1.245,1,fist_clench,0.9163,1,fist_clench,True,0.04228,0.11563,0.90186,1.07554,0.61543
trial_000342,SUBJ_018,9,225,275,1.37,1,fist_clench,0.9192,1,fist_clench,True,0.04664,0.12149,1.02097,1.20809,0.69617
trial_000342,SUBJ_018,10,250,300,1.495,1,fist_clench,0.9642,1,fist_clench,True,0.05012,0.12261,1.13115,1.32635,0.7706
trial_000342,SUBJ_018,11,275,325,1.62,1,fist_clench,0.9852,1,fist_clench,True,0.05251,0.1182,1.22913,1.42605,0.83646
trial_000342,SUBJ_018,12,300,350,1.745,1,fist_clench,0.9942,1,fist_clench,True,0.0538,0.10853,1.31419,1.50671,0.89316
trial_000342,SUBJ_018,13,325,375,1.87,1,fist_clench,0.997,1,fist_clench,True,0.0541,0.09443,1.38685,1.56976,0.94092
trial_000342,SUBJ_018,14,350,400,1.995,1,fist_clench,0.9974,1,fist_clench,True,0.05349,0.07674,1.44766,1.61662,0.97998
trial_000342,SUBJ_018,15,375,425,2.12,1,fist_clench,0.9973,1,fist_clench,True,0.05208,0.05629,1.49717,1.64874,1.01058
trial_000342,SUBJ_018,16,400,450,2.245,1,fist_clench,0.9971,1,fist_clench,True,0.04997,0.0339,1.53591,1.66754,1.03294
trial_000342,SUBJ_018,17,425,475,2.37,1,fist_clench,0.9966,1,fist_clench,True,0.04724,0.01041,1.56444,1.67446,1.04731
trial_000342,SUBJ_018,18,450,500,2.495,1,fist_clench,0.9958,1,fist_clench,True,0.044,-0.01334,1.58329,1.67094,1.05393
trial_000342,SUBJ_018,19,475,525,2.62,1,fist_clench,0.9949,1,fist_clench,True,0.04034,-0.03653,1.59301,1.65841,1.05303
trial_000342,SUBJ_018,20,500,550,2.745,1,fist_clench,0.9936,1,fist_clench,True,0.03636,-0.05833,1.59414,1.6383,1.04484
trial_000342,SUBJ_018,21,525,575,2.87,1,fist_clench,0.9874,1,fist_clench,True,0.03216,-0.0779,1.58723,1.61205,1.0296
trial_000342,SUBJ_018,22,550,600,2.995,1,fist_clench,0.9655,1,fist_clench,True,0.02784,-0.09441,1.57282,1.58109,1.00755
trial_000342,SUBJ_018,23,575,625,3.12,1,fist_clench,0.9716,1,fist_clench,True,0.02348,-0.10703,1.55146,1.54686,0.97893
trial_000342,SUBJ_018,24,600,650,3.245,1,fist_clench,0.9957,1,fist_clench,True,0.01919,-0.11497,1.52367,1.51075,0.94398
trial_000342,SUBJ_018,25,625,675,3.37,1,fist_clench,0.9986,1,fist_clench,True,0.01503,-0.11815,1.48988,1.47324,0.90324
trial_000342,SUBJ_018,26,650,700,3.495,1,fist_clench,0.9989,1,fist_clench,True,0.01103,-0.11712,1.45036,1.43402,0.85752
trial_000342,SUBJ_018,27,675,725,3.62,1,fist_clench,0.9989,1,fist_clench,True,0.00722,-0.11248,1.40539,1.39273,0.8076
trial_000342,SUBJ_018,28,700,750,3.745,1,fist_clench,0.9987,1,fist_clench,True,0.00364,-0.10482,1.35527,1.34901,0.75431
trial_000342,SUBJ_018,29,725,775,3.87,1,fist_clench,0.9985,1,fist_clench,True,0.00032,-0.09472,1.30027,1.30252,0.69845
trial_000342,SUBJ_018,30,750,800,3.995,1,fist_clench,0.9984,1,fist_clench,True,-0.00271,-0.08276,1.24068,1.25291,0.64081
trial_000342,SUBJ_018,31,775,825,4.12,1,fist_clench,0.9983,1,fist_clench,True,-0.00542,-0.06955,1.17677,1.19981,0.58222
trial_000342,SUBJ_018,32,800,850,4.245,1,fist_clench,0.9982,1,fist_clench,True,-0.00778,-0.05566,1.10884,1.14288,0.52346
trial_000342,SUBJ_018,33,825,875,4.37,1,fist_clench,0.9982,1,fist_clench,True,-0.00975,-0.04168,1.03716,1.08177,0.46536
trial_000342,SUBJ_018,34,850,900,4.495,1,fist_clench,0.9982,1,fist_clench,True,-0.01131,-0.0282,0.96202,1.01613,0.40871
trial_000342,SUBJ_018,35,875,925,4.62,1,fist_clench,0.9982,1,fist_clench,True,-0.01241,-0.01581,0.8837,0.94559,0.35432
trial_000342,SUBJ_018,36,900,950,4.745,1,fist_clench,0.9982,1,fist_clench,True,-0.01304,-0.00509,0.80249,0.86982,0.30299
trial_000342,SUBJ_018,37,925,975,4.87,1,fist_clench,0.9983,1,fist_clench,True,-0.01315,0.00337,0.71866,0.78846,0.25554
trial_000342,SUBJ_018,38,950,1000,4.995,1,fist_clench,0.9983,1,fist_clench,True,-0.01276,0.00931,0.63298,0.70206,0.21242
trial_000342,SUBJ_018,39,975,1025,5.12,1,fist_clench,0.9984,1,fist_clench,True,-0.01195,0.01304,0.54688,0.61255,0.1736
trial_000342,SUBJ_018,40,1000,1050,5.245,1,fist_clench,0.9985,1,fist_clench,True,-0.0108,0.01486,0.46192,0.52199,0.13897
trial_000342,SUBJ_018,41,1025,1075,5.37,1,fist_clench,0.9985,1,fist_clench,True,-0.00941,0.01511,0.3796,0.43244,0.10843
trial_000342,SUBJ_018,42,1050,1100,5.495,1,fist_clench,0.9986,1,fist_clench,True,-0.00787,0.01411,0.30147,0.34597,0.0819
trial_000342,SUBJ_018,43,1075,1125,5.62,1,fist_clench,0.9987,1,fist_clench,True,-0.00625,0.01221,0.22906,0.26464,0.05927
trial_000342,SUBJ_018,44,1100,1150,5.745,1,fist_clench,0.9988,1,fist_clench,True,-0.00466,0.00972,0.16388,0.19052,0.04045
trial_000342,SUBJ_018,45,1125,1175,5.87,1,fist_clench,0.9989,1,fist_clench,True,-0.00316,0.00697,0.10747,0.12566,0.02533
trial_000342,SUBJ_018,46,1150,1200,5.995,1,fist_clench,0.999,1,fist_clench,True,-0.00187,0.0043,0.06136,0.07213,0.01383
trial_000342,SUBJ_018,47,1175,1225,6.12,1,fist_clench,0.9979,1,fist_clench,True,-0.00085,0.00203,0.02708,0.03199,0.00584
trial_000342,SUBJ_018,48,1200,1250,6.245,1,fist_clench,0.9098,1,fist_clench,True,-0.0002,0.00049,0.00615,0.0073,0.00127
trial_000343,SUBJ_018,0,0,50,0.245,1,fist_clench,0.9889,1,fist_clench,True,-0.00111,0.00743,0.05626,0.06387,0.03516
trial_000343,SUBJ_018,1,25,75,0.37,1,fist_clench,0.9983,1,fist_clench,True,-0.00233,0.0158,0.1227,0.13899,0.07682
trial_000343,SUBJ_018,2,50,100,0.495,1,fist_clench,0.9987,1,fist_clench,True,-0.0038,0.02621,0.20958,0.2368,0.13145
trial_000343,SUBJ_018,3,75,125,0.62,1,fist_clench,0.9986,1,fist_clench,True,-0.00538,0.03786,0.31306,0.35273,0.19675
trial_000343,SUBJ_018,4,100,150,0.745,1,fist_clench,0.9986,1,fist_clench,True,-0.00693,0.04998,0.42929,0.4822,0.2704
trial_000343,SUBJ_018,5,125,175,0.87,1,fist_clench,0.9985,1,fist_clench,True,-0.00831,0.06175,0.55443,0.62063,0.3501
trial_000343,SUBJ_018,6,150,200,0.995,1,fist_clench,0.9985,1,fist_clench,True,-0.00938,0.0724,0.68466,0.76345,0.43353
trial_000343,SUBJ_018,7,175,225,1.12,1,fist_clench,0.9986,1,fist_clench,True,-0.00999,0.08113,0.81612,0.90607,0.51839
trial_000343,SUBJ_018,8,200,250,1.245,1,fist_clench,0.9987,1,fist_clench,True,-0.01001,0.08715,0.94499,1.04393,0.60236
trial_000343,SUBJ_018,9,225,275,1.37,1,fist_clench,0.9987,1,fist_clench,True,-0.00929,0.08965,1.06741,1.17244,0.68313
trial_000343,SUBJ_018,10,250,300,1.495,1,fist_clench,0.9986,1,fist_clench,True,-0.00769,0.08786,1.17956,1.28703,0.75839
trial_000343,SUBJ_018,11,275,325,1.62,1,fist_clench,0.9985,1,fist_clench,True,-0.00509,0.0811,1.27793,1.38355,0.82601
trial_000343,SUBJ_018,12,300,350,1.745,1,fist_clench,0.9984,1,fist_clench,True,-0.00159,0.06966,1.36183,1.46155,0.88535
trial_000343,SUBJ_018,13,325,375,1.87,1,fist_clench,0.9983,1,fist_clench,True,0.00263,0.05434,1.43201,1.52243,0.93651
trial_000343,SUBJ_018,14,350,400,1.995,1,fist_clench,0.9983,1,fist_clench,True,0.00738,0.03595,1.48924,1.56759,0.97962
trial_000343,SUBJ_018,15,375,425,2.12,1,fist_clench,0.9983,1,fist_clench,True,0.01246,0.01529,1.53425,1.59847,1.01478
trial_000343,SUBJ_018,16,400,450,2.245,1,fist_clench,0.9984,1,fist_clench,True,0.01769,-0.00684,1.56781,1.61646,1.04212
trial_000343,SUBJ_018,17,425,475,2.37,1,fist_clench,0.9984,1,fist_clench,True,0.02287,-0.02965,1.59068,1.62299,1.06176
trial_000343,SUBJ_018,18,450,500,2.495,1,fist_clench,0.9981,1,fist_clench,True,0.02781,-0.05232,1.60361,1.61947,1.0738
trial_000343,SUBJ_018,19,475,525,2.62,1,fist_clench,0.9971,1,fist_clench,True,0.03231,-0.07407,1.60735,1.60731,1.07836
trial_000343,SUBJ_018,20,500,550,2.745,1,fist_clench,0.9894,1,fist_clench,True,0.0362,-0.09408,1.60266,1.58793,1.07557
trial_000343,SUBJ_018,21,525,575,2.87,1,fist_clench,0.9563,1,fist_clench,True,0.03927,-0.11155,1.59031,1.56275,1.06553
trial_000343,SUBJ_018,22,550,600,2.995,1,fist_clench,0.9151,1,fist_clench,True,0.04133,-0.12569,1.57103,1.53318,1.04837
trial_000343,SUBJ_018,23,575,625,3.12,1,fist_clench,0.9765,1,fist_clench,True,0.0422,-0.1357,1.54559,1.50062,1.0242
trial_000343,SUBJ_018,24,600,650,3.245,1,fist_clench,0.9969,1,fist_clench,True,0.04169,-0.1408,1.51473,1.46646,0.99315
trial_000343,SUBJ_018,25,625,675,3.37,1,fist_clench,0.9987,1,fist_clench,True,0.03982,-0.14097,1.4789,1.43115,0.95571
trial_000343,SUBJ_018,26,650,700,3.495,1,fist_clench,0.9989,1,fist_clench,True,0.03678,-0.13681,1.43826,1.39433,0.91268
trial_000343,SUBJ_018,27,675,725,3.62,1,fist_clench,0.9989,1,fist_clench,True,0.03279,-0.12898,1.39298,1.3556,0.86485
trial_000343,SUBJ_018,28,700,750,3.745,1,fist_clench,0.9988,1,fist_clench,True,0.02805,-0.11812,1.34322,1.31459,0.81304
trial_000343,SUBJ_018,29,725,775,3.87,1,fist_clench,0.9987,1,fist_clench,True,0.02276,-0.10486,1.28916,1.27089,0.75806
trial_000343,SUBJ_018,30,750,800,3.995,1,fist_clench,0.9985,1,fist_clench,True,0.01714,-0.08984,1.23094,1.22412,0.70071
trial_000343,SUBJ_018,31,775,825,4.12,1,fist_clench,0.9985,1,fist_clench,True,0.01137,-0.07372,1.16875,1.17388,0.6418
trial_000343,SUBJ_018,32,800,850,4.245,1,fist_clench,0.9983,1,fist_clench,True,0.00568,-0.05714,1.10275,1.1198,0.58214
trial_000343,SUBJ_018,33,825,875,4.37,1,fist_clench,0.9983,1,fist_clench,True,0.00026,-0.04072,1.03309,1.06146,0.52254
trial_000343,SUBJ_018,34,850,900,4.495,1,fist_clench,0.9983,1,fist_clench,True,-0.00468,-0.02513,0.95994,0.9985,0.4638
trial_000343,SUBJ_018,35,875,925,4.62,1,fist_clench,0.9983,1,fist_clench,True,-0.00893,-0.01099,0.88347,0.9305,0.40674
trial_000343,SUBJ_018,36,900,950,4.745,1,fist_clench,0.9983,1,fist_clench,True,-0.01229,0.00104,0.80384,0.8571,0.35215
trial_000343,SUBJ_018,37,925,975,4.87,1,fist_clench,0.9983,1,fist_clench,True,-0.01455,0.01034,0.72123,0.77789,0.30085
trial_000343,SUBJ_018,38,950,1000,4.995,1,fist_clench,0.9983,1,fist_clench,True,-0.01566,0.01664,0.63632,0.69341,0.25336
trial_000343,SUBJ_018,39,975,1025,5.12,1,fist_clench,0.9984,1,fist_clench,True,-0.01576,0.02029,0.55062,0.60559,0.20977
trial_000343,SUBJ_018,40,1000,1050,5.245,1,fist_clench,0.9985,1,fist_clench,True,-0.01504,0.0217,0.46573,0.51651,0.17015
trial_000343,SUBJ_018,41,1025,1075,5.37,1,fist_clench,0.9985,1,fist_clench,True,-0.01365,0.02127,0.38323,0.42824,0.13453
trial_000343,SUBJ_018,42,1050,1100,5.495,1,fist_clench,0.9986,1,fist_clench,True,-0.01179,0.0194,0.30471,0.34286,0.10297
trial_000343,SUBJ_018,43,1075,1125,5.62,1,fist_clench,0.9987,1,fist_clench,True,-0.00962,0.0165,0.23177,0.26243,0.07552
trial_000343,SUBJ_018,44,1100,1150,5.745,1,fist_clench,0.9988,1,fist_clench,True,-0.00732,0.01297,0.16599,0.18904,0.05223
trial_000343,SUBJ_018,45,1125,1175,5.87,1,fist_clench,0.9989,1,fist_clench,True,-0.00507,0.00922,0.10896,0.12475,0.03316
trial_000343,SUBJ_018,46,1150,1200,5.995,1,fist_clench,0.999,1,fist_clench,True,-0.00304,0.00564,0.06226,0.07164,0.01835
trial_000343,SUBJ_018,47,1175,1225,6.12,1,fist_clench,0.9984,1,fist_clench,True,-0.0014,0.00264,0.0275,0.03179,0.00786
trial_000343,SUBJ_018,48,1200,1250,6.245,1,fist_clench,0.9535,1,fist_clench,True,-0.00033,0.00063,0.00625,0.00726,0.00173
trial_000344,SUBJ_018,0,0,50,0.245,1,fist_clench,0.9905,1,fist_clench,True,0.00155,0.00484,0.05752,0.06782,0.03113
trial_000344,SUBJ_018,1,25,75,0.37,1,fist_clench,0.9984,1,fist_clench,True,0.00327,0.01026,0.12542,0.14753,0.06813
trial_000344,SUBJ_018,2,50,100,0.495,1,fist_clench,0.9987,1,fist_clench,True,0.00536,0.01699,0.21415,0.25125,0.1168
trial_000344,SUBJ_018,3,75,125,0.62,1,fist_clench,0.9987,1,fist_clench,True,0.00765,0.02449,0.31975,0.37411,0.17516
trial_000344,SUBJ_018,4,100,150,0.745,1,fist_clench,0.9986,1,fist_clench,True,0.00996,0.03224,0.43828,0.5112,0.24126
trial_000344,SUBJ_018,5,125,175,0.87,1,fist_clench,0.9985,1,fist_clench,True,0.01209,0.03971,0.56578,0.65763,0.31312
trial_000344,SUBJ_018,6,150,200,0.995,1,fist_clench,0.9985,1,fist_clench,True,0.01386,0.04638,0.69829,0.80851,0.38878
trial_000344,SUBJ_018,7,175,225,1.12,1,fist_clench,0.9986,1,fist_clench,True,0.01508,0.05171,0.83188,0.95894,0.46627
trial_000344,SUBJ_018,8,200,250,1.245,1,fist_clench,0.9987,1,fist_clench,True,0.01558,0.05518,0.96257,1.10403,0.54362
trial_000344,SUBJ_018,9,225,275,1.37,1,fist_clench,0.9986,1,fist_clench,True,0.01516,0.05627,1.08643,1.2389,0.61886
trial_000344,SUBJ_018,10,250,300,1.495,1,fist_clench,0.9985,1,fist_clench,True,0.01365,0.05445,1.19949,1.35864,0.69002
trial_000344,SUBJ_018,11,275,325,1.62,1,fist_clench,0.9982,1,fist_clench,True,0.01088,0.04926,1.29815,1.45883,0.75528
trial_000344,SUBJ_018,12,300,350,1.745,1,fist_clench,0.9981,1,fist_clench,True,0.00696,0.04095,1.38173,1.53904,0.81399
trial_000344,SUBJ_018,13,325,375,1.87,1,fist_clench,0.9979,1,fist_clench,True,0.00212,0.03008,1.45102,1.60085,0.8661
trial_000344,SUBJ_018,14,350,400,1.995,1,fist_clench,0.9978,1,fist_clench,True,-0.00342,0.01723,1.50682,1.64586,0.91156
trial_000344,SUBJ_018,15,375,425,2.12,1,fist_clench,0.9978,1,fist_clench,True,-0.00944,0.00298,1.54994,1.67565,0.95033
trial_000344,SUBJ_018,16,400,450,2.245,1,fist_clench,0.9979,1,fist_clench,True,-0.01569,-0.0121,1.58117,1.69183,0.98236
trial_000344,SUBJ_018,17,425,475,2.37,1,fist_clench,0.9977,1,fist_clench,True,-0.02195,-0.02743,1.60133,1.69598,1.00761
trial_000344,SUBJ_018,18,450,500,2.495,1,fist_clench,0.9977,1,fist_clench,True,-0.028,-0.04245,1.61122,1.68971,1.02603
trial_000344,SUBJ_018,19,475,525,2.62,1,fist_clench,0.9972,1,fist_clench,True,-0.0336,-0.05656,1.61164,1.67461,1.03757
trial_000344,SUBJ_018,20,500,550,2.745,1,fist_clench,0.9955,1,fist_clench,True,-0.03852,-0.0692,1.60339,1.65227,1.0422
trial_000344,SUBJ_018,21,525,575,2.87,1,fist_clench,0.9801,1,fist_clench,True,-0.04254,-0.07978,1.58728,1.62428,1.03985
trial_000344,SUBJ_018,22,550,600,2.995,1,fist_clench,0.9378,1,fist_clench,True,-0.04543,-0.08775,1.56411,1.59225,1.03049
trial_000344,SUBJ_018,23,575,625,3.12,1,fist_clench,0.9851,1,fist_clench,True,-0.04696,-0.09251,1.53469,1.55776,1.01408
trial_000344,SUBJ_018,24,600,650,3.245,1,fist_clench,0.9975,1,fist_clench,True,-0.04691,-0.09352,1.49979,1.52236,0.99058
trial_000344,SUBJ_018,25,625,675,3.37,1,fist_clench,0.9987,1,fist_clench,True,-0.0453,-0.0908,1.45994,1.48651,0.96036
trial_000344,SUBJ_018,26,650,700,3.495,1,fist_clench,0.9989,1,fist_clench,True,-0.04234,-0.08487,1.41537,1.44972,0.92417
trial_000344,SUBJ_018,27,675,725,3.62,1,fist_clench,0.9988,1,fist_clench,True,-0.03827,-0.07626,1.36632,1.41146,0.88274
trial_000344,SUBJ_018,28,700,750,3.745,1,fist_clench,0.9986,1,fist_clench,True,-0.03331,-0.06553,1.31303,1.37118,0.83681
trial_000344,SUBJ_018,29,725,775,3.87,1,fist_clench,0.9984,1,fist_clench,True,-0.02769,-0.05321,1.25574,1.32837,0.78712
trial_000344,SUBJ_018,30,750,800,3.995,1,fist_clench,0.9982,1,fist_clench,True,-0.02164,-0.03984,1.19469,1.28248,0.73443
trial_000344,SUBJ_018,31,775,825,4.12,1,fist_clench,0.9982,1,fist_clench,True,-0.01539,-0.02597,1.13011,1.23299,0.67947
trial_000344,SUBJ_018,32,800,850,4.245,1,fist_clench,0.9982,1,fist_clench,True,-0.00916,-0.01213,1.06224,1.17936,0.62299
trial_000344,SUBJ_018,33,825,875,4.37,1,fist_clench,0.9982,1,fist_clench,True,-0.00319,0.00113,0.99132,1.12106,0.56572
trial_000344,SUBJ_018,34,850,900,4.495,1,fist_clench,0.9982,1,fist_clench,True,0.0023,0.01328,0.91759,1.05756,0.50841
trial_000344,SUBJ_018,35,875,925,4.62,1,fist_clench,0.9983,1,fist_clench,True,0.00708,0.02378,0.84128,0.98832,0.45181
trial_000344,SUBJ_018,36,900,950,4.745,1,fist_clench,0.9984,1,fist_clench,True,0.01093,0.03207,0.76264,0.91281,0.39666
trial_000344,SUBJ_018,37,925,975,4.87,1,fist_clench,0.9985,1,fist_clench,True,0.0136,0.03763,0.6819,0.83052,0.34369
trial_000344,SUBJ_018,38,950,1000,4.995,1,fist_clench,0.9986,1,fist_clench,True,0.01504,0.04028,0.59974,0.74195,0.29348
trial_000344,SUBJ_018,39,975,1025,5.12,1,fist_clench,0.9988,1,fist_clench,True,0.01539,0.04041,0.51749,0.64925,0.24632
trial_000344,SUBJ_018,40,1000,1050,5.245,1,fist_clench,0.9989,1,fist_clench,True,0.01485,0.03845,0.43657,0.55471,0.20246
trial_000344,SUBJ_018,41,1025,1075,5.37,1,fist_clench,0.9989,1,fist_clench,True,0.0136,0.03486,0.35838,0.46063,0.16217
trial_000344,SUBJ_018,42,1050,1100,5.495,1,fist_clench,0.9989,1,fist_clench,True,0.01182,0.03006,0.28433,0.36931,0.12572
trial_000344,SUBJ_018,43,1075,1125,5.62,1,fist_clench,0.9989,1,fist_clench,True,0.0097,0.02451,0.21583,0.28304,0.09336
trial_000344,SUBJ_018,44,1100,1150,5.745,1,fist_clench,0.9989,1,fist_clench,True,0.00741,0.01864,0.15428,0.20412,0.06537
trial_000344,SUBJ_018,45,1125,1175,5.87,1,fist_clench,0.9988,1,fist_clench,True,0.00515,0.0129,0.1011,0.13484,0.042
trial_000344,SUBJ_018,46,1150,1200,5.995,1,fist_clench,0.9986,1,fist_clench,True,0.00309,0.00772,0.05768,0.07751,0.02352
trial_000344,SUBJ_018,47,1175,1225,6.12,1,fist_clench,0.9958,1,fist_clench,True,0.00143,0.00355,0.02544,0.03442,0.01019
trial_000344,SUBJ_018,48,1200,1250,6.245,1,fist_clench,0.8302,1,fist_clench,True,0.00034,0.00084,0.00578,0.00787,0.00227
trial_000345,SUBJ_018,0,0,50,0.245,2,pinch_precision,0.9975,2,pinch_precision,True,0.00342,0.00744,0.02038,0.01326,0.00683
trial_000345,SUBJ_018,1,25,75,0.37,2,pinch_precision,0.9982,2,pinch_precision,True,0.00758,0.01635,0.04489,0.02927,0.0151
trial_000345,SUBJ_018,2,50,100,0.495,2,pinch_precision,0.9986,2,pinch_precision,True,0.0132,0.02815,0.07751,0.05065,0.02616
trial_000345,SUBJ_018,3,75,125,0.62,2,pinch_precision,0.9987,2,pinch_precision,True,0.02012,0.04242,0.11713,0.07671,0.03969
trial_000345,SUBJ_018,4,100,150,0.745,2,pinch_precision,0.9987,2,pinch_precision,True,0.02821,0.05873,0.16268,0.10679,0.05534
trial_000345,SUBJ_018,5,125,175,0.87,2,pinch_precision,0.9987,2,pinch_precision,True,0.03732,0.07665,0.21308,0.14022,0.0728
trial_000345,SUBJ_018,6,150,200,0.995,2,pinch_precision,0.9987,2,pinch_precision,True,0.0473,0.09577,0.26722,0.17633,0.09173
trial_000345,SUBJ_018,7,175,225,1.12,2,pinch_precision,0.9986,2,pinch_precision,True,0.05803,0.11565,0.32402,0.21446,0.1118
trial_000345,SUBJ_018,8,200,250,1.245,2,pinch_precision,0.9986,2,pinch_precision,True,0.06934,0.13587,0.38239,0.25392,0.13267
trial_000345,SUBJ_018,9,225,275,1.37,2,pinch_precision,0.9986,2,pinch_precision,True,0.08111,0.15601,0.44126,0.29406,0.15403
trial_000345,SUBJ_018,10,250,300,1.495,2,pinch_precision,0.9986,2,pinch_precision,True,0.09319,0.17563,0.49952,0.33419,0.17553
trial_000345,SUBJ_018,11,275,325,1.62,2,pinch_precision,0.9986,2,pinch_precision,True,0.10543,0.19432,0.5561,0.37366,0.19684
trial_000345,SUBJ_018,12,300,350,1.745,2,pinch_precision,0.9986,2,pinch_precision,True,0.11769,0.21164,0.60989,0.41179,0.21764
trial_000345,SUBJ_018,13,325,375,1.87,2,pinch_precision,0.9986,2,pinch_precision,True,0.12983,0.22718,0.65983,0.4479,0.2376
trial_000345,SUBJ_018,14,350,400,1.995,2,pinch_precision,0.9987,2,pinch_precision,True,0.14172,0.24053,0.70487,0.48138,0.25639
trial_000345,SUBJ_018,15,375,425,2.12,2,pinch_precision,0.9987,2,pinch_precision,True,0.15322,0.25161,0.74467,0.51191,0.27384
trial_000345,SUBJ_018,16,400,450,2.245,2,pinch_precision,0.9988,2,pinch_precision,True,0.16422,0.2605,0.77923,0.5394,0.28987
trial_000345,SUBJ_018,17,425,475,2.37,2,pinch_precision,0.9989,2,pinch_precision,True,0.17462,0.2673,0.80857,0.56375,0.30437
trial_000345,SUBJ_018,18,450,500,2.495,2,pinch_precision,0.9989,2,pinch_precision,True,0.1843,0.27209,0.83271,0.58487,0.31726
trial_000345,SUBJ_018,19,475,525,2.62,2,pinch_precision,0.9989,2,pinch_precision,True,0.19316,0.27496,0.85167,0.60266,0.32845
trial_000345,SUBJ_018,20,500,550,2.745,2,pinch_precision,0.9989,2,pinch_precision,True,0.20107,0.276,0.86548,0.61701,0.33785
trial_000345,SUBJ_018,21,525,575,2.87,2,pinch_precision,0.9988,2,pinch_precision,True,0.20794,0.2753,0.87415,0.62784,0.34536
trial_000345,SUBJ_018,22,550,600,2.995,2,pinch_precision,0.9984,2,pinch_precision,True,0.21364,0.27294,0.8777,0.63505,0.3509
trial_000345,SUBJ_018,23,575,625,3.12,2,pinch_precision,0.9976,2,pinch_precision,True,0.21807,0.26903,0.87615,0.63854,0.35437
trial_000345,SUBJ_018,24,600,650,3.245,2,pinch_precision,0.9967,2,pinch_precision,True,0.22111,0.26364,0.86952,0.63821,0.35569
trial_000345,SUBJ_018,25,625,675,3.37,2,pinch_precision,0.9961,2,pinch_precision,True,0.22266,0.25687,0.85783,0.63396,0.35475
trial_000345,SUBJ_018,26,650,700,3.495,2,pinch_precision,0.997,2,pinch_precision,True,0.2226,0.2488,0.84111,0.6257,0.35148
trial_000345,SUBJ_018,27,675,725,3.62,2,pinch_precision,0.9982,2,pinch_precision,True,0.22082,0.23952,0.81936,0.61334,0.34578
trial_000345,SUBJ_018,28,700,750,3.745,2,pinch_precision,0.9985,2,pinch_precision,True,0.21721,0.22913,0.79261,0.59677,0.33756
trial_000345,SUBJ_018,29,725,775,3.87,2,pinch_precision,0.9985,2,pinch_precision,True,0.21167,0.21771,0.76089,0.5759,0.32673
trial_000345,SUBJ_018,30,750,800,3.995,2,pinch_precision,0.9981,2,pinch_precision,True,0.20423,0.20539,0.72451,0.55094,0.31339
trial_000345,SUBJ_018,31,775,825,4.12,2,pinch_precision,0.9981,2,pinch_precision,True,0.19512,0.1923,0.68409,0.52239,0.29785
trial_000345,SUBJ_018,32,800,850,4.245,2,pinch_precision,0.9978,2,pinch_precision,True,0.18456,0.1786,0.64028,0.49079,0.28042
trial_000345,SUBJ_018,33,825,875,4.37,2,pinch_precision,0.9979,2,pinch_precision,True,0.17277,0.16446,0.59373,0.45667,0.26142
trial_000345,SUBJ_018,34,850,900,4.495,2,pinch_precision,0.9978,2,pinch_precision,True,0.15997,0.15,0.54507,0.42055,0.24115
trial_000345,SUBJ_018,35,875,925,4.62,2,pinch_precision,0.9977,2,pinch_precision,True,0.1464,0.1354,0.49495,0.38296,0.21994
trial_000345,SUBJ_018,36,900,950,4.745,2,pinch_precision,0.9978,2,pinch_precision,True,0.13227,0.12079,0.44401,0.34445,0.19811
trial_000345,SUBJ_018,37,925,975,4.87,2,pinch_precision,0.9979,2,pinch_precision,True,0.1178,0.10634,0.39289,0.30553,0.17595
trial_000345,SUBJ_018,38,950,1000,4.995,2,pinch_precision,0.9981,2,pinch_precision,True,0.10324,0.09219,0.34225,0.26674,0.15379
trial_000345,SUBJ_018,39,975,1025,5.12,2,pinch_precision,0.9982,2,pinch_precision,True,0.08878,0.0785,0.29271,0.2286,0.13195
trial_000345,SUBJ_018,40,1000,1050,5.245,2,pinch_precision,0.9983,2,pinch_precision,True,0.07467,0.06541,0.24493,0.19165,0.11074
trial_000345,SUBJ_018,41,1025,1075,5.37,2,pinch_precision,0.9985,2,pinch_precision,True,0.06113,0.05309,0.19955,0.15642,0.09047
trial_000345,SUBJ_018,42,1050,1100,5.495,2,pinch_precision,0.9986,2,pinch_precision,True,0.04837,0.04167,0.15721,0.12344,0.07146
trial_000345,SUBJ_018,43,1075,1125,5.62,2,pinch_precision,0.9984,2,pinch_precision,True,0.03663,0.03132,0.11856,0.09323,0.05402
trial_000345,SUBJ_018,44,1100,1150,5.745,2,pinch_precision,0.9976,2,pinch_precision,True,0.02613,0.02218,0.08424,0.06634,0.03846
trial_000345,SUBJ_018,45,1125,1175,5.87,2,pinch_precision,0.9942,2,pinch_precision,True,0.01708,0.01441,0.05488,0.04328,0.02511
trial_000345,SUBJ_018,46,1150,1200,5.995,2,pinch_precision,0.9861,2,pinch_precision,True,0.00973,0.00815,0.03115,0.02459,0.01428
trial_000345,SUBJ_018,47,1175,1225,6.12,2,pinch_precision,0.9781,2,pinch_precision,True,0.00428,0.00357,0.01367,0.0108,0.00628
trial_000345,SUBJ_018,48,1200,1250,6.245,2,pinch_precision,0.9831,2,pinch_precision,True,0.00097,0.0008,0.00309,0.00244,0.00142
trial_000346,SUBJ_018,0,0,50,0.245,2,pinch_precision,0.9977,2,pinch_precision,True,0.00623,0.0067,0.01946,0.01608,0.00672
trial_000346,SUBJ_018,1,25,75,0.37,2,pinch_precision,0.9984,2,pinch_precision,True,0.01365,0.01478,0.04289,0.03539,0.01484
trial_000346,SUBJ_018,2,50,100,0.495,2,pinch_precision,0.9986,2,pinch_precision,True,0.02342,0.02558,0.0741,0.06106,0.0257
trial_000346,SUBJ_018,3,75,125,0.62,2,pinch_precision,0.9986,2,pinch_precision,True,0.03516,0.03876,0.11207,0.09222,0.03897
trial_000346,SUBJ_018,4,100,150,0.745,2,pinch_precision,0.9987,2,pinch_precision,True,0.04848,0.05399,0.15578,0.12799,0.05431
trial_000346,SUBJ_018,5,125,175,0.87,2,pinch_precision,0.9986,2,pinch_precision,True,0.063,0.07093,0.20421,0.1675,0.07141
trial_000346,SUBJ_018,6,150,200,0.995,2,pinch_precision,0.9986,2,pinch_precision,True,0.07832,0.08924,0.25635,0.20989,0.08993
trial_000346,SUBJ_018,7,175,225,1.12,2,pinch_precision,0.9985,2,pinch_precision,True,0.09407,0.10859,0.31117,0.25427,0.10954
trial_000346,SUBJ_018,8,200,250,1.245,2,pinch_precision,0.9984,2,pinch_precision,True,0.10985,0.12866,0.36767,0.29977,0.12991
trial_000346,SUBJ_018,9,225,275,1.37,2,pinch_precision,0.9985,2,pinch_precision,True,0.12529,0.14909,0.4248,0.34553,0.15071
trial_000346,SUBJ_018,10,250,300,1.495,2,pinch_precision,0.9985,2,pinch_precision,True,0.13998,0.16957,0.48157,0.39067,0.17162
trial_000346,SUBJ_018,11,275,325,1.62,2,pinch_precision,0.9985,2,pinch_precision,True,0.15356,0.18975,0.53695,0.43431,0.1923
trial_000346,SUBJ_018,12,300,350,1.745,2,pinch_precision,0.9985,2,pinch_precision,True,0.16563,0.2093,0.58992,0.4756,0.21243
trial_000346,SUBJ_018,13,325,375,1.87,2,pinch_precision,0.9986,2,pinch_precision,True,0.1758,0.22788,0.63946,0.51365,0.23168
trial_000346,SUBJ_018,14,350,400,1.995,2,pinch_precision,0.9986,2,pinch_precision,True,0.18372,0.24519,0.68462,0.54765,0.24972
trial_000346,SUBJ_018,15,375,425,2.12,2,pinch_precision,0.9987,2,pinch_precision,True,0.18936,0.26105,0.725,0.57732,0.2664
trial_000346,SUBJ_018,16,400,450,2.245,2,pinch_precision,0.9988,2,pinch_precision,True,0.19289,0.27542,0.76058,0.60274,0.28164
trial_000346,SUBJ_018,17,425,475,2.37,2,pinch_precision,0.9989,2,pinch_precision,True,0.19445,0.28822,0.79131,0.62394,0.29536
trial_000346,SUBJ_018,18,450,500,2.495,2,pinch_precision,0.9989,2,pinch_precision,True,0.19422,0.29941,0.81716,0.64098,0.30748
trial_000346,SUBJ_018,19,475,525,2.62,2,pinch_precision,0.9989,2,pinch_precision,True,0.19235,0.30892,0.83808,0.65393,0.31792
trial_000346,SUBJ_018,20,500,550,2.745,2,pinch_precision,0.9989,2,pinch_precision,True,0.18901,0.3167,0.85404,0.66284,0.3266
trial_000346,SUBJ_018,21,525,575,2.87,2,pinch_precision,0.9986,2,pinch_precision,True,0.18435,0.32267,0.865,0.66776,0.33345
trial_000346,SUBJ_018,22,550,600,2.995,2,pinch_precision,0.9979,2,pinch_precision,True,0.17853,0.32679,0.87092,0.66875,0.33839
trial_000346,SUBJ_018,23,575,625,3.12,2,pinch_precision,0.996,2,pinch_precision,True,0.17172,0.32899,0.87177,0.66586,0.34134
trial_000346,SUBJ_018,24,600,650,3.245,2,pinch_precision,0.9927,2,pinch_precision,True,0.16408,0.32922,0.8675,0.65916,0.34223
trial_000346,SUBJ_018,25,625,675,3.37,2,pinch_precision,0.9935,2,pinch_precision,True,0.15577,0.3274,0.85808,0.6487,0.34096
trial_000346,SUBJ_018,26,650,700,3.495,2,pinch_precision,0.9972,2,pinch_precision,True,0.14694,0.32349,0.84348,0.63453,0.33747
trial_000346,SUBJ_018,27,675,725,3.62,2,pinch_precision,0.9985,2,pinch_precision,True,0.13777,0.31743,0.82364,0.61672,0.33168
trial_000346,SUBJ_018,28,700,750,3.745,2,pinch_precision,0.9986,2,pinch_precision,True,0.12841,0.30914,0.79854,0.59531,0.32351
trial_000346,SUBJ_018,29,725,775,3.87,2,pinch_precision,0.9985,2,pinch_precision,True,0.11901,0.29859,0.76814,0.57037,0.31289
trial_000346,SUBJ_018,30,750,800,3.995,2,pinch_precision,0.9983,2,pinch_precision,True,0.1097,0.28587,0.73274,0.54214,0.29991
trial_000346,SUBJ_018,31,775,825,4.12,2,pinch_precision,0.998,2,pinch_precision,True,0.10049,0.27124,0.693,0.51109,0.28486
trial_000346,SUBJ_018,32,800,850,4.245,2,pinch_precision,0.9979,2,pinch_precision,True,0.09145,0.25499,0.64958,0.47768,0.26805
trial_000346,SUBJ_018,33,825,875,4.37,2,pinch_precision,0.9978,2,pinch_precision,True,0.0826,0.23739,0.60316,0.44237,0.24976
trial_000346,SUBJ_018,34,850,900,4.495,2,pinch_precision,0.9979,2,pinch_precision,True,0.07399,0.21872,0.5544,0.40563,0.2303
trial_000346,SUBJ_018,35,875,925,4.62,2,pinch_precision,0.9979,2,pinch_precision,True,0.06565,0.19926,0.50398,0.36793,0.20996
trial_000346,SUBJ_018,36,900,950,4.745,2,pinch_precision,0.998,2,pinch_precision,True,0.05763,0.1793,0.45258,0.32973,0.18904
trial_000346,SUBJ_018,37,925,975,4.87,2,pinch_precision,0.9981,2,pinch_precision,True,0.04996,0.1591,0.40086,0.2915,0.16784
trial_000346,SUBJ_018,38,950,1000,4.995,2,pinch_precision,0.9983,2,pinch_precision,True,0.04269,0.13895,0.34949,0.2537,0.14666
trial_000346,SUBJ_018,39,975,1025,5.12,2,pinch_precision,0.9985,2,pinch_precision,True,0.03585,0.11912,0.29915,0.21681,0.1258
trial_000346,SUBJ_018,40,1000,1050,5.245,2,pinch_precision,0.9986,2,pinch_precision,True,0.02948,0.0999,0.25051,0.18129,0.10555
trial_000346,SUBJ_018,41,1025,1075,5.37,2,pinch_precision,0.9987,2,pinch_precision,True,0.02363,0.08156,0.20424,0.1476,0.0862
trial_000346,SUBJ_018,42,1050,1100,5.495,2,pinch_precision,0.9987,2,pinch_precision,True,0.01832,0.06438,0.16101,0.11621,0.06807
trial_000346,SUBJ_018,43,1075,1125,5.62,2,pinch_precision,0.9982,2,pinch_precision,True,0.01361,0.04864,0.1215,0.08758,0.05145
trial_000346,SUBJ_018,44,1100,1150,5.745,2,pinch_precision,0.9969,2,pinch_precision,True,0.00954,0.03461,0.08638,0.06219,0.03663
trial_000346,SUBJ_018,45,1125,1175,5.87,2,pinch_precision,0.9916,2,pinch_precision,True,0.00613,0.02259,0.05631,0.0405,0.02391
trial_000346,SUBJ_018,46,1150,1200,5.995,2,pinch_precision,0.9815,2,pinch_precision,True,0.00343,0.01284,0.03197,0.02297,0.01359
trial_000346,SUBJ_018,47,1175,1225,6.12,2,pinch_precision,0.9747,2,pinch_precision,True,0.00149,0.00564,0.01403,0.01007,0.00597
trial_000346,SUBJ_018,48,1200,1250,6.245,2,pinch_precision,0.9837,2,pinch_precision,True,0.00033,0.00128,0.00317,0.00228,0.00135
trial_000347,SUBJ_018,0,0,50,0.245,2,pinch_precision,0.9978,2,pinch_precision,True,0.00333,0.00904,0.02097,0.01645,0.00699
trial_000347,SUBJ_018,1,25,75,0.37,2,pinch_precision,0.9984,2,pinch_precision,True,0.00735,0.01984,0.04614,0.0362,0.01545
trial_000347,SUBJ_018,2,50,100,0.495,2,pinch_precision,0.9986,2,pinch_precision,True,0.0127,0.03415,0.07959,0.06243,0.02676
trial_000347,SUBJ_018,3,75,125,0.62,2,pinch_precision,0.9987,2,pinch_precision,True,0.01921,0.05142,0.12016,0.09424,0.0406
trial_000347,SUBJ_018,4,100,150,0.745,2,pinch_precision,0.9987,2,pinch_precision,True,0.0267,0.07115,0.16671,0.13072,0.05662
trial_000347,SUBJ_018,5,125,175,0.87,2,pinch_precision,0.9987,2,pinch_precision,True,0.03501,0.09279,0.2181,0.17097,0.07448
trial_000347,SUBJ_018,6,150,200,0.995,2,pinch_precision,0.9986,2,pinch_precision,True,0.04395,0.11583,0.27316,0.21408,0.09385
trial_000347,SUBJ_018,7,175,225,1.12,2,pinch_precision,0.9986,2,pinch_precision,True,0.05335,0.13975,0.33077,0.25915,0.11439
trial_000347,SUBJ_018,8,200,250,1.245,2,pinch_precision,0.9985,2,pinch_precision,True,0.06304,0.16402,0.38978,0.30527,0.13576
trial_000347,SUBJ_018,9,225,275,1.37,2,pinch_precision,0.9985,2,pinch_precision,True,0.07284,0.18812,0.44903,0.35155,0.15762
trial_000347,SUBJ_018,10,250,300,1.495,2,pinch_precision,0.9985,2,pinch_precision,True,0.08258,0.21151,0.50738,0.39708,0.17964
trial_000347,SUBJ_018,11,275,325,1.62,2,pinch_precision,0.9985,2,pinch_precision,True,0.09208,0.23369,0.56369,0.44095,0.20147
trial_000347,SUBJ_018,12,300,350,1.745,2,pinch_precision,0.9986,2,pinch_precision,True,0.10117,0.25412,0.61681,0.48225,0.22278
trial_000347,SUBJ_018,13,325,375,1.87,2,pinch_precision,0.9986,2,pinch_precision,True,0.10968,0.27228,0.66559,0.5201,0.24323
trial_000347,SUBJ_018,14,350,400,1.995,2,pinch_precision,0.9987,2,pinch_precision,True,0.11744,0.28768,0.70896,0.55363,0.2625
trial_000347,SUBJ_018,15,375,425,2.12,2,pinch_precision,0.9988,2,pinch_precision,True,0.12438,0.30023,0.74658,0.5826,0.2804
trial_000347,SUBJ_018,16,400,450,2.245,2,pinch_precision,0.9988,2,pinch_precision,True,0.1305,0.31005,0.77856,0.60709,0.29685
trial_000347,SUBJ_018,17,425,475,2.37,2,pinch_precision,0.9989,2,pinch_precision,True,0.13579,0.31727,0.80498,0.62719,0.31175
trial_000347,SUBJ_018,18,450,500,2.495,2,pinch_precision,0.9989,2,pinch_precision,True,0.14024,0.32203,0.82596,0.643,0.325
trial_000347,SUBJ_018,19,475,525,2.62,2,pinch_precision,0.9989,2,pinch_precision,True,0.14385,0.32445,0.84158,0.6546,0.33651
trial_000347,SUBJ_018,20,500,550,2.745,2,pinch_precision,0.9987,2,pinch_precision,True,0.14661,0.32466,0.85194,0.66208,0.34618
trial_000347,SUBJ_018,21,525,575,2.87,2,pinch_precision,0.9982,2,pinch_precision,True,0.14851,0.3228,0.85715,0.66554,0.35392
trial_000347,SUBJ_018,22,550,600,2.995,2,pinch_precision,0.9971,2,pinch_precision,True,0.14954,0.31898,0.8573,0.66507,0.35964
trial_000347,SUBJ_018,23,575,625,3.12,2,pinch_precision,0.9937,2,pinch_precision,True,0.14971,0.31335,0.85249,0.66076,0.36325
trial_000347,SUBJ_018,24,600,650,3.245,2,pinch_precision,0.9917,2,pinch_precision,True,0.14899,0.30602,0.84282,0.65269,0.36464
trial_000347,SUBJ_018,25,625,675,3.37,2,pinch_precision,0.9951,2,pinch_precision,True,0.14739,0.29714,0.8284,0.64096,0.36372
trial_000347,SUBJ_018,26,650,700,3.495,2,pinch_precision,0.998,2,pinch_precision,True,0.1449,0.28683,0.80931,0.62566,0.36041
trial_000347,SUBJ_018,27,675,725,3.62,2,pinch_precision,0.9986,2,pinch_precision,True,0.14151,0.27521,0.78565,0.60688,0.35459
trial_000347,SUBJ_018,28,700,750,3.745,2,pinch_precision,0.9986,2,pinch_precision,True,0.13721,0.26243,0.75753,0.58472,0.34619
trial_000347,SUBJ_018,29,725,775,3.87,2,pinch_precision,0.9986,2,pinch_precision,True,0.132,0.2486,0.72506,0.55926,0.33511
trial_000347,SUBJ_018,30,750,800,3.995,2,pinch_precision,0.9984,2,pinch_precision,True,0.12593,0.23388,0.68855,0.53076,0.32146
trial_000347,SUBJ_018,31,775,825,4.12,2,pinch_precision,0.9983,2,pinch_precision,True,0.11911,0.21843,0.64858,0.49966,0.30554
trial_000347,SUBJ_018,32,800,850,4.245,2,pinch_precision,0.9981,2,pinch_precision,True,0.11165,0.2024,0.60572,0.4664,0.28768
trial_000347,SUBJ_018,33,825,875,4.37,2,pinch_precision,0.9981,2,pinch_precision,True,0.10368,0.18597,0.56056,0.43143,0.26819
trial_000347,SUBJ_018,34,850,900,4.495,2,pinch_precision,0.9981,2,pinch_precision,True,0.0953,0.16929,0.51368,0.39518,0.24742
trial_000347,SUBJ_018,35,875,925,4.62,2,pinch_precision,0.9982,2,pinch_precision,True,0.08664,0.15252,0.46567,0.3581,0.22567
trial_000347,SUBJ_018,36,900,950,4.745,2,pinch_precision,0.9983,2,pinch_precision,True,0.07781,0.13584,0.4171,0.32063,0.20327
trial_000347,SUBJ_018,37,925,975,4.87,2,pinch_precision,0.9984,2,pinch_precision,True,0.06892,0.11939,0.36856,0.28322,0.18054
trial_000347,SUBJ_018,38,950,1000,4.995,2,pinch_precision,0.9986,2,pinch_precision,True,0.06009,0.10335,0.32063,0.24631,0.15781
trial_000347,SUBJ_018,39,975,1025,5.12,2,pinch_precision,0.9987,2,pinch_precision,True,0.05144,0.08787,0.27389,0.21034,0.1354
trial_000347,SUBJ_018,40,1000,1050,5.245,2,pinch_precision,0.9988,2,pinch_precision,True,0.04307,0.07313,0.22892,0.17575,0.11364
trial_000347,SUBJ_018,41,1025,1075,5.37,2,pinch_precision,0.9988,2,pinch_precision,True,0.03512,0.05927,0.18631,0.143,0.09284
trial_000347,SUBJ_018,42,1050,1100,5.495,2,pinch_precision,0.9986,2,pinch_precision,True,0.02769,0.04647,0.14663,0.11252,0.07333
trial_000347,SUBJ_018,43,1075,1125,5.62,2,pinch_precision,0.9981,2,pinch_precision,True,0.02089,0.03489,0.11048,0.08476,0.05543
trial_000347,SUBJ_018,44,1100,1150,5.745,2,pinch_precision,0.9958,2,pinch_precision,True,0.01485,0.02468,0.07842,0.06015,0.03947
trial_000347,SUBJ_018,45,1125,1175,5.87,2,pinch_precision,0.9876,2,pinch_precision,True,0.00968,0.01601,0.05105,0.03915,0.02577
trial_000347,SUBJ_018,46,1150,1200,5.995,2,pinch_precision,0.9772,2,pinch_precision,True,0.0055,0.00905,0.02895,0.0222,0.01466
trial_000347,SUBJ_018,47,1175,1225,6.12,2,pinch_precision,0.9817,2,pinch_precision,True,0.00241,0.00396,0.01269,0.00973,0.00644
trial_000347,SUBJ_018,48,1200,1250,6.245,2,pinch_precision,0.9845,2,pinch_precision,True,0.00055,0.00089,0.00287,0.0022,0.00146
trial_000348,SUBJ_018,0,0,50,0.245,2,pinch_precision,0.998,2,pinch_precision,True,0.00536,0.00837,0.02,0.01573,0.00559
trial_000348,SUBJ_018,1,25,75,0.37,2,pinch_precision,0.9985,2,pinch_precision,True,0.01177,0.0184,0.04406,0.03466,0.01241
trial_000348,SUBJ_018,2,50,100,0.495,2,pinch_precision,0.9986,2,pinch_precision,True,0.02026,0.0317,0.07607,0.05984,0.02158
trial_000348,SUBJ_018,3,75,125,0.62,2,pinch_precision,0.9986,2,pinch_precision,True,0.03051,0.04778,0.11499,0.09044,0.03287
trial_000348,SUBJ_018,4,100,150,0.745,2,pinch_precision,0.9986,2,pinch_precision,True,0.04221,0.06617,0.15974,0.12562,0.04604
trial_000348,SUBJ_018,5,125,175,0.87,2,pinch_precision,0.9986,2,pinch_precision,True,0.05506,0.08641,0.20926,0.16455,0.06084
trial_000348,SUBJ_018,6,150,200,0.995,2,pinch_precision,0.9985,2,pinch_precision,True,0.06873,0.108,0.26249,0.20638,0.07705
trial_000348,SUBJ_018,7,175,225,1.12,2,pinch_precision,0.9985,2,pinch_precision,True,0.08292,0.13049,0.31836,0.25028,0.09441
trial_000348,SUBJ_018,8,200,250,1.245,2,pinch_precision,0.9984,2,pinch_precision,True,0.09733,0.15338,0.37582,0.2954,0.1127
trial_000348,SUBJ_018,9,225,275,1.37,2,pinch_precision,0.9985,2,pinch_precision,True,0.11163,0.17622,0.4338,0.34092,0.13166
trial_000348,SUBJ_018,10,250,300,1.495,2,pinch_precision,0.9984,2,pinch_precision,True,0.12551,0.19852,0.49124,0.38598,0.15106
trial_000348,SUBJ_018,11,275,325,1.62,2,pinch_precision,0.9984,2,pinch_precision,True,0.13868,0.21981,0.54708,0.42976,0.17066
trial_000348,SUBJ_018,12,300,350,1.745,2,pinch_precision,0.9984,2,pinch_precision,True,0.15081,0.23961,0.60025,0.47142,0.19022
trial_000348,SUBJ_018,13,325,375,1.87,2,pinch_precision,0.9985,2,pinch_precision,True,0.16159,0.25744,0.64968,0.51011,0.20949
trial_000348,SUBJ_018,14,350,400,1.995,2,pinch_precision,0.9986,2,pinch_precision,True,0.17074,0.27288,0.69439,0.54506,0.22825
trial_000348,SUBJ_018,15,375,425,2.12,2,pinch_precision,0.9986,2,pinch_precision,True,0.17819,0.2858,0.73401,0.57596,0.24631
trial_000348,SUBJ_018,16,400,450,2.245,2,pinch_precision,0.9987,2,pinch_precision,True,0.18403,0.2963,0.76853,0.60284,0.26349
trial_000348,SUBJ_018,17,425,475,2.37,2,pinch_precision,0.9988,2,pinch_precision,True,0.18833,0.30447,0.79796,0.62571,0.27963
trial_000348,SUBJ_018,18,450,500,2.495,2,pinch_precision,0.9989,2,pinch_precision,True,0.19116,0.31039,0.82231,0.64456,0.29458
trial_000348,SUBJ_018,19,475,525,2.62,2,pinch_precision,0.9989,2,pinch_precision,True,0.19261,0.31416,0.84159,0.65942,0.30817
trial_000348,SUBJ_018,20,500,550,2.745,2,pinch_precision,0.9989,2,pinch_precision,True,0.19275,0.31586,0.85579,0.6703,0.32023
trial_000348,SUBJ_018,21,525,575,2.87,2,pinch_precision,0.9986,2,pinch_precision,True,0.19166,0.31558,0.86494,0.6772,0.33059
trial_000348,SUBJ_018,22,550,600,2.995,2,pinch_precision,0.9971,2,pinch_precision,True,0.1894,0.31342,0.86902,0.68014,0.33911
trial_000348,SUBJ_018,23,575,625,3.12,2,pinch_precision,0.9909,2,pinch_precision,True,0.18607,0.30946,0.86805,0.67913,0.34561
trial_000348,SUBJ_018,24,600,650,3.245,2,pinch_precision,0.9747,2,pinch_precision,True,0.18174,0.30379,0.86204,0.67417,0.34992
trial_000348,SUBJ_018,25,625,675,3.37,2,pinch_precision,0.9801,2,pinch_precision,True,0.17647,0.2965,0.85098,0.66528,0.35189
trial_000348,SUBJ_018,26,650,700,3.495,2,pinch_precision,0.9938,2,pinch_precision,True,0.17036,0.28768,0.83489,0.65248,0.35135
trial_000348,SUBJ_018,27,675,725,3.62,2,pinch_precision,0.9982,2,pinch_precision,True,0.16347,0.27742,0.81377,0.63576,0.34814
trial_000348,SUBJ_018,28,700,750,3.745,2,pinch_precision,0.9987,2,pinch_precision,True,0.15589,0.26581,0.78762,0.61514,0.34209
trial_000348,SUBJ_018,29,725,775,3.87,2,pinch_precision,0.9986,2,pinch_precision,True,0.14769,0.25294,0.75647,0.59065,0.33305
trial_000348,SUBJ_018,30,750,800,3.995,2,pinch_precision,0.9984,2,pinch_precision,True,0.13895,0.23894,0.72062,0.56251,0.32109
trial_000348,SUBJ_018,31,775,825,4.12,2,pinch_precision,0.9981,2,pinch_precision,True,0.12978,0.22399,0.68069,0.53122,0.30654
trial_000348,SUBJ_018,32,800,850,4.245,2,pinch_precision,0.998,2,pinch_precision,True,0.12026,0.20828,0.63732,0.49728,0.28976
trial_000348,SUBJ_018,33,825,875,4.37,2,pinch_precision,0.9979,2,pinch_precision,True,0.1105,0.19198,0.59117,0.46118,0.2711
trial_000348,SUBJ_018,34,850,900,4.495,2,pinch_precision,0.998,2,pinch_precision,True,0.10059,0.17528,0.54288,0.42344,0.25089
trial_000348,SUBJ_018,35,875,925,4.62,2,pinch_precision,0.998,2,pinch_precision,True,0.09064,0.15835,0.4931,0.38454,0.2295
trial_000348,SUBJ_018,36,900,950,4.745,2,pinch_precision,0.9981,2,pinch_precision,True,0.08072,0.14139,0.44246,0.345,0.20726
trial_000348,SUBJ_018,37,925,975,4.87,2,pinch_precision,0.9983,2,pinch_precision,True,0.07095,0.12457,0.39161,0.30532,0.18453
trial_000348,SUBJ_018,38,950,1000,4.995,2,pinch_precision,0.9985,2,pinch_precision,True,0.06142,0.10808,0.3412,0.26598,0.16166
trial_000348,SUBJ_018,39,975,1025,5.12,2,pinch_precision,0.9986,2,pinch_precision,True,0.05223,0.09209,0.29188,0.22751,0.13898
trial_000348,SUBJ_018,40,1000,1050,5.245,2,pinch_precision,0.9987,2,pinch_precision,True,0.04346,0.07679,0.24428,0.19039,0.11686
trial_000348,SUBJ_018,41,1025,1075,5.37,2,pinch_precision,0.9988,2,pinch_precision,True,0.03523,0.06235,0.19905,0.15512,0.09564
trial_000348,SUBJ_018,42,1050,1100,5.495,2,pinch_precision,0.9987,2,pinch_precision,True,0.02762,0.04897,0.15685,0.12222,0.07566
trial_000348,SUBJ_018,43,1075,1125,5.62,2,pinch_precision,0.9982,2,pinch_precision,True,0.02074,0.03682,0.1183,0.09218,0.05728
trial_000348,SUBJ_018,44,1100,1150,5.745,2,pinch_precision,0.9963,2,pinch_precision,True,0.01467,0.02609,0.08406,0.06549,0.04085
trial_000348,SUBJ_018,45,1125,1175,5.87,2,pinch_precision,0.9907,2,pinch_precision,True,0.00952,0.01696,0.05478,0.04267,0.02671
trial_000348,SUBJ_018,46,1150,1200,5.995,2,pinch_precision,0.9809,2,pinch_precision,True,0.00538,0.0096,0.03109,0.02422,0.0152
trial_000348,SUBJ_018,47,1175,1225,6.12,2,pinch_precision,0.977,2,pinch_precision,True,0.00235,0.0042,0.01364,0.01063,0.00669
trial_000348,SUBJ_018,48,1200,1250,6.245,2,pinch_precision,0.9856,2,pinch_precision,True,0.00053,0.00095,0.00308,0.0024,0.00152
trial_000349,SUBJ_018,0,0,50,0.245,2,pinch_precision,0.9981,2,pinch_precision,True,0.00815,0.0082,0.02101,0.01499,0.00809
trial_000349,SUBJ_018,1,25,75,0.37,2,pinch_precision,0.9985,2,pinch_precision,True,0.01784,0.01804,0.04629,0.03306,0.01782
trial_000349,SUBJ_018,2,50,100,0.495,2,pinch_precision,0.9986,2,pinch_precision,True,0.03061,0.03112,0.07992,0.05715,0.03079
trial_000349,SUBJ_018,3,75,125,0.62,2,pinch_precision,0.9985,2,pinch_precision,True,0.04595,0.04698,0.12079,0.08648,0.04654
trial_000349,SUBJ_018,4,100,150,0.745,2,pinch_precision,0.9985,2,pinch_precision,True,0.06336,0.06518,0.16776,0.12027,0.06467
trial_000349,SUBJ_018,5,125,175,0.87,2,pinch_precision,0.9983,2,pinch_precision,True,0.08233,0.08528,0.21973,0.15776,0.08474
trial_000349,SUBJ_018,6,150,200,0.995,2,pinch_precision,0.9981,2,pinch_precision,True,0.10236,0.10682,0.27557,0.19816,0.10632
trial_000349,SUBJ_018,7,175,225,1.12,2,pinch_precision,0.9981,2,pinch_precision,True,0.12293,0.12936,0.33415,0.2407,0.12899
trial_000349,SUBJ_018,8,200,250,1.245,2,pinch_precision,0.9981,2,pinch_precision,True,0.14356,0.15245,0.39436,0.2846,0.15232
trial_000349,SUBJ_018,9,225,275,1.37,2,pinch_precision,0.998,2,pinch_precision,True,0.16372,0.17564,0.45508,0.3291,0.17588
trial_000349,SUBJ_018,10,250,300,1.495,2,pinch_precision,0.998,2,pinch_precision,True,0.18293,0.19848,0.51518,0.37341,0.19924
trial_000349,SUBJ_018,11,275,325,1.62,2,pinch_precision,0.9981,2,pinch_precision,True,0.20066,0.22053,0.57355,0.41676,0.22198
trial_000349,SUBJ_018,12,300,350,1.745,2,pinch_precision,0.9981,2,pinch_precision,True,0.21642,0.24134,0.62906,0.45837,0.24366
trial_000349,SUBJ_018,13,325,375,1.87,2,pinch_precision,0.9981,2,pinch_precision,True,0.2297,0.26047,0.68059,0.49747,0.26387
trial_000349,SUBJ_018,14,350,400,1.995,2,pinch_precision,0.9982,2,pinch_precision,True,0.24004,0.27748,0.72709,0.53333,0.28219
trial_000349,SUBJ_018,15,375,425,2.12,2,pinch_precision,0.9983,2,pinch_precision,True,0.2474,0.29226,0.76818,0.56563,0.29848
trial_000349,SUBJ_018,16,400,450,2.245,2,pinch_precision,0.9985,2,pinch_precision,True,0.25199,0.30484,0.80387,0.59432,0.31273
trial_000349,SUBJ_018,17,425,475,2.37,2,pinch_precision,0.9987,2,pinch_precision,True,0.25402,0.31525,0.83419,0.61935,0.32493
trial_000349,SUBJ_018,18,450,500,2.495,2,pinch_precision,0.9989,2,pinch_precision,True,0.2537,0.32353,0.85915,0.64064,0.33509
trial_000349,SUBJ_018,19,475,525,2.62,2,pinch_precision,0.9989,2,pinch_precision,True,0.25124,0.32971,0.87877,0.65815,0.3432
trial_000349,SUBJ_018,20,500,550,2.745,2,pinch_precision,0.9989,2,pinch_precision,True,0.24685,0.33385,0.89307,0.67182,0.34925
trial_000349,SUBJ_018,21,525,575,2.87,2,pinch_precision,0.9985,2,pinch_precision,True,0.24074,0.33596,0.90206,0.68159,0.35325
trial_000349,SUBJ_018,22,550,600,2.995,2,pinch_precision,0.9951,2,pinch_precision,True,0.23313,0.33609,0.90578,0.68741,0.35518
trial_000349,SUBJ_018,23,575,625,3.12,2,pinch_precision,0.9747,2,pinch_precision,True,0.22421,0.33428,0.90424,0.68921,0.35504
trial_000349,SUBJ_018,24,600,650,3.245,2,pinch_precision,0.9494,2,pinch_precision,True,0.21421,0.33056,0.89745,0.68694,0.35284
trial_000349,SUBJ_018,25,625,675,3.37,2,pinch_precision,0.9695,2,pinch_precision,True,0.20334,0.32497,0.88544,0.68054,0.34856
trial_000349,SUBJ_018,26,650,700,3.495,2,pinch_precision,0.9971,2,pinch_precision,True,0.1918,0.31755,0.86822,0.66995,0.3422
trial_000349,SUBJ_018,27,675,725,3.62,2,pinch_precision,0.9985,2,pinch_precision,True,0.1798,0.30833,0.84581,0.65512,0.33375
trial_000349,SUBJ_018,28,700,750,3.745,2,pinch_precision,0.9985,2,pinch_precision,True,0.16756,0.29735,0.81824,0.63599,0.32323
trial_000349,SUBJ_018,29,725,775,3.87,2,pinch_precision,0.9982,2,pinch_precision,True,0.15529,0.28466,0.78553,0.61252,0.31061
trial_000349,SUBJ_018,30,750,800,3.995,2,pinch_precision,0.9978,2,pinch_precision,True,0.14311,0.27036,0.748,0.58491,0.29604
trial_000349,SUBJ_018,31,775,825,4.12,2,pinch_precision,0.9977,2,pinch_precision,True,0.13109,0.2547,0.7063,0.55371,0.27975
trial_000349,SUBJ_018,32,800,850,4.245,2,pinch_precision,0.9976,2,pinch_precision,True,0.11928,0.2379,0.66109,0.51947,0.26204
trial_000349,SUBJ_018,33,825,875,4.37,2,pinch_precision,0.9975,2,pinch_precision,True,0.10773,0.22019,0.61304,0.48272,0.24315
trial_000349,SUBJ_018,34,850,900,4.495,2,pinch_precision,0.9975,2,pinch_precision,True,0.09649,0.2018,0.56281,0.44401,0.22336
trial_000349,SUBJ_018,35,875,925,4.62,2,pinch_precision,0.9975,2,pinch_precision,True,0.08561,0.18296,0.51107,0.40389,0.20294
trial_000349,SUBJ_018,36,900,950,4.745,2,pinch_precision,0.9977,2,pinch_precision,True,0.07514,0.16389,0.45848,0.36291,0.18215
trial_000349,SUBJ_018,37,925,975,4.87,2,pinch_precision,0.9979,2,pinch_precision,True,0.06513,0.14483,0.40571,0.32161,0.16126
trial_000349,SUBJ_018,38,950,1000,4.995,2,pinch_precision,0.9981,2,pinch_precision,True,0.05565,0.126,0.35342,0.28054,0.14053
trial_000349,SUBJ_018,39,975,1025,5.12,2,pinch_precision,0.9984,2,pinch_precision,True,0.04673,0.10764,0.30227,0.24025,0.12024
trial_000349,SUBJ_018,40,1000,1050,5.245,2,pinch_precision,0.9986,2,pinch_precision,True,0.03842,0.08997,0.25294,0.20127,0.10066
trial_000349,SUBJ_018,41,1025,1075,5.37,2,pinch_precision,0.9987,2,pinch_precision,True,0.03079,0.07323,0.20608,0.16416,0.08204
trial_000349,SUBJ_018,42,1050,1100,5.495,2,pinch_precision,0.9987,2,pinch_precision,True,0.02388,0.05764,0.16236,0.12947,0.06465
trial_000349,SUBJ_018,43,1075,1125,5.62,2,pinch_precision,0.9983,2,pinch_precision,True,0.01774,0.04343,0.12244,0.09773,0.04877
trial_000349,SUBJ_018,44,1100,1150,5.745,2,pinch_precision,0.9972,2,pinch_precision,True,0.01243,0.03083,0.08699,0.0695,0.03466
trial_000349,SUBJ_018,45,1125,1175,5.87,2,pinch_precision,0.9934,2,pinch_precision,True,0.00799,0.02007,0.05668,0.04532,0.02259
trial_000349,SUBJ_018,46,1150,1200,5.995,2,pinch_precision,0.9827,2,pinch_precision,True,0.00447,0.01138,0.03217,0.02574,0.01282
trial_000349,SUBJ_018,47,1175,1225,6.12,2,pinch_precision,0.973,2,pinch_precision,True,0.00194,0.00499,0.01411,0.0113,0.00563
trial_000349,SUBJ_018,48,1200,1250,6.245,2,pinch_precision,0.9837,2,pinch_precision,True,0.00043,0.00113,0.00319,0.00256,0.00127
trial_000350,SUBJ_018,0,0,50,0.245,3,wrist_rotation_wave,0.99,3,wrist_rotation_wave,True,0.09175,0.01665,0.01024,0.02666,0.0091
trial_000350,SUBJ_018,1,25,75,0.37,3,wrist_rotation_wave,0.997,3,wrist_rotation_wave,True,0.19201,0.03486,0.02396,0.05893,0.02107
trial_000350,SUBJ_018,2,50,100,0.495,3,wrist_rotation_wave,0.998,3,wrist_rotation_wave,True,0.31278,0.05685,0.04397,0.10213,0.03827
trial_000350,SUBJ_018,3,75,125,0.62,3,wrist_rotation_wave,0.9982,3,wrist_rotation_wave,True,0.44225,0.08048,0.07068,0.15499,0.0609
trial_000350,SUBJ_018,4,100,150,0.745,3,wrist_rotation_wave,0.9981,3,wrist_rotation_wave,True,0.5686,0.10364,0.1045,0.21621,0.08918
trial_000350,SUBJ_018,5,125,175,0.87,3,wrist_rotation_wave,0.9979,3,wrist_rotation_wave,True,0.68002,0.12419,0.14585,0.28452,0.12332
trial_000350,SUBJ_018,6,150,200,0.995,3,wrist_rotation_wave,0.9971,3,wrist_rotation_wave,True,0.7647,0.14002,0.19513,0.35864,0.16354
trial_000350,SUBJ_018,7,175,225,1.12,3,wrist_rotation_wave,0.9949,3,wrist_rotation_wave,True,0.81082,0.149,0.25277,0.4373,0.21003
trial_000350,SUBJ_018,8,200,250,1.245,3,wrist_rotation_wave,0.9909,3,wrist_rotation_wave,True,0.80657,0.14901,0.31918,0.5192,0.26302
trial_000350,SUBJ_018,9,225,275,1.37,3,wrist_rotation_wave,0.9925,3,wrist_rotation_wave,True,0.74219,0.13828,0.3944,0.60297,0.32246
trial_000350,SUBJ_018,10,250,300,1.495,3,wrist_rotation_wave,0.9979,3,wrist_rotation_wave,True,0.62367,0.11784,0.47576,0.68625,0.38634
trial_000350,SUBJ_018,11,275,325,1.62,3,wrist_rotation_wave,0.9983,3,wrist_rotation_wave,True,0.4642,0.08994,0.55932,0.7663,0.45173
trial_000350,SUBJ_018,12,300,350,1.745,3,wrist_rotation_wave,0.9981,3,wrist_rotation_wave,True,0.27702,0.05686,0.64111,0.84036,0.51572
trial_000350,SUBJ_018,13,325,375,1.87,3,wrist_rotation_wave,0.9981,3,wrist_rotation_wave,True,0.07534,0.0209,0.7172,0.90567,0.5754
trial_000350,SUBJ_018,14,350,400,1.995,3,wrist_rotation_wave,0.9981,3,wrist_rotation_wave,True,-0.12759,-0.01568,0.78364,0.95947,0.62784
trial_000350,SUBJ_018,15,375,425,2.12,3,wrist_rotation_wave,0.998,3,wrist_rotation_wave,True,-0.31854,-0.0506,0.83647,0.99901,0.67012
trial_000350,SUBJ_018,16,400,450,2.245,3,wrist_rotation_wave,0.9982,3,wrist_rotation_wave,True,-0.48429,-0.08156,0.87175,1.02153,0.69933
trial_000350,SUBJ_018,17,425,475,2.37,3,wrist_rotation_wave,0.9984,3,wrist_rotation_wave,True,-0.61159,-0.10631,0.88553,1.02427,0.71254
trial_000350,SUBJ_018,18,450,500,2.495,3,wrist_rotation_wave,0.998,3,wrist_rotation_wave,True,-0.68723,-0.12254,0.87386,1.00447,0.70684
trial_000350,SUBJ_018,19,475,525,2.62,3,wrist_rotation_wave,0.9975,3,wrist_rotation_wave,True,-0.69899,-0.12816,0.83324,0.95976,0.67963
trial_000350,SUBJ_018,20,500,550,2.745,3,wrist_rotation_wave,0.9986,3,wrist_rotation_wave,True,-0.64884,-0.12344,0.76633,0.8929,0.63285
trial_000350,SUBJ_018,21,525,575,2.87,3,wrist_rotation_wave,0.9987,3,wrist_rotation_wave,True,-0.54897,-0.11038,0.68027,0.81042,0.57173
trial_000350,SUBJ_018,22,550,600,2.995,3,wrist_rotation_wave,0.9986,3,wrist_rotation_wave,True,-0.41183,-0.09101,0.58228,0.71891,0.50153
trial_000350,SUBJ_018,23,575,625,3.12,3,wrist_rotation_wave,0.9985,3,wrist_rotation_wave,True,-0.24986,-0.06736,0.4796,0.62499,0.42756
trial_000350,SUBJ_018,24,600,650,3.245,3,wrist_rotation_wave,0.9982,3,wrist_rotation_wave,True,-0.07548,-0.04147,0.37944,0.53523,0.3551
trial_000350,SUBJ_018,25,625,675,3.37,3,wrist_rotation_wave,0.9979,3,wrist_rotation_wave,True,0.09886,-0.01537,0.28905,0.45625,0.28943
trial_000350,SUBJ_018,26,650,700,3.495,3,wrist_rotation_wave,0.9971,3,wrist_rotation_wave,True,0.26073,0.00889,0.21564,0.39465,0.23585
trial_000350,SUBJ_018,27,675,725,3.62,3,wrist_rotation_wave,0.997,3,wrist_rotation_wave,True,0.3977,0.0293,0.16646,0.35703,0.19964
trial_000350,SUBJ_018,28,700,750,3.745,3,wrist_rotation_wave,0.9964,3,wrist_rotation_wave,True,0.49731,0.04381,0.14872,0.34998,0.18609
trial_000350,SUBJ_018,29,725,775,3.87,3,wrist_rotation_wave,0.9962,3,wrist_rotation_wave,True,0.54748,0.05044,0.1694,0.37985,0.20029
trial_000350,SUBJ_018,30,750,800,3.995,3,wrist_rotation_wave,0.9834,3,wrist_rotation_wave,True,0.54586,0.04883,0.22811,0.44585,0.24196
trial_000350,SUBJ_018,31,775,825,4.12,3,wrist_rotation_wave,0.9866,3,wrist_rotation_wave,True,0.50106,0.04045,0.31613,0.5391,0.3047
trial_000350,SUBJ_018,32,800,850,4.245,3,wrist_rotation_wave,0.9978,3,wrist_rotation_wave,True,0.42231,0.02685,0.42431,0.65029,0.3818
trial_000350,SUBJ_018,33,825,875,4.37,3,wrist_rotation_wave,0.9961,3,wrist_rotation_wave,True,0.31881,0.00959,0.54352,0.77013,0.46654
trial_000350,SUBJ_018,34,850,900,4.495,3,wrist_rotation_wave,0.9932,3,wrist_rotation_wave,True,0.19977,-0.00977,0.66459,0.88931,0.55222
trial_000350,SUBJ_018,35,875,925,4.62,3,wrist_rotation_wave,0.9882,3,wrist_rotation_wave,True,0.07442,-0.02968,0.77837,0.99853,0.63212
trial_000350,SUBJ_018,36,900,950,4.745,3,wrist_rotation_wave,0.9843,3,wrist_rotation_wave,True,-0.04804,-0.04857,0.87572,1.08849,0.69953
trial_000350,SUBJ_018,37,925,975,4.87,3,wrist_rotation_wave,0.9853,3,wrist_rotation_wave,True,-0.1584,-0.06488,0.94749,1.14988,0.74774
trial_000350,SUBJ_018,38,950,1000,4.995,3,wrist_rotation_wave,0.9945,3,wrist_rotation_wave,True,-0.24743,-0.07707,0.98452,1.1734,0.77004
trial_000350,SUBJ_018,39,975,1025,5.12,3,wrist_rotation_wave,0.9984,3,wrist_rotation_wave,True,-0.306,-0.08358,0.97774,1.14983,0.75976
trial_000350,SUBJ_018,40,1000,1050,5.245,3,wrist_rotation_wave,0.9982,3,wrist_rotation_wave,True,-0.33019,-0.08381,0.92465,1.07691,0.71514
trial_000350,SUBJ_018,41,1025,1075,5.37,3,wrist_rotation_wave,0.9974,3,wrist_rotation_wave,True,-0.32539,-0.07883,0.83431,0.96464,0.64301
trial_000350,SUBJ_018,42,1050,1100,5.495,3,wrist_rotation_wave,0.996,3,wrist_rotation_wave,True,-0.29789,-0.06987,0.71697,0.82428,0.55107
trial_000350,SUBJ_018,43,1075,1125,5.62,3,wrist_rotation_wave,0.9953,3,wrist_rotation_wave,True,-0.25402,-0.05819,0.58287,0.66708,0.44703
trial_000350,SUBJ_018,44,1100,1150,5.745,3,wrist_rotation_wave,0.9894,3,wrist_rotation_wave,True,-0.20008,-0.04501,0.44228,0.50429,0.33859
trial_000350,SUBJ_018,45,1125,1175,5.87,3,wrist_rotation_wave,0.9887,3,wrist_rotation_wave,True,-0.14238,-0.03157,0.30542,0.34717,0.23348
trial_000350,SUBJ_018,46,1150,1200,5.995,3,wrist_rotation_wave,0.9929,3,wrist_rotation_wave,True,-0.08723,-0.01912,0.18256,0.20696,0.13938
trial_000350,SUBJ_018,47,1175,1225,6.12,3,wrist_rotation_wave,0.9929,3,wrist_rotation_wave,True,-0.04094,-0.00889,0.08393,0.09494,0.06401
trial_000350,SUBJ_018,48,1200,1250,6.245,3,wrist_rotation_wave,0.9852,3,wrist_rotation_wave,True,-0.00982,-0.00212,0.01979,0.02234,0.01508
trial_000351,SUBJ_018,0,0,50,0.245,3,wrist_rotation_wave,0.9908,3,wrist_rotation_wave,True,0.0863,0.02107,0.01436,0.01632,0.00716
trial_000351,SUBJ_018,1,25,75,0.37,3,wrist_rotation_wave,0.9972,3,wrist_rotation_wave,True,0.18043,0.04427,0.03279,0.03713,0.01701
trial_000351,SUBJ_018,2,50,100,0.495,3,wrist_rotation_wave,0.9981,3,wrist_rotation_wave,True,0.2936,0.07245,0.05876,0.06631,0.03169
trial_000351,SUBJ_018,3,75,125,0.62,3,wrist_rotation_wave,0.9983,3,wrist_rotation_wave,True,0.41458,0.10304,0.0923,0.10379,0.05165
trial_000351,SUBJ_018,4,100,150,0.745,3,wrist_rotation_wave,0.9982,3,wrist_rotation_wave,True,0.53215,0.13343,0.13342,0.14952,0.07738
trial_000351,SUBJ_018,5,125,175,0.87,3,wrist_rotation_wave,0.998,3,wrist_rotation_wave,True,0.63507,0.16104,0.18216,0.20345,0.10934
trial_000351,SUBJ_018,6,150,200,0.995,3,wrist_rotation_wave,0.9973,3,wrist_rotation_wave,True,0.71212,0.18327,0.23855,0.2655,0.14801
trial_000351,SUBJ_018,7,175,225,1.12,3,wrist_rotation_wave,0.9946,3,wrist_rotation_wave,True,0.75209,0.19754,0.30261,0.33563,0.19386
trial_000351,SUBJ_018,8,200,250,1.245,3,wrist_rotation_wave,0.9901,3,wrist_rotation_wave,True,0.74373,0.20124,0.37436,0.41379,0.24737
trial_000351,SUBJ_018,9,225,275,1.37,3,wrist_rotation_wave,0.9925,3,wrist_rotation_wave,True,0.67782,0.19223,0.45352,0.49958,0.3087
trial_000351,SUBJ_018,10,250,300,1.495,3,wrist_rotation_wave,0.9979,3,wrist_rotation_wave,True,0.56013,0.17166,0.53737,0.59027,0.37565
trial_000351,SUBJ_018,11,275,325,1.62,3,wrist_rotation_wave,0.9984,3,wrist_rotation_wave,True,0.40338,0.14219,0.62209,0.68198,0.44497
trial_000351,SUBJ_018,12,300,350,1.745,3,wrist_rotation_wave,0.998,3,wrist_rotation_wave,True,0.2203,0.10651,0.70384,0.77086,0.51338
trial_000351,SUBJ_018,13,325,375,1.87,3,wrist_rotation_wave,0.998,3,wrist_rotation_wave,True,0.02362,0.06729,0.77879,0.85304,0.57762
trial_000351,SUBJ_018,14,350,400,1.995,3,wrist_rotation_wave,0.998,3,wrist_rotation_wave,True,-0.17391,0.02722,0.84311,0.92466,0.6344
trial_000351,SUBJ_018,15,375,425,2.12,3,wrist_rotation_wave,0.998,3,wrist_rotation_wave,True,-0.35955,-0.01104,0.89298,0.98185,0.68046
trial_000351,SUBJ_018,16,400,450,2.245,3,wrist_rotation_wave,0.9981,3,wrist_rotation_wave,True,-0.52058,-0.04479,0.92455,1.02076,0.71252
trial_000351,SUBJ_018,17,425,475,2.37,3,wrist_rotation_wave,0.9983,3,wrist_rotation_wave,True,-0.64425,-0.07136,0.93399,1.03752,0.72732
trial_000351,SUBJ_018,18,450,500,2.495,3,wrist_rotation_wave,0.998,3,wrist_rotation_wave,True,-0.71782,-0.08808,0.91748,1.02827,0.72158
trial_000351,SUBJ_018,19,475,525,2.62,3,wrist_rotation_wave,0.9975,3,wrist_rotation_wave,True,-0.72955,-0.09246,0.87164,0.98959,0.69239
trial_000351,SUBJ_018,20,500,550,2.745,3,wrist_rotation_wave,0.9986,3,wrist_rotation_wave,True,-0.68127,-0.08492,0.79931,0.92429,0.64178
trial_000351,SUBJ_018,21,525,575,2.87,3,wrist_rotation_wave,0.9987,3,wrist_rotation_wave,True,-0.58465,-0.0679,0.70782,0.83967,0.57538
trial_000351,SUBJ_018,22,550,600,2.995,3,wrist_rotation_wave,0.9986,3,wrist_rotation_wave,True,-0.45156,-0.04395,0.60463,0.74314,0.49889
trial_000351,SUBJ_018,23,575,625,3.12,3,wrist_rotation_wave,0.9985,3,wrist_rotation_wave,True,-0.29389,-0.01556,0.49718,0.64211,0.41801
trial_000351,SUBJ_018,24,600,650,3.245,3,wrist_rotation_wave,0.9982,3,wrist_rotation_wave,True,-0.12354,0.01474,0.39292,0.54397,0.33844
trial_000351,SUBJ_018,25,625,675,3.37,3,wrist_rotation_wave,0.9978,3,wrist_rotation_wave,True,0.04762,0.04445,0.29928,0.45613,0.26589
trial_000351,SUBJ_018,26,650,700,3.495,3,wrist_rotation_wave,0.997,3,wrist_rotation_wave,True,0.2077,0.07103,0.22373,0.386,0.20605
trial_000351,SUBJ_018,27,675,725,3.62,3,wrist_rotation_wave,0.9969,3,wrist_rotation_wave,True,0.34481,0.09198,0.17369,0.34098,0.16462
trial_000351,SUBJ_018,28,700,750,3.745,3,wrist_rotation_wave,0.9959,3,wrist_rotation_wave,True,0.44707,0.10477,0.15662,0.32847,0.14731
trial_000351,SUBJ_018,29,725,775,3.87,3,wrist_rotation_wave,0.996,3,wrist_rotation_wave,True,0.5029,0.10697,0.1797,0.35562,0.15962
trial_000351,SUBJ_018,30,750,800,3.995,3,wrist_rotation_wave,0.9885,3,wrist_rotation_wave,True,0.50992,0.09825,0.24243,0.42179,0.20132
trial_000351,SUBJ_018,31,775,825,4.12,3,wrist_rotation_wave,0.9877,3,wrist_rotation_wave,True,0.47604,0.08065,0.3357,0.51763,0.26574
trial_000351,SUBJ_018,32,800,850,4.245,3,wrist_rotation_wave,0.9978,3,wrist_rotation_wave,True,0.40976,0.05634,0.44991,0.6333,0.34585
trial_000351,SUBJ_018,33,825,875,4.37,3,wrist_rotation_wave,0.997,3,wrist_rotation_wave,True,0.31956,0.0275,0.57548,0.75896,0.43463
trial_000351,SUBJ_018,34,850,900,4.495,3,wrist_rotation_wave,0.9939,3,wrist_rotation_wave,True,0.21391,-0.00369,0.70282,0.88479,0.52505
trial_000351,SUBJ_018,35,875,925,4.62,3,wrist_rotation_wave,0.9887,3,wrist_rotation_wave,True,0.1013,-0.03507,0.82235,1.00095,0.61009
trial_000351,SUBJ_018,36,900,950,4.745,3,wrist_rotation_wave,0.9821,3,wrist_rotation_wave,True,-0.00979,-0.06445,0.92447,1.09762,0.68273
trial_000351,SUBJ_018,37,925,975,4.87,3,wrist_rotation_wave,0.9796,3,wrist_rotation_wave,True,-0.11087,-0.08967,0.99961,1.16494,0.73594
trial_000351,SUBJ_018,38,950,1000,4.995,3,wrist_rotation_wave,0.9943,3,wrist_rotation_wave,True,-0.19346,-0.10855,1.03816,1.19311,0.7627
trial_000351,SUBJ_018,39,975,1025,5.12,3,wrist_rotation_wave,0.9984,3,wrist_rotation_wave,True,-0.24914,-0.11892,1.03063,1.17235,0.75604
trial_000351,SUBJ_018,40,1000,1050,5.245,3,wrist_rotation_wave,0.9982,3,wrist_rotation_wave,True,-0.27422,-0.11999,0.97441,1.10021,0.71404
trial_000351,SUBJ_018,41,1025,1075,5.37,3,wrist_rotation_wave,0.9975,3,wrist_rotation_wave,True,-0.2734,-0.11334,0.87903,0.98701,0.64363
trial_000351,SUBJ_018,42,1050,1100,5.495,3,wrist_rotation_wave,0.9958,3,wrist_rotation_wave,True,-0.25223,-0.10077,0.75528,0.8444,0.55269
trial_000351,SUBJ_018,43,1075,1125,5.62,3,wrist_rotation_wave,0.9942,3,wrist_rotation_wave,True,-0.21626,-0.0841,0.61395,0.68401,0.44905
trial_000351,SUBJ_018,44,1100,1150,5.745,3,wrist_rotation_wave,0.9855,3,wrist_rotation_wave,True,-0.17103,-0.06517,0.46581,0.5175,0.34056
trial_000351,SUBJ_018,45,1125,1175,5.87,3,wrist_rotation_wave,0.986,3,wrist_rotation_wave,True,-0.12209,-0.04578,0.32165,0.35649,0.23508
trial_000351,SUBJ_018,46,1150,1200,5.995,3,wrist_rotation_wave,0.9924,3,wrist_rotation_wave,True,-0.07499,-0.02776,0.19224,0.21264,0.14047
trial_000351,SUBJ_018,47,1175,1225,6.12,3,wrist_rotation_wave,0.9928,3,wrist_rotation_wave,True,-0.03527,-0.01291,0.08838,0.09759,0.06456
trial_000351,SUBJ_018,48,1200,1250,6.245,3,wrist_rotation_wave,0.9861,3,wrist_rotation_wave,True,-0.00847,-0.00308,0.02083,0.02297,0.01522
trial_000352,SUBJ_018,0,0,50,0.245,3,wrist_rotation_wave,0.9887,3,wrist_rotation_wave,True,0.08994,0.01307,0.0071,0.02582,0.00746
trial_000352,SUBJ_018,1,25,75,0.37,3,wrist_rotation_wave,0.9968,3,wrist_rotation_wave,True,0.18799,0.02741,0.01731,0.05724,0.01754
trial_000352,SUBJ_018,2,50,100,0.495,3,wrist_rotation_wave,0.9979,3,wrist_rotation_wave,True,0.30582,0.04477,0.03298,0.09949,0.03233
trial_000352,SUBJ_018,3,75,125,0.62,3,wrist_rotation_wave,0.9981,3,wrist_rotation_wave,True,0.43168,0.06352,0.05488,0.15144,0.05218
trial_000352,SUBJ_018,4,100,150,0.745,3,wrist_rotation_wave,0.9981,3,wrist_rotation_wave,True,0.55385,0.082,0.08379,0.21196,0.07745
trial_000352,SUBJ_018,5,125,175,0.87,3,wrist_rotation_wave,0.9978,3,wrist_rotation_wave,True,0.6606,0.09859,0.12045,0.27991,0.1085
trial_000352,SUBJ_018,6,150,200,0.995,3,wrist_rotation_wave,0.9965,3,wrist_rotation_wave,True,0.7402,0.11163,0.16565,0.35416,0.14568
trial_000352,SUBJ_018,7,175,225,1.12,3,wrist_rotation_wave,0.9926,3,wrist_rotation_wave,True,0.78092,0.11949,0.22015,0.43358,0.18935
trial_000352,SUBJ_018,8,200,250,1.245,3,wrist_rotation_wave,0.9853,3,wrist_rotation_wave,True,0.77103,0.12054,0.28471,0.51704,0.23987
trial_000352,SUBJ_018,9,225,275,1.37,3,wrist_rotation_wave,0.9917,3,wrist_rotation_wave,True,0.70088,0.1134,0.3597,0.60324,0.29731
trial_000352,SUBJ_018,10,250,300,1.495,3,wrist_rotation_wave,0.9982,3,wrist_rotation_wave,True,0.5766,0.09884,0.44234,0.68968,0.35967
trial_000352,SUBJ_018,11,275,325,1.62,3,wrist_rotation_wave,0.9982,3,wrist_rotation_wave,True,0.41159,0.0786,0.52843,0.77327,0.42395
trial_000352,SUBJ_018,12,300,350,1.745,3,wrist_rotation_wave,0.9979,3,wrist_rotation_wave,True,0.21926,0.05441,0.61376,0.85095,0.48716
trial_000352,SUBJ_018,13,325,375,1.87,3,wrist_rotation_wave,0.998,3,wrist_rotation_wave,True,0.01303,0.02802,0.69413,0.91966,0.54634
trial_000352,SUBJ_018,14,350,400,1.995,3,wrist_rotation_wave,0.9981,3,wrist_rotation_wave,True,-0.19366,0.00116,0.76533,0.9763,0.59848
trial_000352,SUBJ_018,15,375,425,2.12,3,wrist_rotation_wave,0.9981,3,wrist_rotation_wave,True,-0.38741,-0.02443,0.82314,1.01781,0.6406
trial_000352,SUBJ_018,16,400,450,2.245,3,wrist_rotation_wave,0.9981,3,wrist_rotation_wave,True,-0.55477,-0.04701,0.86336,1.04112,0.66972
trial_000352,SUBJ_018,17,425,475,2.37,3,wrist_rotation_wave,0.9983,3,wrist_rotation_wave,True,-0.68235,-0.06483,0.88179,1.04316,0.68284
trial_000352,SUBJ_018,18,450,500,2.495,3,wrist_rotation_wave,0.9979,3,wrist_rotation_wave,True,-0.7567,-0.07616,0.8742,1.02084,0.67699
trial_000352,SUBJ_018,19,475,525,2.62,3,wrist_rotation_wave,0.9974,3,wrist_rotation_wave,True,-0.76546,-0.07939,0.83686,0.97151,0.64951
trial_000352,SUBJ_018,20,500,550,2.745,3,wrist_rotation_wave,0.9986,3,wrist_rotation_wave,True,-0.71065,-0.07477,0.77243,0.89816,0.60237
trial_000352,SUBJ_018,21,525,575,2.87,3,wrist_rotation_wave,0.9987,3,wrist_rotation_wave,True,-0.60474,-0.06386,0.68821,0.80785,0.54092
trial_000352,SUBJ_018,22,550,600,2.995,3,wrist_rotation_wave,0.9986,3,wrist_rotation_wave,True,-0.46041,-0.04827,0.59159,0.70775,0.47055
trial_000352,SUBJ_018,23,575,625,3.12,3,wrist_rotation_wave,0.9985,3,wrist_rotation_wave,True,-0.29035,-0.02961,0.48999,0.60502,0.39665
trial_000352,SUBJ_018,24,600,650,3.245,3,wrist_rotation_wave,0.9983,3,wrist_rotation_wave,True,-0.10726,-0.00948,0.3908,0.50683,0.32465
trial_000352,SUBJ_018,25,625,675,3.37,3,wrist_rotation_wave,0.9978,3,wrist_rotation_wave,True,0.07617,0.01051,0.30143,0.42033,0.25993
trial_000352,SUBJ_018,26,650,700,3.495,3,wrist_rotation_wave,0.9974,3,wrist_rotation_wave,True,0.24725,0.02876,0.22928,0.35271,0.20791
trial_000352,SUBJ_018,27,675,725,3.62,3,wrist_rotation_wave,0.9971,3,wrist_rotation_wave,True,0.39329,0.04366,0.18174,0.31111,0.17398
trial_000352,SUBJ_018,28,700,750,3.745,3,wrist_rotation_wave,0.9966,3,wrist_rotation_wave,True,0.5016,0.05361,0.16624,0.3027,0.16355
trial_000352,SUBJ_018,29,725,775,3.87,3,wrist_rotation_wave,0.9969,3,wrist_rotation_wave,True,0.55982,0.05704,0.18989,0.33438,0.18182
trial_000352,SUBJ_018,30,750,800,3.995,3,wrist_rotation_wave,0.9898,3,wrist_rotation_wave,True,0.56544,0.05371,0.25228,0.40534,0.22844
trial_000352,SUBJ_018,31,775,825,4.12,3,wrist_rotation_wave,0.9841,3,wrist_rotation_wave,True,0.52703,0.04485,0.34443,0.50607,0.29675
trial_000352,SUBJ_018,32,800,850,4.245,3,wrist_rotation_wave,0.9975,3,wrist_rotation_wave,True,0.45374,0.03176,0.45695,0.62659,0.37977
trial_000352,SUBJ_018,33,825,875,4.37,3,wrist_rotation_wave,0.9977,3,wrist_rotation_wave,True,0.35475,0.01575,0.58041,0.75694,0.47052
trial_000352,SUBJ_018,34,850,900,4.495,3,wrist_rotation_wave,0.9949,3,wrist_rotation_wave,True,0.23921,-0.00188,0.70539,0.88715,0.56202
trial_000352,SUBJ_018,35,875,925,4.62,3,wrist_rotation_wave,0.9895,3,wrist_rotation_wave,True,0.11629,-0.01981,0.82248,1.00726,0.64729
trial_000352,SUBJ_018,36,900,950,4.745,3,wrist_rotation_wave,0.9821,3,wrist_rotation_wave,True,-0.00487,-0.03675,0.92227,1.10728,0.71934
trial_000352,SUBJ_018,37,925,975,4.87,3,wrist_rotation_wave,0.9697,3,wrist_rotation_wave,True,-0.11509,-0.05139,0.99533,1.17726,0.77119
trial_000352,SUBJ_018,38,950,1000,4.995,3,wrist_rotation_wave,0.9901,3,wrist_rotation_wave,True,-0.20522,-0.06241,1.03225,1.20721,0.79585
trial_000352,SUBJ_018,39,975,1025,5.12,3,wrist_rotation_wave,0.9985,3,wrist_rotation_wave,True,-0.26616,-0.06853,1.0237,1.18727,0.78641
trial_000352,SUBJ_018,40,1000,1050,5.245,3,wrist_rotation_wave,0.9983,3,wrist_rotation_wave,True,-0.29393,-0.06924,0.96713,1.11492,0.74103
trial_000352,SUBJ_018,41,1025,1075,5.37,3,wrist_rotation_wave,0.9971,3,wrist_rotation_wave,True,-0.29362,-0.06545,0.87199,1.00069,0.66682
trial_000352,SUBJ_018,42,1050,1100,5.495,3,wrist_rotation_wave,0.9939,3,wrist_rotation_wave,True,-0.27123,-0.05823,0.74891,0.85643,0.57184
trial_000352,SUBJ_018,43,1075,1125,5.62,3,wrist_rotation_wave,0.9913,3,wrist_rotation_wave,True,-0.23275,-0.04863,0.60856,0.69397,0.46411
trial_000352,SUBJ_018,44,1100,1150,5.745,3,wrist_rotation_wave,0.9744,3,wrist_rotation_wave,True,-0.18419,-0.03769,0.46159,0.52516,0.35168
trial_000352,SUBJ_018,45,1125,1175,5.87,3,wrist_rotation_wave,0.9776,3,wrist_rotation_wave,True,-0.13155,-0.02649,0.31866,0.36185,0.24258
trial_000352,SUBJ_018,46,1150,1200,5.995,3,wrist_rotation_wave,0.9887,3,wrist_rotation_wave,True,-0.08083,-0.01606,0.19042,0.21587,0.14486
trial_000352,SUBJ_018,47,1175,1225,6.12,3,wrist_rotation_wave,0.9916,3,wrist_rotation_wave,True,-0.03803,-0.00748,0.08752,0.09909,0.06654
trial_000352,SUBJ_018,48,1200,1250,6.245,3,wrist_rotation_wave,0.984,3,wrist_rotation_wave,True,-0.00914,-0.00178,0.02063,0.02333,0.01568
trial_000353,SUBJ_018,0,0,50,0.245,3,wrist_rotation_wave,0.9906,3,wrist_rotation_wave,True,0.09147,0.01476,0.01161,0.02207,0.0075
trial_000353,SUBJ_018,1,25,75,0.37,3,wrist_rotation_wave,0.9971,3,wrist_rotation_wave,True,0.19134,0.03087,0.02681,0.04928,0.0176
trial_000353,SUBJ_018,2,50,100,0.495,3,wrist_rotation_wave,0.998,3,wrist_rotation_wave,True,0.31153,0.05023,0.04858,0.0863,0.03237
trial_000353,SUBJ_018,3,75,125,0.62,3,wrist_rotation_wave,0.9982,3,wrist_rotation_wave,True,0.44021,0.07094,0.07716,0.13239,0.05214
trial_000353,SUBJ_018,4,100,150,0.745,3,wrist_rotation_wave,0.9982,3,wrist_rotation_wave,True,0.56555,0.09107,0.11278,0.18684,0.07725
trial_000353,SUBJ_018,5,125,175,0.87,3,wrist_rotation_wave,0.9979,3,wrist_rotation_wave,True,0.6757,0.1087,0.15567,0.24892,0.10802
trial_000353,SUBJ_018,6,150,200,0.995,3,wrist_rotation_wave,0.997,3,wrist_rotation_wave,True,0.75884,0.12191,0.20605,0.31789,0.1448
trial_000353,SUBJ_018,7,175,225,1.12,3,wrist_rotation_wave,0.9939,3,wrist_rotation_wave,True,0.80312,0.12879,0.26416,0.39302,0.1879
trial_000353,SUBJ_018,8,200,250,1.245,3,wrist_rotation_wave,0.9883,3,wrist_rotation_wave,True,0.79672,0.12741,0.33022,0.47359,0.23767
trial_000353,SUBJ_018,9,225,275,1.37,3,wrist_rotation_wave,0.9925,3,wrist_rotation_wave,True,0.72987,0.1162,0.40415,0.55865,0.29416
trial_000353,SUBJ_018,10,250,300,1.495,3,wrist_rotation_wave,0.9981,3,wrist_rotation_wave,True,0.6085,0.09614,0.48331,0.64565,0.35535
trial_000353,SUBJ_018,11,275,325,1.62,3,wrist_rotation_wave,0.9983,3,wrist_rotation_wave,True,0.44576,0.06939,0.56391,0.73129,0.41824
trial_000353,SUBJ_018,12,300,350,1.745,3,wrist_rotation_wave,0.998,3,wrist_rotation_wave,True,0.25482,0.03812,0.64218,0.81227,0.47985
trial_000353,SUBJ_018,13,325,375,1.87,3,wrist_rotation_wave,0.9981,3,wrist_rotation_wave,True,0.04889,0.00451,0.71433,0.88529,0.53718
trial_000353,SUBJ_018,14,350,400,1.995,3,wrist_rotation_wave,0.9982,3,wrist_rotation_wave,True,-0.15887,-0.02929,0.77655,0.94704,0.58726
trial_000353,SUBJ_018,15,375,425,2.12,3,wrist_rotation_wave,0.9981,3,wrist_rotation_wave,True,-0.35527,-0.06109,0.82507,0.99422,0.62708
trial_000353,SUBJ_018,16,400,450,2.245,3,wrist_rotation_wave,0.9982,3,wrist_rotation_wave,True,-0.52713,-0.08873,0.8561,1.02354,0.65365
trial_000353,SUBJ_018,17,425,475,2.37,3,wrist_rotation_wave,0.9983,3,wrist_rotation_wave,True,-0.66125,-0.11005,0.86585,1.03168,0.66399
trial_000353,SUBJ_018,18,450,500,2.495,3,wrist_rotation_wave,0.9981,3,wrist_rotation_wave,True,-0.74447,-0.12286,0.85052,1.01536,0.65511
trial_000353,SUBJ_018,19,475,525,2.62,3,wrist_rotation_wave,0.9976,3,wrist_rotation_wave,True,-0.76461,-0.12518,0.80678,0.97167,0.62436
trial_000353,SUBJ_018,20,500,550,2.745,3,wrist_rotation_wave,0.9986,3,wrist_rotation_wave,True,-0.72337,-0.11735,0.73737,0.90346,0.5738
trial_000353,SUBJ_018,21,525,575,2.87,3,wrist_rotation_wave,0.9987,3,wrist_rotation_wave,True,-0.63251,-0.10144,0.64944,0.81769,0.50892
trial_000353,SUBJ_018,22,550,600,2.995,3,wrist_rotation_wave,0.9986,3,wrist_rotation_wave,True,-0.50402,-0.07953,0.55024,0.72142,0.43526
trial_000353,SUBJ_018,23,575,625,3.12,3,wrist_rotation_wave,0.9986,3,wrist_rotation_wave,True,-0.34988,-0.05373,0.44704,0.62172,0.35839
trial_000353,SUBJ_018,24,600,650,3.245,3,wrist_rotation_wave,0.9984,3,wrist_rotation_wave,True,-0.18207,-0.02612,0.34709,0.52564,0.28385
trial_000353,SUBJ_018,25,625,675,3.37,3,wrist_rotation_wave,0.9981,3,wrist_rotation_wave,True,-0.01258,0.00121,0.25763,0.44025,0.21721
trial_000353,SUBJ_018,26,650,700,3.495,3,wrist_rotation_wave,0.9977,3,wrist_rotation_wave,True,0.1466,0.02614,0.18593,0.37262,0.16401
trial_000353,SUBJ_018,27,675,725,3.62,3,wrist_rotation_wave,0.9975,3,wrist_rotation_wave,True,0.2835,0.0466,0.13923,0.32979,0.12981
trial_000353,SUBJ_018,28,700,750,3.745,3,wrist_rotation_wave,0.9971,3,wrist_rotation_wave,True,0.38613,0.06049,0.1248,0.31884,0.12018
trial_000353,SUBJ_018,29,725,775,3.87,3,wrist_rotation_wave,0.9974,3,wrist_rotation_wave,True,0.44283,0.06577,0.14962,0.34657,0.14045
trial_000353,SUBJ_018,30,750,800,3.995,3,wrist_rotation_wave,0.976,3,wrist_rotation_wave,True,0.45113,0.06213,0.2132,0.41228,0.19024
trial_000353,SUBJ_018,31,775,825,4.12,3,wrist_rotation_wave,0.9722,3,wrist_rotation_wave,True,0.41894,0.05118,0.30661,0.50681,0.26266
trial_000353,SUBJ_018,32,800,850,4.245,3,wrist_rotation_wave,0.9969,3,wrist_rotation_wave,True,0.35473,0.03464,0.42045,0.62057,0.35049
trial_000353,SUBJ_018,33,825,875,4.37,3,wrist_rotation_wave,0.9933,3,wrist_rotation_wave,True,0.26696,0.01423,0.54533,0.74395,0.44651
trial_000353,SUBJ_018,34,850,900,4.495,3,wrist_rotation_wave,0.9872,3,wrist_rotation_wave,True,0.16409,-0.00833,0.67188,0.86735,0.54348
trial_000353,SUBJ_018,35,875,925,4.62,3,wrist_rotation_wave,0.9778,3,wrist_rotation_wave,True,0.05458,-0.03132,0.7907,0.98117,0.63418
trial_000353,SUBJ_018,36,900,950,4.745,3,wrist_rotation_wave,0.9673,3,wrist_rotation_wave,True,-0.05311,-0.05302,0.8924,1.0758,0.71138
trial_000353,SUBJ_018,37,925,975,4.87,3,wrist_rotation_wave,0.9687,3,wrist_rotation_wave,True,-0.1505,-0.07171,0.96759,1.14165,0.76786
trial_000353,SUBJ_018,38,950,1000,4.995,3,wrist_rotation_wave,0.9931,3,wrist_rotation_wave,True,-0.22914,-0.08567,1.0069,1.16911,0.79639
trial_000353,SUBJ_018,39,975,1025,5.12,3,wrist_rotation_wave,0.9984,3,wrist_rotation_wave,True,-0.28063,-0.0932,1.001,1.14867,0.7898
trial_000353,SUBJ_018,40,1000,1050,5.245,3,wrist_rotation_wave,0.9983,3,wrist_rotation_wave,True,-0.30133,-0.09363,0.94735,1.0779,0.74617
trial_000353,SUBJ_018,41,1025,1075,5.37,3,wrist_rotation_wave,0.9971,3,wrist_rotation_wave,True,-0.29607,-0.08818,0.85526,0.96694,0.67276
trial_000353,SUBJ_018,42,1050,1100,5.495,3,wrist_rotation_wave,0.9955,3,wrist_rotation_wave,True,-0.27052,-0.07824,0.73528,0.82719,0.57781
trial_000353,SUBJ_018,43,1075,1125,5.62,3,wrist_rotation_wave,0.9938,3,wrist_rotation_wave,True,-0.23035,-0.0652,0.59797,0.67005,0.46952
trial_000353,SUBJ_018,44,1100,1150,5.745,3,wrist_rotation_wave,0.9839,3,wrist_rotation_wave,True,-0.18124,-0.05046,0.45386,0.50692,0.35613
trial_000353,SUBJ_018,45,1125,1175,5.87,3,wrist_rotation_wave,0.9852,3,wrist_rotation_wave,True,-0.12887,-0.03541,0.31349,0.3492,0.24586
trial_000353,SUBJ_018,46,1150,1200,5.995,3,wrist_rotation_wave,0.992,3,wrist_rotation_wave,True,-0.0789,-0.02145,0.18742,0.20829,0.14692
trial_000353,SUBJ_018,47,1175,1225,6.12,3,wrist_rotation_wave,0.9913,3,wrist_rotation_wave,True,-0.03701,-0.00997,0.08618,0.09559,0.06753
trial_000353,SUBJ_018,48,1200,1250,6.245,3,wrist_rotation_wave,0.9819,3,wrist_rotation_wave,True,-0.00887,-0.00237,0.02032,0.0225,0.01592
trial_000354,SUBJ_018,0,0,50,0.245,3,wrist_rotation_wave,0.9923,3,wrist_rotation_wave,True,0.09057,0.01758,0.0078,0.02117,0.00445
trial_000354,SUBJ_018,1,25,75,0.37,3,wrist_rotation_wave,0.9975,3,wrist_rotation_wave,True,0.18955,0.03685,0.01874,0.04741,0.01123
trial_000354,SUBJ_018,2,50,100,0.495,3,wrist_rotation_wave,0.9982,3,wrist_rotation_wave,True,0.30878,0.06017,0.03524,0.08329,0.02201
trial_000354,SUBJ_018,3,75,125,0.62,3,wrist_rotation_wave,0.9984,3,wrist_rotation_wave,True,0.43662,0.08532,0.05793,0.12821,0.03753
trial_000354,SUBJ_018,4,100,150,0.745,3,wrist_rotation_wave,0.9984,3,wrist_rotation_wave,True,0.5614,0.11008,0.08747,0.18157,0.05853
trial_000354,SUBJ_018,5,125,175,0.87,3,wrist_rotation_wave,0.9981,3,wrist_rotation_wave,True,0.67147,0.13223,0.12451,0.24277,0.08574
trial_000354,SUBJ_018,6,150,200,0.995,3,wrist_rotation_wave,0.9975,3,wrist_rotation_wave,True,0.75516,0.14956,0.16969,0.31121,0.11989
trial_000354,SUBJ_018,7,175,225,1.12,3,wrist_rotation_wave,0.9954,3,wrist_rotation_wave,True,0.80082,0.15986,0.22365,0.3863,0.16171
trial_000354,SUBJ_018,8,200,250,1.245,3,wrist_rotation_wave,0.9904,3,wrist_rotation_wave,True,0.79679,0.16092,0.28706,0.46743,0.21193
trial_000354,SUBJ_018,9,225,275,1.37,3,wrist_rotation_wave,0.9926,3,wrist_rotation_wave,True,0.73344,0.15088,0.36015,0.55376,0.27096
trial_000354,SUBJ_018,10,250,300,1.495,3,wrist_rotation_wave,0.9979,3,wrist_rotation_wave,True,0.61659,0.13075,0.44028,0.64265,0.33661
trial_000354,SUBJ_018,11,275,325,1.62,3,wrist_rotation_wave,0.9984,3,wrist_rotation_wave,True,0.45913,0.10285,0.52342,0.73062,0.40554
trial_000354,SUBJ_018,12,300,350,1.745,3,wrist_rotation_wave,0.998,3,wrist_rotation_wave,True,0.27402,0.06948,0.60556,0.81418,0.47439
trial_000354,SUBJ_018,13,325,375,1.87,3,wrist_rotation_wave,0.998,3,wrist_rotation_wave,True,0.07418,0.03296,0.68268,0.88984,0.5398
trial_000354,SUBJ_018,14,350,400,1.995,3,wrist_rotation_wave,0.998,3,wrist_rotation_wave,True,-0.12744,-0.00439,0.75076,0.95413,0.5984
trial_000354,SUBJ_018,15,375,425,2.12,3,wrist_rotation_wave,0.998,3,wrist_rotation_wave,True,-0.3179,-0.04027,0.80577,1.00356,0.64685
trial_000354,SUBJ_018,16,400,450,2.245,3,wrist_rotation_wave,0.998,3,wrist_rotation_wave,True,-0.48426,-0.07236,0.84371,1.03464,0.68179
trial_000354,SUBJ_018,17,425,475,2.37,3,wrist_rotation_wave,0.9983,3,wrist_rotation_wave,True,-0.61359,-0.09833,0.86055,1.04389,0.69985
trial_000354,SUBJ_018,18,450,500,2.495,3,wrist_rotation_wave,0.998,3,wrist_rotation_wave,True,-0.69294,-0.11589,0.85227,1.02782,0.69768
trial_000354,SUBJ_018,19,475,525,2.62,3,wrist_rotation_wave,0.9974,3,wrist_rotation_wave,True,-0.71037,-0.12288,0.81531,0.98339,0.67228
trial_000354,SUBJ_018,20,500,550,2.745,3,wrist_rotation_wave,0.9986,3,wrist_rotation_wave,True,-0.66764,-0.11949,0.75226,0.91346,0.62556
trial_000354,SUBJ_018,21,525,575,2.87,3,wrist_rotation_wave,0.9987,3,wrist_rotation_wave,True,-0.57643,-0.10762,0.67022,0.82521,0.56298
trial_000354,SUBJ_018,22,550,600,2.995,3,wrist_rotation_wave,0.9986,3,wrist_rotation_wave,True,-0.44865,-0.08917,0.57636,0.72591,0.49009
trial_000354,SUBJ_018,23,575,625,3.12,3,wrist_rotation_wave,0.9985,3,wrist_rotation_wave,True,-0.29619,-0.06608,0.47785,0.62282,0.41244
trial_000354,SUBJ_018,24,600,650,3.245,3,wrist_rotation_wave,0.9983,3,wrist_rotation_wave,True,-0.13096,-0.04026,0.38189,0.5232,0.33556
trial_000354,SUBJ_018,25,625,675,3.37,3,wrist_rotation_wave,0.9979,3,wrist_rotation_wave,True,0.03513,-0.01364,0.29566,0.43433,0.26501
trial_000354,SUBJ_018,26,650,700,3.495,3,wrist_rotation_wave,0.9972,3,wrist_rotation_wave,True,0.19017,0.01186,0.22633,0.36347,0.20634
trial_000354,SUBJ_018,27,675,725,3.62,3,wrist_rotation_wave,0.9971,3,wrist_rotation_wave,True,0.32228,0.03432,0.18108,0.31789,0.16508
trial_000354,SUBJ_018,28,700,750,3.745,3,wrist_rotation_wave,0.9967,3,wrist_rotation_wave,True,0.41953,0.05182,0.1671,0.30485,0.14678
trial_000354,SUBJ_018,29,725,775,3.87,3,wrist_rotation_wave,0.9968,3,wrist_rotation_wave,True,0.47036,0.06248,0.19131,0.33135,0.1568
trial_000354,SUBJ_018,30,750,800,3.995,3,wrist_rotation_wave,0.9798,3,wrist_rotation_wave,True,0.47242,0.06586,0.25325,0.39675,0.19499
trial_000354,SUBJ_018,31,775,825,4.12,3,wrist_rotation_wave,0.9723,3,wrist_rotation_wave,True,0.43382,0.06308,0.34417,0.49175,0.25498
trial_000354,SUBJ_018,32,800,850,4.245,3,wrist_rotation_wave,0.9971,3,wrist_rotation_wave,True,0.3632,0.05538,0.45483,0.6066,0.33009
trial_000354,SUBJ_018,33,825,875,4.37,3,wrist_rotation_wave,0.9947,3,wrist_rotation_wave,True,0.26921,0.04399,0.57603,0.73157,0.41363
trial_000354,SUBJ_018,34,850,900,4.495,3,wrist_rotation_wave,0.9891,3,wrist_rotation_wave,True,0.16051,0.03013,0.69856,0.8569,0.49889
trial_000354,SUBJ_018,35,875,925,4.62,3,wrist_rotation_wave,0.9803,3,wrist_rotation_wave,True,0.04575,0.01503,0.81321,0.97284,0.57921
trial_000354,SUBJ_018,36,900,950,4.745,3,wrist_rotation_wave,0.97,3,wrist_rotation_wave,True,-0.06641,-8e-05,0.91075,1.06966,0.64787
trial_000354,SUBJ_018,37,925,975,4.87,3,wrist_rotation_wave,0.963,3,wrist_rotation_wave,True,-0.16734,-0.01399,0.98197,1.1376,0.6982
trial_000354,SUBJ_018,38,950,1000,4.995,3,wrist_rotation_wave,0.99,3,wrist_rotation_wave,True,-0.24837,-0.02545,1.01767,1.16692,0.7235
trial_000354,SUBJ_018,39,975,1025,5.12,3,wrist_rotation_wave,0.9983,3,wrist_rotation_wave,True,-0.30092,-0.03326,1.00871,1.14795,0.71714
trial_000354,SUBJ_018,40,1000,1050,5.245,3,wrist_rotation_wave,0.9983,3,wrist_rotation_wave,True,-0.32132,-0.03686,0.9526,1.07821,0.67727
trial_000354,SUBJ_018,41,1025,1075,5.37,3,wrist_rotation_wave,0.9959,3,wrist_rotation_wave,True,-0.31465,-0.0369,0.85864,0.96789,0.61048
trial_000354,SUBJ_018,42,1050,1100,5.495,3,wrist_rotation_wave,0.9928,3,wrist_rotation_wave,True,-0.28684,-0.03413,0.73728,0.82845,0.5242
trial_000354,SUBJ_018,43,1075,1125,5.62,3,wrist_rotation_wave,0.9874,3,wrist_rotation_wave,True,-0.24386,-0.02932,0.599,0.67136,0.42589
trial_000354,SUBJ_018,44,1100,1150,5.745,3,wrist_rotation_wave,0.9659,3,wrist_rotation_wave,True,-0.19163,-0.02322,0.45428,0.50809,0.323
trial_000354,SUBJ_018,45,1125,1175,5.87,3,wrist_rotation_wave,0.974,3,wrist_rotation_wave,True,-0.13613,-0.01659,0.31357,0.35011,0.22296
trial_000354,SUBJ_018,46,1150,1200,5.995,3,wrist_rotation_wave,0.9884,3,wrist_rotation_wave,True,-0.08328,-0.0102,0.18736,0.20889,0.13322
trial_000354,SUBJ_018,47,1175,1225,6.12,3,wrist_rotation_wave,0.9898,3,wrist_rotation_wave,True,-0.03904,-0.0048,0.08611,0.09588,0.06123
trial_000354,SUBJ_018,48,1200,1250,6.245,3,wrist_rotation_wave,0.975,3,wrist_rotation_wave,True,-0.00936,-0.00115,0.02029,0.02257,0.01443
trial_000355,SUBJ_018,0,0,50,0.245,0,finger_tap,0.9929,0,finger_tap,True,-0.00323,0.02483,0.27709,0.29658,0.14956
trial_000355,SUBJ_018,1,25,75,0.37,0,finger_tap,0.9619,0,finger_tap,True,-0.00578,0.04485,0.47925,0.51886,0.25663
trial_000355,SUBJ_018,2,50,100,0.495,0,finger_tap,0.9945,0,finger_tap,True,-0.00751,0.05919,0.58443,0.64667,0.30813
trial_000355,SUBJ_018,3,75,125,0.62,0,finger_tap,0.9436,0,finger_tap,True,-0.00742,0.06136,0.5131,0.59727,0.26042
trial_000355,SUBJ_018,4,100,150,0.745,0,finger_tap,0.9943,0,finger_tap,True,-0.00496,0.05364,0.32429,0.42708,0.14843
trial_000355,SUBJ_018,5,125,175,0.87,0,finger_tap,0.9906,0,finger_tap,True,0.00027,0.04134,0.12473,0.24042,0.03408
trial_000355,SUBJ_018,6,150,200,0.995,0,finger_tap,0.9965,0,finger_tap,True,0.00867,0.02975,0.02115,0.14161,-0.02066
trial_000355,SUBJ_018,7,175,225,1.12,0,finger_tap,0.9633,0,finger_tap,True,0.0203,0.02344,0.10032,0.2157,0.03426
trial_000355,SUBJ_018,8,200,250,1.245,0,finger_tap,0.9856,0,finger_tap,True,0.03299,0.02204,0.31271,0.41604,0.1674
trial_000355,SUBJ_018,9,225,275,1.37,0,finger_tap,0.9195,0,finger_tap,True,0.04365,0.0231,0.55185,0.64099,0.31336
trial_000355,SUBJ_018,10,250,300,1.495,0,finger_tap,0.9924,0,finger_tap,True,0.04915,0.02414,0.71108,0.78876,0.4066
trial_000355,SUBJ_018,11,275,325,1.62,0,finger_tap,0.9459,0,finger_tap,True,0.04687,0.02298,0.6975,0.77054,0.3903
trial_000355,SUBJ_018,12,300,350,1.745,0,finger_tap,0.9939,0,finger_tap,True,0.03814,0.01955,0.5348,0.60812,0.28147
trial_000355,SUBJ_018,13,325,375,1.87,0,finger_tap,0.9938,0,finger_tap,True,0.0263,0.01487,0.30544,0.37898,0.13438
trial_000355,SUBJ_018,14,350,400,1.995,0,finger_tap,0.994,0,finger_tap,True,0.01472,0.00999,0.09233,0.16105,0.00358
trial_000355,SUBJ_018,15,375,425,2.12,0,finger_tap,0.9929,0,finger_tap,True,0.00651,0.00588,-0.02858,0.02596,-0.06123
trial_000355,SUBJ_018,16,400,450,2.245,0,finger_tap,0.9967,0,finger_tap,True,0.0021,0.00287,-0.05574,-0.02195,-0.06186
trial_000355,SUBJ_018,17,425,475,2.37,0,finger_tap,0.9872,0,finger_tap,True,0.00033,0.00095,-0.03266,-0.01905,-0.03134
trial_000355,SUBJ_018,18,450,500,2.495,0,finger_tap,0.9533,0,finger_tap,True,-0.0,7e-05,-0.0035,-0.0023,-0.00314
trial_000356,SUBJ_018,0,0,50,0.245,0,finger_tap,0.996,0,finger_tap,True,0.00043,-0.00291,0.27638,0.32742,0.1602
trial_000356,SUBJ_018,1,25,75,0.37,0,finger_tap,0.9936,0,finger_tap,True,-0.00171,-0.00587,0.47827,0.57045,0.27695
trial_000356,SUBJ_018,2,50,100,0.495,0,finger_tap,0.9969,0,finger_tap,True,-0.00788,-0.00915,0.58383,0.70542,0.33743
trial_000356,SUBJ_018,3,75,125,0.62,0,finger_tap,0.979,0,finger_tap,True,-0.01927,-0.01218,0.51374,0.63969,0.29563
trial_000356,SUBJ_018,4,100,150,0.745,0,finger_tap,0.9943,0,finger_tap,True,-0.03329,-0.01424,0.32598,0.43613,0.18592
trial_000356,SUBJ_018,5,125,175,0.87,0,finger_tap,0.9596,0,finger_tap,True,-0.04609,-0.01454,0.12579,0.21104,0.07033
trial_000356,SUBJ_018,6,150,200,0.995,0,finger_tap,0.9955,0,finger_tap,True,-0.05381,-0.0123,0.01842,0.08081,0.01091
trial_000356,SUBJ_018,7,175,225,1.12,0,finger_tap,0.9741,0,finger_tap,True,-0.05327,-0.0069,0.08949,0.14074,0.05814
trial_000356,SUBJ_018,8,200,250,1.245,0,finger_tap,0.9965,0,finger_tap,True,-0.04592,0.00107,0.29046,0.34244,0.18339
trial_000356,SUBJ_018,9,225,275,1.37,0,finger_tap,0.9954,0,finger_tap,True,-0.03515,0.01051,0.51677,0.57754,0.325
trial_000356,SUBJ_018,10,250,300,1.495,0,finger_tap,0.9969,0,finger_tap,True,-0.02435,0.02035,0.6637,0.73744,0.42123
trial_000356,SUBJ_018,11,275,325,1.62,0,finger_tap,0.9854,0,finger_tap,True,-0.01658,0.02945,0.64022,0.72728,0.41818
trial_000356,SUBJ_018,12,300,350,1.745,0,finger_tap,0.9834,0,finger_tap,True,-0.01206,0.03647,0.47151,0.56864,0.32862
trial_000356,SUBJ_018,13,325,375,1.87,0,finger_tap,0.9716,0,finger_tap,True,-0.00957,0.03997,0.24136,0.34181,0.19891
trial_000356,SUBJ_018,14,350,400,1.995,0,finger_tap,0.9895,0,finger_tap,True,-0.00788,0.03847,0.03398,0.1275,0.0757
trial_000356,SUBJ_018,15,375,425,2.12,0,finger_tap,0.9905,0,finger_tap,True,-0.00586,0.03084,-0.07374,-0.00018,0.00181
trial_000356,SUBJ_018,16,400,450,2.245,0,finger_tap,0.9968,0,finger_tap,True,-0.00349,0.01922,-0.08328,-0.03796,-0.02064
trial_000356,SUBJ_018,17,425,475,2.37,0,finger_tap,0.9872,0,finger_tap,True,-0.00137,0.00777,-0.04364,-0.02545,-0.01415
trial_000356,SUBJ_018,18,450,500,2.495,0,finger_tap,0.9801,0,finger_tap,True,-0.00012,0.00068,-0.00445,-0.00286,-0.0016
trial_000357,SUBJ_018,0,0,50,0.245,0,finger_tap,0.9946,0,finger_tap,True,0.00712,0.0107,0.28253,0.32375,0.17167
trial_000357,SUBJ_018,1,25,75,0.37,0,finger_tap,0.9845,0,finger_tap,True,0.00939,0.01713,0.48808,0.56367,0.29491
trial_000357,SUBJ_018,2,50,100,0.495,0,finger_tap,0.9964,0,finger_tap,True,0.00456,0.01762,0.59384,0.69614,0.35487
trial_000357,SUBJ_018,3,75,125,0.62,0,finger_tap,0.9765,0,finger_tap,True,-0.01051,0.00851,0.51828,0.62936,0.30155
trial_000357,SUBJ_018,4,100,150,0.745,0,finger_tap,0.9956,0,finger_tap,True,-0.03034,-0.00668,0.32086,0.42564,0.17429
trial_000357,SUBJ_018,5,125,175,0.87,0,finger_tap,0.9868,0,finger_tap,True,-0.04649,-0.0219,0.10957,0.20028,0.04315
trial_000357,SUBJ_018,6,150,200,0.995,0,finger_tap,0.9965,0,finger_tap,True,-0.05051,-0.03112,-0.00759,0.06861,-0.02174
trial_000357,SUBJ_018,7,175,225,1.12,0,finger_tap,0.9792,0,finger_tap,True,-0.03581,-0.02935,0.05741,0.12524,0.03637
trial_000357,SUBJ_018,8,200,250,1.245,0,finger_tap,0.9956,0,finger_tap,True,-0.00842,-0.01869,0.2561,0.32319,0.1833
trial_000357,SUBJ_018,9,225,275,1.37,0,finger_tap,0.991,0,finger_tap,True,0.02036,-0.00421,0.48303,0.5564,0.34684
trial_000357,SUBJ_018,10,250,300,1.495,0,finger_tap,0.9953,0,finger_tap,True,0.03922,0.009,0.63256,0.71857,0.45469
trial_000357,SUBJ_018,11,275,325,1.62,0,finger_tap,0.9386,0,finger_tap,True,0.03841,0.0164,0.6128,0.7167,0.44395
trial_000357,SUBJ_018,12,300,350,1.745,0,finger_tap,0.9917,0,finger_tap,True,0.02137,0.01782,0.44846,0.57027,0.33176
trial_000357,SUBJ_018,13,325,375,1.87,0,finger_tap,0.9912,0,finger_tap,True,-0.00177,0.01532,0.22304,0.35548,0.17559
trial_000357,SUBJ_018,14,350,400,1.995,0,finger_tap,0.9953,0,finger_tap,True,-0.02083,0.01097,0.02049,0.14896,0.0332
trial_000357,SUBJ_018,15,375,425,2.12,0,finger_tap,0.9918,0,finger_tap,True,-0.02661,0.00673,-0.08259,0.0212,-0.0426
trial_000357,SUBJ_018,16,400,450,2.245,0,finger_tap,0.9965,0,finger_tap,True,-0.02025,0.00344,-0.08808,-0.02309,-0.05214
trial_000357,SUBJ_018,17,425,475,2.37,0,finger_tap,0.9894,0,finger_tap,True,-0.00917,0.00119,-0.04539,-0.01902,-0.02792
trial_000357,SUBJ_018,18,450,500,2.495,0,finger_tap,0.8835,0,finger_tap,True,-0.00087,9e-05,-0.00459,-0.00227,-0.00288
trial_000358,SUBJ_018,0,0,50,0.245,0,finger_tap,0.9971,0,finger_tap,True,-0.03043,-1e-05,0.29069,0.30277,0.14697
trial_000358,SUBJ_018,1,25,75,0.37,0,finger_tap,0.9967,0,finger_tap,True,-0.05275,-0.00037,0.50507,0.52643,0.25292
trial_000358,SUBJ_018,2,50,100,0.495,0,finger_tap,0.996,0,finger_tap,True,-0.06462,-0.0013,0.62133,0.64849,0.3054
trial_000358,SUBJ_018,3,75,125,0.62,0,finger_tap,0.9873,0,finger_tap,True,-0.05717,-0.00312,0.55668,0.58296,0.2619
trial_000358,SUBJ_018,4,100,150,0.745,0,finger_tap,0.9869,0,finger_tap,True,-0.0355,-0.00659,0.36841,0.38985,0.15648
trial_000358,SUBJ_018,5,125,175,0.87,0,finger_tap,0.8904,0,finger_tap,True,-0.00955,-0.01265,0.16203,0.17942,0.04951
trial_000358,SUBJ_018,6,150,200,0.995,0,finger_tap,0.9948,0,finger_tap,True,0.01075,-0.0222,0.04309,0.06193,0.00139
trial_000358,SUBJ_018,7,175,225,1.12,0,finger_tap,0.9237,0,finger_tap,True,0.01702,-0.03566,0.09777,0.1276,0.06071
trial_000358,SUBJ_018,8,200,250,1.245,0,finger_tap,0.9967,0,finger_tap,True,0.01147,-0.04993,0.28029,0.3296,0.19532
trial_000358,SUBJ_018,9,225,275,1.37,0,finger_tap,0.9963,0,finger_tap,True,0.00069,-0.06041,0.48973,0.56387,0.33939
trial_000358,SUBJ_018,10,250,300,1.495,0,finger_tap,0.9969,0,finger_tap,True,-0.00866,-0.06255,0.62499,0.72619,0.42697
trial_000358,SUBJ_018,11,275,325,1.62,0,finger_tap,0.9929,0,finger_tap,True,-0.01072,-0.05256,0.59821,0.72536,0.40106
trial_000358,SUBJ_018,12,300,350,1.745,0,finger_tap,0.9526,0,finger_tap,True,-0.00608,-0.03353,0.43361,0.58077,0.28063
trial_000358,SUBJ_018,13,325,375,1.87,0,finger_tap,0.859,0,finger_tap,True,0.00139,-0.01201,0.21195,0.36754,0.12295
trial_000358,SUBJ_018,14,350,400,1.995,0,finger_tap,0.9605,0,finger_tap,True,0.00782,0.00543,0.01441,0.16125,-0.01441
trial_000358,SUBJ_018,15,375,425,2.12,0,finger_tap,0.9724,0,finger_tap,True,0.00969,0.01285,-0.08496,0.03144,-0.0791
trial_000358,SUBJ_018,16,400,450,2.245,0,finger_tap,0.9949,0,finger_tap,True,0.0073,0.01115,-0.08864,-0.01656,-0.07427
trial_000358,SUBJ_018,17,425,475,2.37,0,finger_tap,0.9889,0,finger_tap,True,0.00329,0.00535,-0.04537,-0.01635,-0.0367
trial_000358,SUBJ_018,18,450,500,2.495,0,finger_tap,0.9832,0,finger_tap,True,0.00031,0.00052,-0.00457,-0.00204,-0.00364
trial_000359,SUBJ_018,0,0,50,0.245,0,finger_tap,0.9964,0,finger_tap,True,-0.01044,0.00177,0.27885,0.32281,0.14977
trial_000359,SUBJ_018,1,25,75,0.37,0,finger_tap,0.9951,0,finger_tap,True,-0.01854,0.00373,0.4816,0.56192,0.25681
trial_000359,SUBJ_018,2,50,100,0.495,0,finger_tap,0.9971,0,finger_tap,True,-0.02374,0.00612,0.58568,0.69373,0.30793
trial_000359,SUBJ_018,3,75,125,0.62,0,finger_tap,0.9721,0,finger_tap,True,-0.02314,0.00865,0.51054,0.62688,0.25933
trial_000359,SUBJ_018,4,100,150,0.745,0,finger_tap,0.9931,0,finger_tap,True,-0.01776,0.0107,0.31493,0.42503,0.14604
trial_000359,SUBJ_018,5,125,175,0.87,0,finger_tap,0.9592,0,finger_tap,True,-0.00998,0.0115,0.1055,0.20514,0.03021
trial_000359,SUBJ_018,6,150,200,0.995,0,finger_tap,0.9964,0,finger_tap,True,-0.00218,0.0103,-0.01105,0.08424,-0.02599
trial_000359,SUBJ_018,7,175,225,1.12,0,finger_tap,0.9468,0,finger_tap,True,0.00345,0.00661,0.05233,0.15779,0.02787
trial_000359,SUBJ_018,8,200,250,1.245,0,finger_tap,0.9942,0,finger_tap,True,0.00606,0.00168,0.24879,0.37419,0.16206
trial_000359,SUBJ_018,9,225,275,1.37,0,finger_tap,0.9918,0,finger_tap,True,0.00532,-0.00247,0.47555,0.62043,0.31341
trial_000359,SUBJ_018,10,250,300,1.495,0,finger_tap,0.9961,0,finger_tap,True,0.00093,-0.00383,0.62964,0.7833,0.41863
trial_000359,SUBJ_018,11,275,325,1.62,0,finger_tap,0.9847,0,finger_tap,True,-0.00717,-0.00075,0.62125,0.76413,0.4224
trial_000359,SUBJ_018,12,300,350,1.745,0,finger_tap,0.9876,0,finger_tap,True,-0.01695,0.00547,0.47222,0.58768,0.33715
trial_000359,SUBJ_018,13,325,375,1.87,0,finger_tap,0.96,0,finger_tap,True,-0.02532,0.01204,0.26066,0.34096,0.20943
trial_000359,SUBJ_018,14,350,400,1.995,0,finger_tap,0.9673,0,finger_tap,True,-0.02917,0.01614,0.06512,0.11143,0.08608
trial_000359,SUBJ_018,15,375,425,2.12,0,finger_tap,0.9831,0,finger_tap,True,-0.02581,0.01529,-0.04252,-0.02076,0.01015
trial_000359,SUBJ_018,16,400,450,2.245,0,finger_tap,0.9935,0,finger_tap,True,-0.01699,0.0104,-0.06152,-0.05363,-0.01543
trial_000359,SUBJ_018,17,425,475,2.37,0,finger_tap,0.9879,0,finger_tap,True,-0.00711,0.00444,-0.03422,-0.03255,-0.01205
trial_000359,SUBJ_018,18,450,500,2.495,0,finger_tap,0.8922,0,finger_tap,True,-0.00064,0.0004,-0.00359,-0.00353,-0.00142
trial_000360,SUBJ_019,0,0,50,0.245,1,fist_clench,0.9968,1,fist_clench,True,-0.00346,0.00968,0.06682,0.08038,0.04097
trial_000360,SUBJ_019,1,25,75,0.37,1,fist_clench,0.9988,1,fist_clench,True,-0.00747,0.02069,0.14551,0.17463,0.08945
trial_000360,SUBJ_019,2,50,100,0.495,1,fist_clench,0.9988,1,fist_clench,True,-0.01259,0.03456,0.24812,0.29701,0.15293
trial_000360,SUBJ_019,3,75,125,0.62,1,fist_clench,0.9987,1,fist_clench,True,-0.01854,0.05032,0.36992,0.44156,0.22869
trial_000360,SUBJ_019,4,100,150,0.745,1,fist_clench,0.9986,1,fist_clench,True,-0.02503,0.06704,0.5062,0.60233,0.31398
trial_000360,SUBJ_019,5,125,175,0.87,1,fist_clench,0.9986,1,fist_clench,True,-0.03175,0.08376,0.65225,0.77339,0.40607
trial_000360,SUBJ_019,6,150,200,0.995,1,fist_clench,0.9986,1,fist_clench,True,-0.03841,0.09953,0.80335,0.94876,0.50222
trial_000360,SUBJ_019,7,175,225,1.12,1,fist_clench,0.9987,1,fist_clench,True,-0.04472,0.11341,0.95479,1.12252,0.59968
trial_000360,SUBJ_019,8,200,250,1.245,1,fist_clench,0.9987,1,fist_clench,True,-0.05038,0.12445,1.10185,1.2887,0.69571
trial_000360,SUBJ_019,9,225,275,1.37,1,fist_clench,0.9985,1,fist_clench,True,-0.0551,0.1317,1.23982,1.44136,0.78759
trial_000360,SUBJ_019,10,250,300,1.495,1,fist_clench,0.9984,1,fist_clench,True,-0.05858,0.1342,1.36398,1.57455,0.87256
trial_000360,SUBJ_019,11,275,325,1.62,1,fist_clench,0.9982,1,fist_clench,True,-0.0606,0.1313,1.4706,1.68366,0.94838
trial_000360,SUBJ_019,12,300,350,1.745,1,fist_clench,0.9983,1,fist_clench,True,-0.06125,0.12348,1.5598,1.76935,1.01469
trial_000360,SUBJ_019,13,325,375,1.87,1,fist_clench,0.9983,1,fist_clench,True,-0.06068,0.11147,1.63264,1.83358,1.07159
trial_000360,SUBJ_019,14,350,400,1.995,1,fist_clench,0.9984,1,fist_clench,True,-0.05906,0.09605,1.6902,1.87831,1.11919
trial_000360,SUBJ_019,15,375,425,2.12,1,fist_clench,0.9984,1,fist_clench,True,-0.05654,0.07795,1.73353,1.90549,1.15761
trial_000360,SUBJ_019,16,400,450,2.245,1,fist_clench,0.9985,1,fist_clench,True,-0.05328,0.05794,1.76372,1.91708,1.18696
trial_000360,SUBJ_019,17,425,475,2.37,1,fist_clench,0.9983,1,fist_clench,True,-0.04944,0.03676,1.78182,1.91504,1.20734
trial_000360,SUBJ_019,18,450,500,2.495,1,fist_clench,0.9972,1,fist_clench,True,-0.04518,0.01517,1.78891,1.90132,1.21887
trial_000360,SUBJ_019,19,475,525,2.62,1,fist_clench,0.9916,1,fist_clench,True,-0.04066,-0.00608,1.78605,1.87789,1.22165
trial_000360,SUBJ_019,20,500,550,2.745,1,fist_clench,0.9473,1,fist_clench,True,-0.03603,-0.02624,1.77432,1.84669,1.2158
trial_000360,SUBJ_019,21,525,575,2.87,1,fist_clench,0.9473,1,fist_clench,True,-0.03145,-0.04456,1.75477,1.80968,1.20142
trial_000360,SUBJ_019,22,550,600,2.995,1,fist_clench,0.9875,1,fist_clench,True,-0.02709,-0.06027,1.72847,1.76883,1.17863
trial_000360,SUBJ_019,23,575,625,3.12,1,fist_clench,0.9977,1,fist_clench,True,-0.02309,-0.07264,1.6965,1.72609,1.14753
trial_000360,SUBJ_019,24,600,650,3.245,1,fist_clench,0.9988,1,fist_clench,True,-0.01959,-0.08113,1.65971,1.68291,1.1084
trial_000360,SUBJ_019,25,625,675,3.37,1,fist_clench,0.9989,1,fist_clench,True,-0.01656,-0.08601,1.61825,1.63904,1.0621
trial_000360,SUBJ_019,26,650,700,3.495,1,fist_clench,0.9988,1,fist_clench,True,-0.01397,-0.08768,1.57213,1.59387,1.00961
trial_000360,SUBJ_019,27,675,725,3.62,1,fist_clench,0.9987,1,fist_clench,True,-0.01178,-0.08658,1.52135,1.54678,0.9519
trial_000360,SUBJ_019,28,700,750,3.745,1,fist_clench,0.9985,1,fist_clench,True,-0.00995,-0.08311,1.4659,1.49718,0.88995
trial_000360,SUBJ_019,29,725,775,3.87,1,fist_clench,0.9984,1,fist_clench,True,-0.00843,-0.07771,1.40578,1.44444,0.82473
trial_000360,SUBJ_019,30,750,800,3.995,1,fist_clench,0.9983,1,fist_clench,True,-0.00719,-0.07078,1.34101,1.38795,0.75723
trial_000360,SUBJ_019,31,775,825,4.12,1,fist_clench,0.9981,1,fist_clench,True,-0.00618,-0.06274,1.27157,1.3271,0.68841
trial_000360,SUBJ_019,32,800,850,4.245,1,fist_clench,0.998,1,fist_clench,True,-0.00537,-0.05402,1.19748,1.26128,0.61926
trial_000360,SUBJ_019,33,825,875,4.37,1,fist_clench,0.998,1,fist_clench,True,-0.00472,-0.04504,1.11873,1.18987,0.55075
trial_000360,SUBJ_019,34,850,900,4.495,1,fist_clench,0.9979,1,fist_clench,True,-0.00418,-0.03621,1.03532,1.11227,0.48386
trial_000360,SUBJ_019,35,875,925,4.62,1,fist_clench,0.9979,1,fist_clench,True,-0.00372,-0.02796,0.94725,1.02786,0.41956
trial_000360,SUBJ_019,36,900,950,4.745,1,fist_clench,0.9979,1,fist_clench,True,-0.0033,-0.02069,0.85453,0.93604,0.35884
trial_000360,SUBJ_019,37,925,975,4.87,1,fist_clench,0.9979,1,fist_clench,True,-0.00288,-0.01472,0.75762,0.83692,0.30246
trial_000360,SUBJ_019,38,950,1000,4.995,1,fist_clench,0.9979,1,fist_clench,True,-0.00247,-0.00996,0.65838,0.73277,0.25062
trial_000360,SUBJ_019,39,975,1025,5.12,1,fist_clench,0.998,1,fist_clench,True,-0.00207,-0.00629,0.55892,0.62626,0.2034
trial_000360,SUBJ_019,40,1000,1050,5.245,1,fist_clench,0.9981,1,fist_clench,True,-0.00169,-0.00357,0.46132,0.52004,0.16088
trial_000360,SUBJ_019,41,1025,1075,5.37,1,fist_clench,0.9982,1,fist_clench,True,-0.00133,-0.00167,0.3677,0.41678,0.12315
trial_000360,SUBJ_019,42,1050,1100,5.495,1,fist_clench,0.9983,1,fist_clench,True,-0.00101,-0.00046,0.28016,0.31914,0.09029
trial_000360,SUBJ_019,43,1075,1125,5.62,1,fist_clench,0.9985,1,fist_clench,True,-0.00071,0.00021,0.20079,0.22978,0.06238
trial_000360,SUBJ_019,44,1100,1150,5.745,1,fist_clench,0.9987,1,fist_clench,True,-0.00046,0.00046,0.13171,0.15135,0.03951
trial_000360,SUBJ_019,45,1125,1175,5.87,1,fist_clench,0.9989,1,fist_clench,True,-0.00026,0.00044,0.07501,0.08653,0.02176
trial_000360,SUBJ_019,46,1150,1200,5.995,1,fist_clench,0.999,1,fist_clench,True,-0.00011,0.00026,0.0328,0.03797,0.00921
trial_000360,SUBJ_019,47,1175,1225,6.12,1,fist_clench,0.9947,1,fist_clench,True,-2e-05,7e-05,0.00717,0.00833,0.00195
trial_000361,SUBJ_019,0,0,50,0.245,1,fist_clench,0.9966,1,fist_clench,True,-0.00283,0.00592,0.06097,0.08013,0.04082
trial_000361,SUBJ_019,1,25,75,0.37,1,fist_clench,0.9989,1,fist_clench,True,-0.00606,0.01261,0.13301,0.17406,0.08908
trial_000361,SUBJ_019,2,50,100,0.495,1,fist_clench,0.9987,1,fist_clench,True,-0.01016,0.021,0.22725,0.29601,0.15225
trial_000361,SUBJ_019,3,75,125,0.62,1,fist_clench,0.9986,1,fist_clench,True,-0.01486,0.03048,0.33955,0.44001,0.22758
trial_000361,SUBJ_019,4,100,150,0.745,1,fist_clench,0.9985,1,fist_clench,True,-0.01989,0.04045,0.46576,0.60013,0.31232
trial_000361,SUBJ_019,5,125,175,0.87,1,fist_clench,0.9985,1,fist_clench,True,-0.02499,0.0503,0.60176,0.77042,0.40372
trial_000361,SUBJ_019,6,150,200,0.995,1,fist_clench,0.9985,1,fist_clench,True,-0.02989,0.05943,0.7434,0.94494,0.49903
trial_000361,SUBJ_019,7,175,225,1.12,1,fist_clench,0.9985,1,fist_clench,True,-0.03434,0.06725,0.88654,1.11775,0.59549
trial_000361,SUBJ_019,8,200,250,1.245,1,fist_clench,0.9984,1,fist_clench,True,-0.03806,0.07314,1.02704,1.28289,0.69038
trial_000361,SUBJ_019,9,225,275,1.37,1,fist_clench,0.9984,1,fist_clench,True,-0.0408,0.07651,1.16078,1.43443,0.78092
trial_000361,SUBJ_019,10,250,300,1.495,1,fist_clench,0.9983,1,fist_clench,True,-0.04228,0.07676,1.2836,1.56642,0.86437
trial_000361,SUBJ_019,11,275,325,1.62,1,fist_clench,0.9984,1,fist_clench,True,-0.04232,0.07346,1.39217,1.67427,0.93849
trial_000361,SUBJ_019,12,300,350,1.745,1,fist_clench,0.9984,1,fist_clench,True,-0.04102,0.06695,1.4863,1.75864,1.00296
trial_000361,SUBJ_019,13,325,375,1.87,1,fist_clench,0.9985,1,fist_clench,True,-0.03855,0.05774,1.56656,1.82152,1.05799
trial_000361,SUBJ_019,14,350,400,1.995,1,fist_clench,0.9987,1,fist_clench,True,-0.03509,0.04633,1.63353,1.86488,1.10375
trial_000361,SUBJ_019,15,375,425,2.12,1,fist_clench,0.9988,1,fist_clench,True,-0.0308,0.03324,1.6878,1.8907,1.14042
trial_000361,SUBJ_019,16,400,450,2.245,1,fist_clench,0.9986,1,fist_clench,True,-0.02586,0.01896,1.72993,1.90094,1.16819
trial_000361,SUBJ_019,17,425,475,2.37,1,fist_clench,0.9978,1,fist_clench,True,-0.02045,0.00401,1.76051,1.89759,1.18725
trial_000361,SUBJ_019,18,450,500,2.495,1,fist_clench,0.9896,1,fist_clench,True,-0.01472,-0.01109,1.78011,1.88262,1.19777
trial_000361,SUBJ_019,19,475,525,2.62,1,fist_clench,0.8819,1,fist_clench,True,-0.00886,-0.02585,1.78932,1.85801,1.19995
trial_000361,SUBJ_019,20,500,550,2.745,1,fist_clench,0.6142,1,fist_clench,True,-0.00305,-0.03976,1.78871,1.82573,1.19396
trial_000361,SUBJ_019,21,525,575,2.87,1,fist_clench,0.6694,1,fist_clench,True,0.00256,-0.0523,1.77885,1.78776,1.17999
trial_000361,SUBJ_019,22,550,600,2.995,1,fist_clench,0.9573,1,fist_clench,True,0.00778,-0.06297,1.76034,1.74607,1.15822
trial_000361,SUBJ_019,23,575,625,3.12,1,fist_clench,0.996,1,fist_clench,True,0.01245,-0.07126,1.73374,1.70263,1.12884
trial_000361,SUBJ_019,24,600,650,3.245,1,fist_clench,0.9985,1,fist_clench,True,0.01643,-0.07682,1.6996,1.65892,1.09216
trial_000361,SUBJ_019,25,625,675,3.37,1,fist_clench,0.9989,1,fist_clench,True,0.01973,-0.07982,1.65829,1.61469,1.04893
trial_000361,SUBJ_019,26,650,700,3.495,1,fist_clench,0.9989,1,fist_clench,True,0.02238,-0.08055,1.61019,1.56933,0.99998
trial_000361,SUBJ_019,27,675,725,3.62,1,fist_clench,0.9988,1,fist_clench,True,0.02442,-0.07929,1.55566,1.52222,0.94616
trial_000361,SUBJ_019,28,700,750,3.745,1,fist_clench,0.9987,1,fist_clench,True,0.02589,-0.07634,1.49504,1.47276,0.8883
trial_000361,SUBJ_019,29,725,775,3.87,1,fist_clench,0.9985,1,fist_clench,True,0.02682,-0.07198,1.42871,1.42034,0.82723
trial_000361,SUBJ_019,30,750,800,3.995,1,fist_clench,0.9984,1,fist_clench,True,0.02725,-0.06649,1.35703,1.36434,0.76381
trial_000361,SUBJ_019,31,775,825,4.12,1,fist_clench,0.9983,1,fist_clench,True,0.02721,-0.06017,1.28035,1.30415,0.69886
trial_000361,SUBJ_019,32,800,850,4.245,1,fist_clench,0.9982,1,fist_clench,True,0.02674,-0.05329,1.19903,1.23917,0.63322
trial_000361,SUBJ_019,33,825,875,4.37,1,fist_clench,0.9981,1,fist_clench,True,0.02588,-0.04616,1.11344,1.16878,0.56774
trial_000361,SUBJ_019,34,850,900,4.495,1,fist_clench,0.9981,1,fist_clench,True,0.02466,-0.03905,1.02394,1.09237,0.50325
trial_000361,SUBJ_019,35,875,925,4.62,1,fist_clench,0.9981,1,fist_clench,True,0.02312,-0.03225,0.93088,1.00933,0.44059
trial_000361,SUBJ_019,36,900,950,4.745,1,fist_clench,0.998,1,fist_clench,True,0.02129,-0.02604,0.83462,0.91905,0.38059
trial_000361,SUBJ_019,37,925,975,4.87,1,fist_clench,0.998,1,fist_clench,True,0.01921,-0.02065,0.73587,0.82164,0.32397
trial_000361,SUBJ_019,38,950,1000,4.995,1,fist_clench,0.9981,1,fist_clench,True,0.01696,-0.01604,0.63628,0.71933,0.27105
trial_000361,SUBJ_019,39,975,1025,5.12,1,fist_clench,0.9982,1,fist_clench,True,0.0146,-0.01216,0.5377,0.61472,0.22207
trial_000361,SUBJ_019,40,1000,1050,5.245,1,fist_clench,0.9983,1,fist_clench,True,0.0122,-0.00895,0.44198,0.51042,0.17729
trial_000361,SUBJ_019,41,1025,1075,5.37,1,fist_clench,0.9984,1,fist_clench,True,0.00984,-0.00634,0.35096,0.40905,0.13695
trial_000361,SUBJ_019,42,1050,1100,5.495,1,fist_clench,0.9985,1,fist_clench,True,0.00757,-0.00428,0.26647,0.3132,0.10131
trial_000361,SUBJ_019,43,1075,1125,5.62,1,fist_clench,0.9986,1,fist_clench,True,0.00548,-0.0027,0.19038,0.22549,0.07061
trial_000361,SUBJ_019,44,1100,1150,5.745,1,fist_clench,0.9987,1,fist_clench,True,0.00362,-0.00155,0.12451,0.14852,0.04511
trial_000361,SUBJ_019,45,1125,1175,5.87,1,fist_clench,0.9989,1,fist_clench,True,0.00208,-0.00077,0.07072,0.0849,0.02505
trial_000361,SUBJ_019,46,1150,1200,5.995,1,fist_clench,0.9989,1,fist_clench,True,0.00092,-0.00029,0.03084,0.03725,0.0107
trial_000361,SUBJ_019,47,1175,1225,6.12,1,fist_clench,0.9915,1,fist_clench,True,0.0002,-5e-05,0.00673,0.00817,0.00229
trial_000362,SUBJ_019,0,0,50,0.245,1,fist_clench,0.9934,1,fist_clench,True,0.00019,0.00753,0.06358,0.07634,0.04144
trial_000362,SUBJ_019,1,25,75,0.37,1,fist_clench,0.9987,1,fist_clench,True,0.00043,0.0161,0.1386,0.16596,0.09048
trial_000362,SUBJ_019,2,50,100,0.495,1,fist_clench,0.9988,1,fist_clench,True,0.00076,0.02687,0.23662,0.28244,0.15472
trial_000362,SUBJ_019,3,75,125,0.62,1,fist_clench,0.9988,1,fist_clench,True,0.00116,0.03912,0.35325,0.42019,0.2314
trial_000362,SUBJ_019,4,100,150,0.745,1,fist_clench,0.9987,1,fist_clench,True,0.00164,0.05209,0.48411,0.57364,0.31775
trial_000362,SUBJ_019,5,125,175,0.87,1,fist_clench,0.9985,1,fist_clench,True,0.00218,0.06504,0.62482,0.73719,0.411
trial_000362,SUBJ_019,6,150,200,0.995,1,fist_clench,0.9984,1,fist_clench,True,0.00278,0.07723,0.77099,0.90526,0.50841
trial_000362,SUBJ_019,7,175,225,1.12,1,fist_clench,0.9985,1,fist_clench,True,0.00344,0.08792,0.91825,1.07227,0.6072
trial_000362,SUBJ_019,8,200,250,1.245,1,fist_clench,0.9986,1,fist_clench,True,0.00414,0.09637,1.06221,1.23264,0.70461
trial_000362,SUBJ_019,9,225,275,1.37,1,fist_clench,0.9986,1,fist_clench,True,0.00488,0.10183,1.19849,1.38076,0.79787
trial_000362,SUBJ_019,10,250,300,1.495,1,fist_clench,0.9985,1,fist_clench,True,0.00566,0.10357,1.32271,1.51107,0.88423
trial_000362,SUBJ_019,11,275,325,1.62,1,fist_clench,0.9983,1,fist_clench,True,0.00646,0.10106,1.43136,1.61922,0.9614
trial_000362,SUBJ_019,12,300,350,1.745,1,fist_clench,0.9983,1,fist_clench,True,0.00725,0.0947,1.52434,1.70575,1.02901
trial_000362,SUBJ_019,13,325,375,1.87,1,fist_clench,0.9983,1,fist_clench,True,0.00798,0.08507,1.60241,1.7724,1.08716
trial_000362,SUBJ_019,14,350,400,1.995,1,fist_clench,0.9984,1,fist_clench,True,0.00864,0.07279,1.66632,1.8209,1.13594
trial_000362,SUBJ_019,15,375,425,2.12,1,fist_clench,0.9985,1,fist_clench,True,0.00917,0.05845,1.71681,1.85301,1.17545
trial_000362,SUBJ_019,16,400,450,2.245,1,fist_clench,0.9985,1,fist_clench,True,0.00953,0.04267,1.75463,1.87046,1.20579
trial_000362,SUBJ_019,17,425,475,2.37,1,fist_clench,0.9984,1,fist_clench,True,0.0097,0.02603,1.78053,1.87499,1.22706
trial_000362,SUBJ_019,18,450,500,2.495,1,fist_clench,0.9978,1,fist_clench,True,0.00963,0.00914,1.79526,1.86834,1.23934
trial_000362,SUBJ_019,19,475,525,2.62,1,fist_clench,0.9933,1,fist_clench,True,0.00929,-0.0074,1.79958,1.85225,1.24274
trial_000362,SUBJ_019,20,500,550,2.745,1,fist_clench,0.9603,1,fist_clench,True,0.00864,-0.02298,1.79422,1.82846,1.23735
trial_000362,SUBJ_019,21,525,575,2.87,1,fist_clench,0.8609,1,fist_clench,True,0.00763,-0.037,1.77994,1.79872,1.22328
trial_000362,SUBJ_019,22,550,600,2.995,1,fist_clench,0.8946,1,fist_clench,True,0.00624,-0.04886,1.75748,1.76476,1.2006
trial_000362,SUBJ_019,23,575,625,3.12,1,fist_clench,0.9873,1,fist_clench,True,0.00442,-0.05796,1.72761,1.72833,1.16943
trial_000362,SUBJ_019,24,600,650,3.245,1,fist_clench,0.9978,1,fist_clench,True,0.00217,-0.06389,1.69096,1.6907,1.13003
trial_000362,SUBJ_019,25,625,675,3.37,1,fist_clench,0.9988,1,fist_clench,True,-0.00044,-0.06687,1.6479,1.65163,1.08327
trial_000362,SUBJ_019,26,650,700,3.495,1,fist_clench,0.9988,1,fist_clench,True,-0.0033,-0.06726,1.59869,1.61052,1.03016
trial_000362,SUBJ_019,27,675,725,3.62,1,fist_clench,0.9988,1,fist_clench,True,-0.00631,-0.06543,1.54363,1.56681,0.97167
trial_000362,SUBJ_019,28,700,750,3.745,1,fist_clench,0.9986,1,fist_clench,True,-0.00938,-0.06173,1.48299,1.5199,0.90881
trial_000362,SUBJ_019,29,725,775,3.87,1,fist_clench,0.9984,1,fist_clench,True,-0.0124,-0.05653,1.41706,1.46922,0.84258
trial_000362,SUBJ_019,30,750,800,3.995,1,fist_clench,0.9983,1,fist_clench,True,-0.01527,-0.05018,1.34612,1.41417,0.77396
trial_000362,SUBJ_019,31,775,825,4.12,1,fist_clench,0.9981,1,fist_clench,True,-0.01789,-0.04305,1.27045,1.35418,0.70396
trial_000362,SUBJ_019,32,800,850,4.245,1,fist_clench,0.998,1,fist_clench,True,-0.02016,-0.0355,1.19032,1.28867,0.63357
trial_000362,SUBJ_019,33,825,875,4.37,1,fist_clench,0.9979,1,fist_clench,True,-0.02197,-0.02789,1.10603,1.21705,0.56378
trial_000362,SUBJ_019,34,850,900,4.495,1,fist_clench,0.9979,1,fist_clench,True,-0.02324,-0.02058,1.01785,1.13875,0.49559
trial_000362,SUBJ_019,35,875,925,4.62,1,fist_clench,0.9978,1,fist_clench,True,-0.02385,-0.01394,0.92607,1.05317,0.43
trial_000362,SUBJ_019,36,900,950,4.745,1,fist_clench,0.9978,1,fist_clench,True,-0.02371,-0.00831,0.83096,0.95973,0.36799
trial_000362,SUBJ_019,37,925,975,4.87,1,fist_clench,0.9978,1,fist_clench,True,-0.02277,-0.00396,0.73316,0.85861,0.31037
trial_000362,SUBJ_019,38,950,1000,4.995,1,fist_clench,0.9979,1,fist_clench,True,-0.02115,-0.00078,0.63435,0.75216,0.25733
trial_000362,SUBJ_019,39,975,1025,5.12,1,fist_clench,0.998,1,fist_clench,True,-0.019,0.00137,0.53639,0.64313,0.20897
trial_000362,SUBJ_019,40,1000,1050,5.245,1,fist_clench,0.998,1,fist_clench,True,-0.01647,0.00265,0.44114,0.53427,0.16539
trial_000362,SUBJ_019,41,1025,1075,5.37,1,fist_clench,0.9981,1,fist_clench,True,-0.01369,0.00322,0.35046,0.42835,0.12667
trial_000362,SUBJ_019,42,1050,1100,5.495,1,fist_clench,0.9982,1,fist_clench,True,-0.01083,0.00322,0.26622,0.32811,0.09293
trial_000362,SUBJ_019,43,1075,1125,5.62,1,fist_clench,0.9984,1,fist_clench,True,-0.00802,0.00282,0.19027,0.2363,0.06424
trial_000362,SUBJ_019,44,1100,1150,5.745,1,fist_clench,0.9986,1,fist_clench,True,-0.00542,0.00215,0.12449,0.1557,0.04071
trial_000362,SUBJ_019,45,1125,1175,5.87,1,fist_clench,0.9989,1,fist_clench,True,-0.00317,0.00139,0.07073,0.08903,0.02244
trial_000362,SUBJ_019,46,1150,1200,5.995,1,fist_clench,0.999,1,fist_clench,True,-0.00142,0.00067,0.03086,0.03908,0.00951
trial_000362,SUBJ_019,47,1175,1225,6.12,1,fist_clench,0.9943,1,fist_clench,True,-0.00032,0.00016,0.00673,0.00857,0.00202
trial_000363,SUBJ_019,0,0,50,0.245,1,fist_clench,0.9885,1,fist_clench,True,0.00399,0.0065,0.0653,0.07514,0.04184
trial_000363,SUBJ_019,1,25,75,0.37,1,fist_clench,0.9981,1,fist_clench,True,0.00855,0.01386,0.14223,0.16344,0.0913
trial_000363,SUBJ_019,2,50,100,0.495,1,fist_clench,0.9986,1,fist_clench,True,0.01432,0.02308,0.24257,0.27832,0.15602
trial_000363,SUBJ_019,3,75,125,0.62,1,fist_clench,0.9986,1,fist_clench,True,0.02092,0.03349,0.36173,0.41435,0.23319
trial_000363,SUBJ_019,4,100,150,0.745,1,fist_clench,0.9983,1,fist_clench,True,0.02799,0.04443,0.49512,0.56608,0.31997
trial_000363,SUBJ_019,5,125,175,0.87,1,fist_clench,0.9972,1,fist_clench,True,0.03514,0.05525,0.63814,0.72809,0.41355
trial_000363,SUBJ_019,6,150,200,0.995,1,fist_clench,0.9961,1,fist_clench,True,0.04201,0.06527,0.78622,0.89494,0.51111
trial_000363,SUBJ_019,7,175,225,1.12,1,fist_clench,0.9964,1,fist_clench,True,0.04821,0.07384,0.93474,1.06119,0.6098
trial_000363,SUBJ_019,8,200,250,1.245,1,fist_clench,0.9967,1,fist_clench,True,0.05337,0.08029,1.07914,1.2214,0.70682
trial_000363,SUBJ_019,9,225,275,1.37,1,fist_clench,0.9971,1,fist_clench,True,0.05711,0.08397,1.21481,1.37015,0.79934
trial_000363,SUBJ_019,10,250,300,1.495,1,fist_clench,0.9973,1,fist_clench,True,0.05906,0.0842,1.33717,1.50199,0.88453
trial_000363,SUBJ_019,11,275,325,1.62,1,fist_clench,0.9973,1,fist_clench,True,0.05897,0.08054,1.44257,1.61267,0.96008
trial_000363,SUBJ_019,12,300,350,1.745,1,fist_clench,0.9977,1,fist_clench,True,0.057,0.07333,1.53112,1.7026,1.02568
trial_000363,SUBJ_019,13,325,375,1.87,1,fist_clench,0.9979,1,fist_clench,True,0.05345,0.06312,1.60381,1.77333,1.08151
trial_000363,SUBJ_019,14,350,400,1.995,1,fist_clench,0.9979,1,fist_clench,True,0.04861,0.05046,1.66167,1.82642,1.12777
trial_000363,SUBJ_019,15,375,425,2.12,1,fist_clench,0.9979,1,fist_clench,True,0.04277,0.03591,1.7057,1.86341,1.16462
trial_000363,SUBJ_019,16,400,450,2.245,1,fist_clench,0.9978,1,fist_clench,True,0.03622,0.02,1.73692,1.88585,1.19225
trial_000363,SUBJ_019,17,425,475,2.37,1,fist_clench,0.9977,1,fist_clench,True,0.02926,0.0033,1.75633,1.89531,1.21086
trial_000363,SUBJ_019,18,450,500,2.495,1,fist_clench,0.9972,1,fist_clench,True,0.02216,-0.01366,1.76495,1.89333,1.22061
trial_000363,SUBJ_019,19,475,525,2.62,1,fist_clench,0.9962,1,fist_clench,True,0.01523,-0.03032,1.76379,1.88146,1.2217
trial_000363,SUBJ_019,20,500,550,2.745,1,fist_clench,0.9906,1,fist_clench,True,0.00875,-0.04613,1.75387,1.86125,1.2143
trial_000363,SUBJ_019,21,525,575,2.87,1,fist_clench,0.9599,1,fist_clench,True,0.00301,-0.06055,1.73619,1.83426,1.19861
trial_000363,SUBJ_019,22,550,600,2.995,1,fist_clench,0.9641,1,fist_clench,True,-0.0017,-0.07302,1.71176,1.80203,1.1748
trial_000363,SUBJ_019,23,575,625,3.12,1,fist_clench,0.9929,1,fist_clench,True,-0.00508,-0.08299,1.6816,1.76612,1.14306
trial_000363,SUBJ_019,24,600,650,3.245,1,fist_clench,0.9983,1,fist_clench,True,-0.00695,-0.09009,1.64652,1.72771,1.10371
trial_000363,SUBJ_019,25,625,675,3.37,1,fist_clench,0.9988,1,fist_clench,True,-0.00743,-0.09446,1.60667,1.68666,1.05757
trial_000363,SUBJ_019,26,650,700,3.495,1,fist_clench,0.9988,1,fist_clench,True,-0.00674,-0.09639,1.56204,1.6426,1.00556
trial_000363,SUBJ_019,27,675,725,3.62,1,fist_clench,0.9987,1,fist_clench,True,-0.00508,-0.09615,1.51264,1.59512,0.94859
trial_000363,SUBJ_019,28,700,750,3.745,1,fist_clench,0.9985,1,fist_clench,True,-0.00266,-0.09402,1.45847,1.54384,0.88758
trial_000363,SUBJ_019,29,725,775,3.87,1,fist_clench,0.9983,1,fist_clench,True,0.00032,-0.09027,1.39953,1.48836,0.82346
trial_000363,SUBJ_019,30,750,800,3.995,1,fist_clench,0.9982,1,fist_clench,True,0.00365,-0.08519,1.33582,1.42829,0.75712
trial_000363,SUBJ_019,31,775,825,4.12,1,fist_clench,0.9981,1,fist_clench,True,0.00713,-0.07905,1.26735,1.36324,0.6895
trial_000363,SUBJ_019,32,800,850,4.245,1,fist_clench,0.998,1,fist_clench,True,0.01056,-0.07213,1.19412,1.29282,0.62151
trial_000363,SUBJ_019,33,825,875,4.37,1,fist_clench,0.9979,1,fist_clench,True,0.01371,-0.0647,1.11612,1.21663,0.55406
trial_000363,SUBJ_019,34,850,900,4.495,1,fist_clench,0.9978,1,fist_clench,True,0.0164,-0.05704,1.03337,1.13429,0.48808
trial_000363,SUBJ_019,35,875,925,4.62,1,fist_clench,0.9978,1,fist_clench,True,0.01842,-0.04943,0.94586,1.0454,0.42449
trial_000363,SUBJ_019,36,900,950,4.745,1,fist_clench,0.9978,1,fist_clench,True,0.01955,-0.04215,0.8536,0.94957,0.36419
trial_000363,SUBJ_019,37,925,975,4.87,1,fist_clench,0.9978,1,fist_clench,True,0.01968,-0.0354,0.75705,0.84708,0.30793
trial_000363,SUBJ_019,38,950,1000,4.995,1,fist_clench,0.9979,1,fist_clench,True,0.01893,-0.02923,0.65809,0.74017,0.25594
trial_000363,SUBJ_019,39,975,1025,5.12,1,fist_clench,0.998,1,fist_clench,True,0.01747,-0.02364,0.55882,0.63144,0.20834
trial_000363,SUBJ_019,40,1000,1050,5.245,1,fist_clench,0.9982,1,fist_clench,True,0.01547,-0.01864,0.46135,0.5235,0.16529
trial_000363,SUBJ_019,41,1025,1075,5.37,1,fist_clench,0.9982,1,fist_clench,True,0.01309,-0.01422,0.36781,0.41894,0.1269
trial_000363,SUBJ_019,42,1050,1100,5.495,1,fist_clench,0.9984,1,fist_clench,True,0.0105,-0.01039,0.2803,0.32037,0.09331
trial_000363,SUBJ_019,43,1075,1125,5.62,1,fist_clench,0.9985,1,fist_clench,True,0.00788,-0.00715,0.20093,0.23039,0.06465
trial_000363,SUBJ_019,44,1100,1150,5.745,1,fist_clench,0.9987,1,fist_clench,True,0.00538,-0.00452,0.13182,0.15159,0.04107
trial_000363,SUBJ_019,45,1125,1175,5.87,1,fist_clench,0.9989,1,fist_clench,True,0.00317,-0.00248,0.07509,0.08658,0.02268
trial_000363,SUBJ_019,46,1150,1200,5.995,1,fist_clench,0.999,1,fist_clench,True,0.00143,-0.00105,0.03283,0.03795,0.00963
trial_000363,SUBJ_019,47,1175,1225,6.12,1,fist_clench,0.9943,1,fist_clench,True,0.00032,-0.00022,0.00718,0.00832,0.00205
trial_000364,SUBJ_019,0,0,50,0.245,1,fist_clench,0.9977,1,fist_clench,True,-0.00378,0.00586,0.06777,0.07824,0.04192
trial_000364,SUBJ_019,1,25,75,0.37,1,fist_clench,0.9988,1,fist_clench,True,-0.00811,0.01249,0.14762,0.17004,0.09148
trial_000364,SUBJ_019,2,50,100,0.495,1,fist_clench,0.9986,1,fist_clench,True,-0.0136,0.02077,0.25177,0.2893,0.15633
trial_000364,SUBJ_019,3,75,125,0.62,1,fist_clench,0.9985,1,fist_clench,True,-0.01988,0.0301,0.37547,0.43026,0.23364
trial_000364,SUBJ_019,4,100,150,0.745,1,fist_clench,0.9984,1,fist_clench,True,-0.0266,0.03987,0.51395,0.58718,0.3206
trial_000364,SUBJ_019,5,125,175,0.87,1,fist_clench,0.9984,1,fist_clench,True,-0.03342,0.04948,0.66246,0.75429,0.41435
trial_000364,SUBJ_019,6,150,200,0.995,1,fist_clench,0.9984,1,fist_clench,True,-0.03996,0.05831,0.81624,0.92585,0.51209
trial_000364,SUBJ_019,7,175,225,1.12,1,fist_clench,0.9984,1,fist_clench,True,-0.04589,0.06578,0.97053,1.09609,0.61096
trial_000364,SUBJ_019,8,200,250,1.245,1,fist_clench,0.9983,1,fist_clench,True,-0.05085,0.07125,1.12057,1.25927,0.70815
trial_000364,SUBJ_019,9,225,275,1.37,1,fist_clench,0.9982,1,fist_clench,True,-0.05447,0.07415,1.26159,1.40963,0.80082
trial_000364,SUBJ_019,10,250,300,1.495,1,fist_clench,0.9981,1,fist_clench,True,-0.05641,0.07384,1.38885,1.54142,0.88615
trial_000364,SUBJ_019,11,275,325,1.62,1,fist_clench,0.9982,1,fist_clench,True,-0.05642,0.06994,1.49856,1.65017,0.96181
trial_000364,SUBJ_019,12,300,350,1.745,1,fist_clench,0.9983,1,fist_clench,True,-0.05464,0.06282,1.59079,1.73648,1.02753
trial_000364,SUBJ_019,13,325,375,1.87,1,fist_clench,0.9985,1,fist_clench,True,-0.05133,0.05306,1.66657,1.8022,1.08352
trial_000364,SUBJ_019,14,350,400,1.995,1,fist_clench,0.9987,1,fist_clench,True,-0.04673,0.04124,1.72693,1.84918,1.12998
trial_000364,SUBJ_019,15,375,425,2.12,1,fist_clench,0.9988,1,fist_clench,True,-0.0411,0.02795,1.77287,1.87926,1.16713
trial_000364,SUBJ_019,16,400,450,2.245,1,fist_clench,0.9986,1,fist_clench,True,-0.03468,0.01375,1.80542,1.89429,1.19519
trial_000364,SUBJ_019,17,425,475,2.37,1,fist_clench,0.9964,1,fist_clench,True,-0.02773,-0.00077,1.82561,1.89611,1.21436
trial_000364,SUBJ_019,18,450,500,2.495,1,fist_clench,0.97,1,fist_clench,True,-0.02048,-0.01504,1.83446,1.88658,1.22486
trial_000364,SUBJ_019,19,475,525,2.62,1,fist_clench,0.643,1,fist_clench,True,-0.01321,-0.02847,1.83298,1.86754,1.22691
trial_000364,SUBJ_019,20,500,550,2.745,2,pinch_precision,0.6398,1,fist_clench,False,-0.00614,-0.0405,1.8222,1.84084,1.2207
trial_000364,SUBJ_019,21,525,575,2.87,1,fist_clench,0.7639,1,fist_clench,True,0.00046,-0.05053,1.80314,1.80832,1.20647
trial_000364,SUBJ_019,22,550,600,2.995,1,fist_clench,0.9808,1,fist_clench,True,0.00635,-0.05799,1.77682,1.77182,1.18441
trial_000364,SUBJ_019,23,575,625,3.12,1,fist_clench,0.9971,1,fist_clench,True,0.01128,-0.06231,1.74427,1.73321,1.15475
trial_000364,SUBJ_019,24,600,650,3.245,1,fist_clench,0.9986,1,fist_clench,True,0.01507,-0.06311,1.70631,1.69383,1.11781
trial_000364,SUBJ_019,25,625,675,3.37,1,fist_clench,0.9989,1,fist_clench,True,0.01777,-0.06074,1.66316,1.65342,1.07433
trial_000364,SUBJ_019,26,650,700,3.495,1,fist_clench,0.9989,1,fist_clench,True,0.01951,-0.05569,1.61489,1.61133,1.02512
trial_000364,SUBJ_019,27,675,725,3.62,1,fist_clench,0.9988,1,fist_clench,True,0.02039,-0.04845,1.56158,1.56696,0.97101
trial_000364,SUBJ_019,28,700,750,3.745,1,fist_clench,0.9987,1,fist_clench,True,0.02052,-0.03951,1.50329,1.51966,0.9128
trial_000364,SUBJ_019,29,725,775,3.87,1,fist_clench,0.9987,1,fist_clench,True,0.02001,-0.02936,1.4401,1.46882,0.85133
trial_000364,SUBJ_019,30,750,800,3.995,1,fist_clench,0.9986,1,fist_clench,True,0.01898,-0.01851,1.37209,1.41381,0.78741
trial_000364,SUBJ_019,31,775,825,4.12,1,fist_clench,0.9985,1,fist_clench,True,0.01754,-0.00743,1.29932,1.35399,0.72185
trial_000364,SUBJ_019,32,800,850,4.245,1,fist_clench,0.9984,1,fist_clench,True,0.0158,0.00337,1.22188,1.28875,0.65548
trial_000364,SUBJ_019,33,825,875,4.37,1,fist_clench,0.9984,1,fist_clench,True,0.01386,0.01341,1.13983,1.21746,0.5891
trial_000364,SUBJ_019,34,850,900,4.495,1,fist_clench,0.9983,1,fist_clench,True,0.01185,0.0222,1.05325,1.1395,0.52356
trial_000364,SUBJ_019,35,875,925,4.62,1,fist_clench,0.9983,1,fist_clench,True,0.00987,0.02923,0.96221,1.05422,0.45965
trial_000364,SUBJ_019,36,900,950,4.745,1,fist_clench,0.9983,1,fist_clench,True,0.00803,0.03402,0.86678,0.96102,0.39819
trial_000364,SUBJ_019,37,925,975,4.87,1,fist_clench,0.9983,1,fist_clench,True,0.00642,0.03628,0.7675,0.86002,0.3399
trial_000364,SUBJ_019,38,950,1000,4.995,1,fist_clench,0.9984,1,fist_clench,True,0.00503,0.0363,0.6662,0.75359,0.28514
trial_000364,SUBJ_019,39,975,1025,5.12,1,fist_clench,0.9986,1,fist_clench,True,0.00385,0.03446,0.56496,0.6445,0.23423
trial_000364,SUBJ_019,40,1000,1050,5.245,1,fist_clench,0.9987,1,fist_clench,True,0.00286,0.03118,0.46587,0.53553,0.18747
trial_000364,SUBJ_019,41,1025,1075,5.37,1,fist_clench,0.9987,1,fist_clench,True,0.00206,0.02683,0.37101,0.42943,0.14517
trial_000364,SUBJ_019,42,1050,1100,5.495,1,fist_clench,0.9988,1,fist_clench,True,0.00141,0.02182,0.28245,0.32899,0.10764
trial_000364,SUBJ_019,43,1075,1125,5.62,1,fist_clench,0.9988,1,fist_clench,True,0.0009,0.01655,0.20229,0.23698,0.0752
trial_000364,SUBJ_019,44,1100,1150,5.745,1,fist_clench,0.9989,1,fist_clench,True,0.00053,0.01141,0.1326,0.15616,0.04815
trial_000364,SUBJ_019,45,1125,1175,5.87,1,fist_clench,0.999,1,fist_clench,True,0.00027,0.00678,0.07547,0.08931,0.0268
trial_000364,SUBJ_019,46,1150,1200,5.995,1,fist_clench,0.9989,1,fist_clench,True,0.0001,0.00308,0.03298,0.0392,0.01147
trial_000364,SUBJ_019,47,1175,1225,6.12,1,fist_clench,0.9923,1,fist_clench,True,2e-05,0.0007,0.00721,0.0086,0.00246
trial_000365,SUBJ_019,0,0,50,0.245,2,pinch_precision,0.9977,2,pinch_precision,True,0.00498,0.00999,0.02402,0.01451,0.00981
trial_000365,SUBJ_019,1,25,75,0.37,2,pinch_precision,0.9983,2,pinch_precision,True,0.01095,0.02193,0.05287,0.03203,0.02161
trial_000365,SUBJ_019,2,50,100,0.495,2,pinch_precision,0.9985,2,pinch_precision,True,0.01889,0.03774,0.0912,0.05541,0.03732
trial_000365,SUBJ_019,3,75,125,0.62,2,pinch_precision,0.9986,2,pinch_precision,True,0.02851,0.05682,0.13771,0.08393,0.05641
trial_000365,SUBJ_019,4,100,150,0.745,2,pinch_precision,0.9986,2,pinch_precision,True,0.03955,0.0786,0.19108,0.11685,0.07837
trial_000365,SUBJ_019,5,125,175,0.87,2,pinch_precision,0.9985,2,pinch_precision,True,0.05173,0.1025,0.25001,0.15344,0.10267
trial_000365,SUBJ_019,6,150,200,0.995,2,pinch_precision,0.9985,2,pinch_precision,True,0.06477,0.12794,0.31318,0.19297,0.12879
trial_000365,SUBJ_019,7,175,225,1.12,2,pinch_precision,0.9985,2,pinch_precision,True,0.0784,0.15433,0.37928,0.2347,0.15622
trial_000365,SUBJ_019,8,200,250,1.245,2,pinch_precision,0.9985,2,pinch_precision,True,0.09236,0.18109,0.44701,0.27791,0.18443
trial_000365,SUBJ_019,9,225,275,1.37,2,pinch_precision,0.9985,2,pinch_precision,True,0.10636,0.20765,0.51506,0.32187,0.2129
trial_000365,SUBJ_019,10,250,300,1.495,2,pinch_precision,0.9984,2,pinch_precision,True,0.12013,0.23342,0.5821,0.36583,0.24112
trial_000365,SUBJ_019,11,275,325,1.62,2,pinch_precision,0.9984,2,pinch_precision,True,0.1334,0.25783,0.64685,0.40907,0.26855
trial_000365,SUBJ_019,12,300,350,1.745,2,pinch_precision,0.9984,2,pinch_precision,True,0.14589,0.28028,0.70797,0.45085,0.29469
trial_000365,SUBJ_019,13,325,375,1.87,2,pinch_precision,0.9985,2,pinch_precision,True,0.15734,0.3002,0.76418,0.49045,0.319
trial_000365,SUBJ_019,14,350,400,1.995,2,pinch_precision,0.9985,2,pinch_precision,True,0.16751,0.31714,0.81438,0.52724,0.34106
trial_000365,SUBJ_019,15,375,425,2.12,2,pinch_precision,0.9986,2,pinch_precision,True,0.17638,0.33108,0.85839,0.56096,0.36076
trial_000365,SUBJ_019,16,400,450,2.245,2,pinch_precision,0.9987,2,pinch_precision,True,0.18395,0.34216,0.89623,0.59145,0.37806
trial_000365,SUBJ_019,17,425,475,2.37,2,pinch_precision,0.9988,2,pinch_precision,True,0.19023,0.35048,0.92793,0.61856,0.39293
trial_000365,SUBJ_019,18,450,500,2.495,2,pinch_precision,0.9989,2,pinch_precision,True,0.19524,0.35615,0.9535,0.64213,0.40534
trial_000365,SUBJ_019,19,475,525,2.62,2,pinch_precision,0.9989,2,pinch_precision,True,0.19899,0.35929,0.97297,0.66201,0.41525
trial_000365,SUBJ_019,20,500,550,2.745,2,pinch_precision,0.9987,2,pinch_precision,True,0.20148,0.36002,0.98636,0.67803,0.42264
trial_000365,SUBJ_019,21,525,575,2.87,2,pinch_precision,0.9983,2,pinch_precision,True,0.20273,0.35844,0.9937,0.69003,0.42747
trial_000365,SUBJ_019,22,550,600,2.995,2,pinch_precision,0.9971,2,pinch_precision,True,0.20274,0.35467,0.995,0.69787,0.4297
trial_000365,SUBJ_019,23,575,625,3.12,2,pinch_precision,0.9943,2,pinch_precision,True,0.20154,0.34883,0.99028,0.70138,0.42932
trial_000365,SUBJ_019,24,600,650,3.245,2,pinch_precision,0.992,2,pinch_precision,True,0.19912,0.34103,0.97958,0.7004,0.42627
trial_000365,SUBJ_019,25,625,675,3.37,2,pinch_precision,0.9961,2,pinch_precision,True,0.19551,0.33137,0.9629,0.69477,0.42054
trial_000365,SUBJ_019,26,650,700,3.495,2,pinch_precision,0.9984,2,pinch_precision,True,0.1907,0.31999,0.94028,0.68434,0.41209
trial_000365,SUBJ_019,27,675,725,3.62,2,pinch_precision,0.9984,2,pinch_precision,True,0.18472,0.30698,0.91173,0.66896,0.40088
trial_000365,SUBJ_019,28,700,750,3.745,2,pinch_precision,0.9982,2,pinch_precision,True,0.17757,0.29247,0.87728,0.64845,0.38689
trial_000365,SUBJ_019,29,725,775,3.87,2,pinch_precision,0.9977,2,pinch_precision,True,0.16929,0.27658,0.83711,0.62283,0.37016
trial_000365,SUBJ_019,30,750,800,3.995,2,pinch_precision,0.9974,2,pinch_precision,True,0.16002,0.25953,0.79189,0.59264,0.351
trial_000365,SUBJ_019,31,775,825,4.12,2,pinch_precision,0.9972,2,pinch_precision,True,0.14992,0.24153,0.74239,0.55852,0.32977
trial_000365,SUBJ_019,32,800,850,4.245,2,pinch_precision,0.9972,2,pinch_precision,True,0.13913,0.22279,0.6894,0.52111,0.30682
trial_000365,SUBJ_019,33,825,875,4.37,2,pinch_precision,0.9972,2,pinch_precision,True,0.12781,0.20353,0.6337,0.48106,0.28253
trial_000365,SUBJ_019,34,850,900,4.495,2,pinch_precision,0.9973,2,pinch_precision,True,0.11613,0.18397,0.57605,0.439,0.25724
trial_000365,SUBJ_019,35,875,925,4.62,2,pinch_precision,0.9974,2,pinch_precision,True,0.10422,0.16433,0.51724,0.39558,0.23132
trial_000365,SUBJ_019,36,900,950,4.745,2,pinch_precision,0.9976,2,pinch_precision,True,0.09225,0.14482,0.45804,0.35145,0.20512
trial_000365,SUBJ_019,37,925,975,4.87,2,pinch_precision,0.9979,2,pinch_precision,True,0.08037,0.12567,0.39923,0.30725,0.179
trial_000365,SUBJ_019,38,950,1000,4.995,2,pinch_precision,0.9981,2,pinch_precision,True,0.06874,0.10707,0.34158,0.26362,0.15333
trial_000365,SUBJ_019,39,975,1025,5.12,2,pinch_precision,0.9984,2,pinch_precision,True,0.05751,0.08927,0.28588,0.2212,0.12847
trial_000365,SUBJ_019,40,1000,1050,5.245,2,pinch_precision,0.9986,2,pinch_precision,True,0.04684,0.07246,0.23289,0.18063,0.10476
trial_000365,SUBJ_019,41,1025,1075,5.37,2,pinch_precision,0.9988,2,pinch_precision,True,0.03687,0.05687,0.18341,0.14257,0.08258
trial_000365,SUBJ_019,42,1050,1100,5.495,2,pinch_precision,0.9987,2,pinch_precision,True,0.02777,0.04271,0.13819,0.10764,0.06227
trial_000365,SUBJ_019,43,1075,1125,5.62,2,pinch_precision,0.9978,2,pinch_precision,True,0.0197,0.03021,0.09802,0.0765,0.04421
trial_000365,SUBJ_019,44,1100,1150,5.745,2,pinch_precision,0.9931,2,pinch_precision,True,0.01279,0.01957,0.06368,0.04979,0.02874
trial_000365,SUBJ_019,45,1125,1175,5.87,2,pinch_precision,0.9855,2,pinch_precision,True,0.00722,0.01102,0.03594,0.02815,0.01623
trial_000365,SUBJ_019,46,1150,1200,5.995,2,pinch_precision,0.9715,2,pinch_precision,True,0.00313,0.00476,0.01558,0.01223,0.00704
trial_000365,SUBJ_019,47,1175,1225,6.12,2,pinch_precision,0.9762,2,pinch_precision,True,0.00068,0.00103,0.00338,0.00266,0.00153
trial_000366,SUBJ_019,0,0,50,0.245,2,pinch_precision,0.9977,2,pinch_precision,True,0.00762,0.00888,0.02586,0.01776,0.00958
trial_000366,SUBJ_019,1,25,75,0.37,2,pinch_precision,0.9984,2,pinch_precision,True,0.01671,0.01951,0.05688,0.03911,0.02109
trial_000366,SUBJ_019,2,50,100,0.495,2,pinch_precision,0.9986,2,pinch_precision,True,0.02869,0.0336,0.09805,0.06753,0.0364
trial_000366,SUBJ_019,3,75,125,0.62,2,pinch_precision,0.9985,2,pinch_precision,True,0.0431,0.05064,0.14792,0.10205,0.055
trial_000366,SUBJ_019,4,100,150,0.745,2,pinch_precision,0.9985,2,pinch_precision,True,0.05947,0.07013,0.20506,0.14174,0.07637
trial_000366,SUBJ_019,5,125,175,0.87,2,pinch_precision,0.9985,2,pinch_precision,True,0.07735,0.09156,0.26803,0.18565,0.1
trial_000366,SUBJ_019,6,150,200,0.995,2,pinch_precision,0.9984,2,pinch_precision,True,0.09627,0.11444,0.33539,0.23282,0.12536
trial_000366,SUBJ_019,7,175,225,1.12,2,pinch_precision,0.9984,2,pinch_precision,True,0.11575,0.13824,0.40569,0.28231,0.15196
trial_000366,SUBJ_019,8,200,250,1.245,2,pinch_precision,0.9984,2,pinch_precision,True,0.13535,0.16248,0.47751,0.33318,0.17927
trial_000366,SUBJ_019,9,225,275,1.37,2,pinch_precision,0.9983,2,pinch_precision,True,0.15458,0.18664,0.5494,0.38447,0.20678
trial_000366,SUBJ_019,10,250,300,1.495,2,pinch_precision,0.9983,2,pinch_precision,True,0.173,0.21022,0.61992,0.43524,0.23398
trial_000366,SUBJ_019,11,275,325,1.62,2,pinch_precision,0.9982,2,pinch_precision,True,0.19012,0.23271,0.68764,0.48454,0.26035
trial_000366,SUBJ_019,12,300,350,1.745,2,pinch_precision,0.9982,2,pinch_precision,True,0.20549,0.25362,0.75111,0.53142,0.28537
trial_000366,SUBJ_019,13,325,375,1.87,2,pinch_precision,0.9982,2,pinch_precision,True,0.21865,0.27243,0.8089,0.57494,0.30854
trial_000366,SUBJ_019,14,350,400,1.995,2,pinch_precision,0.9983,2,pinch_precision,True,0.22922,0.28874,0.85984,0.6143,0.32942
trial_000366,SUBJ_019,15,375,425,2.12,2,pinch_precision,0.9984,2,pinch_precision,True,0.23728,0.30253,0.90378,0.64932,0.34793
trial_000366,SUBJ_019,16,400,450,2.245,2,pinch_precision,0.9986,2,pinch_precision,True,0.24296,0.31387,0.94085,0.67996,0.36404
trial_000366,SUBJ_019,17,425,475,2.37,2,pinch_precision,0.9988,2,pinch_precision,True,0.24642,0.32282,0.97113,0.70617,0.37775
trial_000366,SUBJ_019,18,450,500,2.495,2,pinch_precision,0.9989,2,pinch_precision,True,0.2478,0.32945,0.99475,0.72791,0.38904
trial_000366,SUBJ_019,19,475,525,2.62,2,pinch_precision,0.9988,2,pinch_precision,True,0.24725,0.33383,1.0118,0.74514,0.3979
trial_000366,SUBJ_019,20,500,550,2.745,2,pinch_precision,0.9986,2,pinch_precision,True,0.24493,0.33603,1.02239,0.75781,0.4043
trial_000366,SUBJ_019,21,525,575,2.87,2,pinch_precision,0.9978,2,pinch_precision,True,0.24097,0.33611,1.02663,0.76588,0.40825
trial_000366,SUBJ_019,22,550,600,2.995,2,pinch_precision,0.9944,2,pinch_precision,True,0.23554,0.33414,1.02463,0.7693,0.40972
trial_000366,SUBJ_019,23,575,625,3.12,2,pinch_precision,0.9888,2,pinch_precision,True,0.22877,0.3302,1.01648,0.76803,0.40869
trial_000366,SUBJ_019,24,600,650,3.245,2,pinch_precision,0.9927,2,pinch_precision,True,0.22083,0.32434,1.00231,0.76203,0.40516
trial_000366,SUBJ_019,25,625,675,3.37,2,pinch_precision,0.9982,2,pinch_precision,True,0.21184,0.31663,0.98221,0.75126,0.39912
trial_000366,SUBJ_019,26,650,700,3.495,2,pinch_precision,0.9986,2,pinch_precision,True,0.20198,0.30715,0.95629,0.73567,0.39053
trial_000366,SUBJ_019,27,675,725,3.62,2,pinch_precision,0.9984,2,pinch_precision,True,0.19138,0.29595,0.92465,0.71522,0.3794
trial_000366,SUBJ_019,28,700,750,3.745,2,pinch_precision,0.9979,2,pinch_precision,True,0.18019,0.28311,0.88741,0.68986,0.36571
trial_000366,SUBJ_019,29,725,775,3.87,2,pinch_precision,0.9974,2,pinch_precision,True,0.16856,0.26873,0.84481,0.65969,0.34951
trial_000366,SUBJ_019,30,750,800,3.995,2,pinch_precision,0.9972,2,pinch_precision,True,0.15659,0.25302,0.7975,0.62526,0.3311
trial_000366,SUBJ_019,31,775,825,4.12,2,pinch_precision,0.997,2,pinch_precision,True,0.14438,0.23619,0.74625,0.5872,0.3108
trial_000366,SUBJ_019,32,800,850,4.245,2,pinch_precision,0.9971,2,pinch_precision,True,0.13204,0.21848,0.6918,0.54614,0.28894
trial_000366,SUBJ_019,33,825,875,4.37,2,pinch_precision,0.9972,2,pinch_precision,True,0.11967,0.20011,0.63491,0.50273,0.26587
trial_000366,SUBJ_019,34,850,900,4.495,2,pinch_precision,0.9973,2,pinch_precision,True,0.10737,0.18132,0.57633,0.45759,0.24192
trial_000366,SUBJ_019,35,875,925,4.62,2,pinch_precision,0.9975,2,pinch_precision,True,0.09524,0.16232,0.51681,0.41137,0.21741
trial_000366,SUBJ_019,36,900,950,4.745,2,pinch_precision,0.9978,2,pinch_precision,True,0.08339,0.14334,0.4571,0.36468,0.19268
trial_000366,SUBJ_019,37,925,975,4.87,2,pinch_precision,0.998,2,pinch_precision,True,0.07192,0.12462,0.39797,0.31818,0.16806
trial_000366,SUBJ_019,38,950,1000,4.995,2,pinch_precision,0.9983,2,pinch_precision,True,0.06093,0.10637,0.34015,0.27249,0.14389
trial_000366,SUBJ_019,39,975,1025,5.12,2,pinch_precision,0.9985,2,pinch_precision,True,0.05052,0.08883,0.28441,0.22825,0.1205
trial_000366,SUBJ_019,40,1000,1050,5.245,2,pinch_precision,0.9987,2,pinch_precision,True,0.0408,0.07221,0.23149,0.1861,0.09823
trial_000366,SUBJ_019,41,1025,1075,5.37,2,pinch_precision,0.9988,2,pinch_precision,True,0.03187,0.05676,0.18214,0.14667,0.0774
trial_000366,SUBJ_019,42,1050,1100,5.495,2,pinch_precision,0.9985,2,pinch_precision,True,0.02383,0.04269,0.13713,0.11059,0.05835
trial_000366,SUBJ_019,43,1075,1125,5.62,2,pinch_precision,0.9974,2,pinch_precision,True,0.01678,0.03023,0.0972,0.07849,0.04141
trial_000366,SUBJ_019,44,1100,1150,5.745,2,pinch_precision,0.9926,2,pinch_precision,True,0.01082,0.01961,0.0631,0.05103,0.02691
trial_000366,SUBJ_019,45,1125,1175,5.87,2,pinch_precision,0.9734,2,pinch_precision,True,0.00607,0.01105,0.03559,0.02882,0.0152
trial_000366,SUBJ_019,46,1150,1200,5.995,2,pinch_precision,0.962,2,pinch_precision,True,0.00261,0.00478,0.01542,0.0125,0.00659
trial_000366,SUBJ_019,47,1175,1225,6.12,2,pinch_precision,0.9761,2,pinch_precision,True,0.00056,0.00104,0.00334,0.00271,0.00143
trial_000367,SUBJ_019,0,0,50,0.245,2,pinch_precision,0.998,2,pinch_precision,True,0.00702,0.01058,0.02412,0.01685,0.00826
trial_000367,SUBJ_019,1,25,75,0.37,2,pinch_precision,0.9985,2,pinch_precision,True,0.01538,0.02321,0.05309,0.03713,0.01823
trial_000367,SUBJ_019,2,50,100,0.495,2,pinch_precision,0.9986,2,pinch_precision,True,0.02642,0.0399,0.09158,0.06413,0.03154
trial_000367,SUBJ_019,3,75,125,0.62,2,pinch_precision,0.9985,2,pinch_precision,True,0.0397,0.06002,0.13828,0.09694,0.04778
trial_000367,SUBJ_019,4,100,150,0.745,2,pinch_precision,0.9985,2,pinch_precision,True,0.05479,0.08294,0.19187,0.13468,0.06654
trial_000367,SUBJ_019,5,125,175,0.87,2,pinch_precision,0.9984,2,pinch_precision,True,0.07128,0.10803,0.25104,0.17645,0.08739
trial_000367,SUBJ_019,6,150,200,0.995,2,pinch_precision,0.9984,2,pinch_precision,True,0.08873,0.13465,0.31447,0.22136,0.10993
trial_000367,SUBJ_019,7,175,225,1.12,2,pinch_precision,0.9983,2,pinch_precision,True,0.10672,0.16219,0.38084,0.26852,0.13374
trial_000367,SUBJ_019,8,200,250,1.245,2,pinch_precision,0.9983,2,pinch_precision,True,0.12482,0.19001,0.44884,0.31703,0.15841
trial_000367,SUBJ_019,9,225,275,1.37,2,pinch_precision,0.9983,2,pinch_precision,True,0.14261,0.21749,0.51715,0.366,0.18352
trial_000367,SUBJ_019,10,250,300,1.495,2,pinch_precision,0.9983,2,pinch_precision,True,0.15966,0.24398,0.58446,0.41453,0.20866
trial_000367,SUBJ_019,11,275,325,1.62,2,pinch_precision,0.9982,2,pinch_precision,True,0.17554,0.26887,0.64944,0.46174,0.23341
trial_000367,SUBJ_019,12,300,350,1.745,2,pinch_precision,0.9982,2,pinch_precision,True,0.18983,0.29153,0.7108,0.50673,0.25736
trial_000367,SUBJ_019,13,325,375,1.87,2,pinch_precision,0.9982,2,pinch_precision,True,0.2021,0.31132,0.76721,0.5486,0.2801
trial_000367,SUBJ_019,14,350,400,1.995,2,pinch_precision,0.9982,2,pinch_precision,True,0.21202,0.32776,0.81758,0.58661,0.30126
trial_000367,SUBJ_019,15,375,425,2.12,2,pinch_precision,0.9984,2,pinch_precision,True,0.21963,0.34088,0.86173,0.62057,0.3207
trial_000367,SUBJ_019,16,400,450,2.245,2,pinch_precision,0.9985,2,pinch_precision,True,0.22508,0.35084,0.89969,0.65041,0.33832
trial_000367,SUBJ_019,17,425,475,2.37,2,pinch_precision,0.9987,2,pinch_precision,True,0.22849,0.3578,0.93148,0.67609,0.35403
trial_000367,SUBJ_019,18,450,500,2.495,2,pinch_precision,0.9988,2,pinch_precision,True,0.22998,0.36192,0.95711,0.69754,0.36774
trial_000367,SUBJ_019,19,475,525,2.62,2,pinch_precision,0.9989,2,pinch_precision,True,0.22971,0.36337,0.97662,0.71471,0.37934
trial_000367,SUBJ_019,20,500,550,2.745,2,pinch_precision,0.9986,2,pinch_precision,True,0.22779,0.3623,0.99002,0.72753,0.38874
trial_000367,SUBJ_019,21,525,575,2.87,2,pinch_precision,0.9972,2,pinch_precision,True,0.22436,0.35886,0.99735,0.73595,0.39584
trial_000367,SUBJ_019,22,550,600,2.995,2,pinch_precision,0.9899,2,pinch_precision,True,0.21956,0.35324,0.99861,0.7399,0.40055
trial_000367,SUBJ_019,23,575,625,3.12,2,pinch_precision,0.9203,2,pinch_precision,True,0.21351,0.34557,0.99384,0.73934,0.40278
trial_000367,SUBJ_019,24,600,650,3.245,2,pinch_precision,0.9521,2,pinch_precision,True,0.20635,0.33603,0.98306,0.7342,0.40242
trial_000367,SUBJ_019,25,625,675,3.37,2,pinch_precision,0.9956,2,pinch_precision,True,0.1982,0.32477,0.96629,0.72442,0.39938
trial_000367,SUBJ_019,26,650,700,3.495,2,pinch_precision,0.9986,2,pinch_precision,True,0.18921,0.31196,0.94356,0.70995,0.39356
trial_000367,SUBJ_019,27,675,725,3.62,2,pinch_precision,0.9985,2,pinch_precision,True,0.17951,0.29775,0.91488,0.69072,0.38487
trial_000367,SUBJ_019,28,700,750,3.745,2,pinch_precision,0.9982,2,pinch_precision,True,0.16922,0.2823,0.88029,0.66668,0.37321
trial_000367,SUBJ_019,29,725,775,3.87,2,pinch_precision,0.9977,2,pinch_precision,True,0.15847,0.26579,0.83995,0.63791,0.35859
trial_000367,SUBJ_019,30,750,800,3.995,2,pinch_precision,0.9974,2,pinch_precision,True,0.14737,0.24839,0.79456,0.60494,0.34131
trial_000367,SUBJ_019,31,775,825,4.12,2,pinch_precision,0.9972,2,pinch_precision,True,0.13601,0.2303,0.74488,0.56839,0.32174
trial_000367,SUBJ_019,32,800,850,4.245,2,pinch_precision,0.9972,2,pinch_precision,True,0.1245,0.2117,0.6917,0.52889,0.30026
trial_000367,SUBJ_019,33,825,875,4.37,2,pinch_precision,0.9974,2,pinch_precision,True,0.11293,0.19279,0.6358,0.48704,0.27724
trial_000367,SUBJ_019,34,850,900,4.495,2,pinch_precision,0.9976,2,pinch_precision,True,0.1014,0.17375,0.57795,0.44347,0.25305
trial_000367,SUBJ_019,35,875,925,4.62,2,pinch_precision,0.9977,2,pinch_precision,True,0.09002,0.15478,0.51893,0.3988,0.22807
trial_000367,SUBJ_019,36,900,950,4.745,2,pinch_precision,0.9979,2,pinch_precision,True,0.07887,0.13606,0.45953,0.35365,0.20266
trial_000367,SUBJ_019,37,925,975,4.87,2,pinch_precision,0.9982,2,pinch_precision,True,0.06807,0.11778,0.40053,0.30864,0.17719
trial_000367,SUBJ_019,38,950,1000,4.995,2,pinch_precision,0.9984,2,pinch_precision,True,0.0577,0.10013,0.34269,0.26439,0.15205
trial_000367,SUBJ_019,39,975,1025,5.12,2,pinch_precision,0.9987,2,pinch_precision,True,0.04787,0.0833,0.2868,0.22152,0.1276
trial_000367,SUBJ_019,40,1000,1050,5.245,2,pinch_precision,0.9988,2,pinch_precision,True,0.03868,0.06748,0.23364,0.18065,0.10421
trial_000367,SUBJ_019,41,1025,1075,5.37,2,pinch_precision,0.9988,2,pinch_precision,True,0.03023,0.05286,0.18399,0.1424,0.08226
trial_000367,SUBJ_019,42,1050,1100,5.495,2,pinch_precision,0.9984,2,pinch_precision,True,0.02261,0.03963,0.13863,0.10739,0.06211
trial_000367,SUBJ_019,43,1075,1125,5.62,2,pinch_precision,0.996,2,pinch_precision,True,0.01593,0.02798,0.09834,0.07624,0.04415
trial_000367,SUBJ_019,44,1100,1150,5.745,2,pinch_precision,0.9861,2,pinch_precision,True,0.01028,0.0181,0.06388,0.04957,0.02874
trial_000367,SUBJ_019,45,1125,1175,5.87,2,pinch_precision,0.9677,2,pinch_precision,True,0.00577,0.01017,0.03606,0.028,0.01625
trial_000367,SUBJ_019,46,1150,1200,5.995,2,pinch_precision,0.9583,2,pinch_precision,True,0.00249,0.00439,0.01563,0.01215,0.00706
trial_000367,SUBJ_019,47,1175,1225,6.12,2,pinch_precision,0.9766,2,pinch_precision,True,0.00054,0.00095,0.00339,0.00264,0.00153
trial_000368,SUBJ_019,0,0,50,0.245,2,pinch_precision,0.9979,2,pinch_precision,True,0.00698,0.0104,0.02405,0.01903,0.00621
trial_000368,SUBJ_019,1,25,75,0.37,2,pinch_precision,0.9985,2,pinch_precision,True,0.01529,0.02283,0.05296,0.04186,0.01378
trial_000368,SUBJ_019,2,50,100,0.495,2,pinch_precision,0.9985,2,pinch_precision,True,0.02625,0.03925,0.0914,0.07219,0.02396
trial_000368,SUBJ_019,3,75,125,0.62,2,pinch_precision,0.9985,2,pinch_precision,True,0.03942,0.05905,0.13808,0.10895,0.0365
trial_000368,SUBJ_019,4,100,150,0.745,2,pinch_precision,0.9985,2,pinch_precision,True,0.05439,0.08161,0.1917,0.15111,0.05113
trial_000368,SUBJ_019,5,125,175,0.87,2,pinch_precision,0.9985,2,pinch_precision,True,0.07072,0.10633,0.25097,0.19761,0.06758
trial_000368,SUBJ_019,6,150,200,0.995,2,pinch_precision,0.9984,2,pinch_precision,True,0.08799,0.13258,0.31458,0.2474,0.08558
trial_000368,SUBJ_019,7,175,225,1.12,2,pinch_precision,0.9984,2,pinch_precision,True,0.10576,0.15976,0.38125,0.29943,0.10487
trial_000368,SUBJ_019,8,200,250,1.245,2,pinch_precision,0.9983,2,pinch_precision,True,0.12362,0.18724,0.44967,0.35267,0.12519
trial_000368,SUBJ_019,9,225,275,1.37,2,pinch_precision,0.9983,2,pinch_precision,True,0.14113,0.21441,0.51856,0.40605,0.14626
trial_000368,SUBJ_019,10,250,300,1.495,2,pinch_precision,0.9983,2,pinch_precision,True,0.15786,0.24065,0.58661,0.45853,0.16782
trial_000368,SUBJ_019,11,275,325,1.62,2,pinch_precision,0.9982,2,pinch_precision,True,0.17339,0.26535,0.65253,0.50907,0.1896
trial_000368,SUBJ_019,12,300,350,1.745,2,pinch_precision,0.9981,2,pinch_precision,True,0.18729,0.2879,0.71503,0.55661,0.21134
trial_000368,SUBJ_019,13,325,375,1.87,2,pinch_precision,0.9981,2,pinch_precision,True,0.19914,0.30768,0.7728,0.6001,0.23278
trial_000368,SUBJ_019,14,350,400,1.995,2,pinch_precision,0.9982,2,pinch_precision,True,0.2086,0.3242,0.82478,0.63869,0.25365
trial_000368,SUBJ_019,15,375,425,2.12,2,pinch_precision,0.9983,2,pinch_precision,True,0.21572,0.33751,0.87074,0.67226,0.27374
trial_000368,SUBJ_019,16,400,450,2.245,2,pinch_precision,0.9985,2,pinch_precision,True,0.22066,0.34773,0.91066,0.70085,0.29285
trial_000368,SUBJ_019,17,425,475,2.37,2,pinch_precision,0.9987,2,pinch_precision,True,0.22354,0.35502,0.94452,0.72451,0.31078
trial_000368,SUBJ_019,18,450,500,2.495,2,pinch_precision,0.9988,2,pinch_precision,True,0.22452,0.35954,0.97228,0.74329,0.32732
trial_000368,SUBJ_019,19,475,525,2.62,2,pinch_precision,0.9989,2,pinch_precision,True,0.22374,0.36142,0.99394,0.75724,0.34227
trial_000368,SUBJ_019,20,500,550,2.745,2,pinch_precision,0.9987,2,pinch_precision,True,0.22134,0.36081,1.00945,0.76641,0.35543
trial_000368,SUBJ_019,21,525,575,2.87,2,pinch_precision,0.9975,2,pinch_precision,True,0.21745,0.35787,1.01881,0.77084,0.36658
trial_000368,SUBJ_019,22,550,600,2.995,2,pinch_precision,0.9898,2,pinch_precision,True,0.21223,0.35274,1.02199,0.77059,0.37554
trial_000368,SUBJ_019,23,575,625,3.12,2,pinch_precision,0.9225,2,pinch_precision,True,0.20582,0.34556,1.01895,0.7657,0.38208
trial_000368,SUBJ_019,24,600,650,3.245,2,pinch_precision,0.9198,2,pinch_precision,True,0.19835,0.33649,1.00969,0.75622,0.38602
trial_000368,SUBJ_019,25,625,675,3.37,2,pinch_precision,0.9925,2,pinch_precision,True,0.18998,0.32568,0.99418,0.7422,0.38715
trial_000368,SUBJ_019,26,650,700,3.495,2,pinch_precision,0.9982,2,pinch_precision,True,0.18083,0.31326,0.97239,0.7237,0.38526
trial_000368,SUBJ_019,27,675,725,3.62,2,pinch_precision,0.9985,2,pinch_precision,True,0.17106,0.2994,0.9443,0.70075,0.38015
trial_000368,SUBJ_019,28,700,750,3.745,2,pinch_precision,0.9982,2,pinch_precision,True,0.16081,0.28423,0.90989,0.6734,0.37161
trial_000368,SUBJ_019,29,725,775,3.87,2,pinch_precision,0.9978,2,pinch_precision,True,0.15021,0.26792,0.86931,0.64182,0.35958
trial_000368,SUBJ_019,30,750,800,3.995,2,pinch_precision,0.9975,2,pinch_precision,True,0.13935,0.25066,0.82326,0.60652,0.34438
trial_000368,SUBJ_019,31,775,825,4.12,2,pinch_precision,0.9973,2,pinch_precision,True,0.12833,0.23263,0.77258,0.56808,0.32642
trial_000368,SUBJ_019,32,800,850,4.245,2,pinch_precision,0.9973,2,pinch_precision,True,0.11722,0.21405,0.71809,0.52709,0.30613
trial_000368,SUBJ_019,33,825,875,4.37,2,pinch_precision,0.9973,2,pinch_precision,True,0.10612,0.19509,0.66062,0.48412,0.2839
trial_000368,SUBJ_019,34,850,900,4.495,2,pinch_precision,0.9975,2,pinch_precision,True,0.09511,0.17597,0.60097,0.43977,0.26016
trial_000368,SUBJ_019,35,875,925,4.62,2,pinch_precision,0.9977,2,pinch_precision,True,0.08428,0.15687,0.53999,0.39462,0.23531
trial_000368,SUBJ_019,36,900,950,4.745,2,pinch_precision,0.9981,2,pinch_precision,True,0.07373,0.13799,0.47849,0.34925,0.20978
trial_000368,SUBJ_019,37,925,975,4.87,2,pinch_precision,0.9983,2,pinch_precision,True,0.06353,0.11953,0.4173,0.30424,0.18397
trial_000368,SUBJ_019,38,950,1000,4.995,2,pinch_precision,0.9985,2,pinch_precision,True,0.05378,0.10168,0.35724,0.26017,0.1583
trial_000368,SUBJ_019,39,975,1025,5.12,2,pinch_precision,0.9987,2,pinch_precision,True,0.04455,0.08464,0.29913,0.21764,0.13318
trial_000368,SUBJ_019,40,1000,1050,5.245,2,pinch_precision,0.9989,2,pinch_precision,True,0.03595,0.0686,0.24381,0.17723,0.10903
trial_000368,SUBJ_019,41,1025,1075,5.37,2,pinch_precision,0.9987,2,pinch_precision,True,0.02806,0.05377,0.19208,0.13951,0.08625
trial_000368,SUBJ_019,42,1050,1100,5.495,2,pinch_precision,0.9981,2,pinch_precision,True,0.02097,0.04033,0.14479,0.10507,0.06526
trial_000368,SUBJ_019,43,1075,1125,5.62,2,pinch_precision,0.9947,2,pinch_precision,True,0.01475,0.02849,0.10274,0.07451,0.04647
trial_000368,SUBJ_019,44,1100,1150,5.745,2,pinch_precision,0.9806,2,pinch_precision,True,0.00951,0.01843,0.06677,0.04839,0.0303
trial_000368,SUBJ_019,45,1125,1175,5.87,2,pinch_precision,0.9591,2,pinch_precision,True,0.00533,0.01037,0.0377,0.0273,0.01716
trial_000368,SUBJ_019,46,1150,1200,5.995,2,pinch_precision,0.9548,2,pinch_precision,True,0.0023,0.00448,0.01635,0.01183,0.00746
trial_000368,SUBJ_019,47,1175,1225,6.12,2,pinch_precision,0.9751,2,pinch_precision,True,0.00049,0.00097,0.00355,0.00257,0.00162
trial_000369,SUBJ_019,0,0,50,0.245,2,pinch_precision,0.9975,2,pinch_precision,True,0.00582,0.00964,0.02567,0.0179,0.00919
trial_000369,SUBJ_019,1,25,75,0.37,2,pinch_precision,0.9984,2,pinch_precision,True,0.0128,0.02115,0.05643,0.03939,0.02024
trial_000369,SUBJ_019,2,50,100,0.495,2,pinch_precision,0.9985,2,pinch_precision,True,0.02207,0.03636,0.0972,0.06795,0.03496
trial_000369,SUBJ_019,3,75,125,0.62,2,pinch_precision,0.9986,2,pinch_precision,True,0.03331,0.0547,0.14653,0.1026,0.05286
trial_000369,SUBJ_019,4,100,150,0.745,2,pinch_precision,0.9986,2,pinch_precision,True,0.04619,0.07561,0.20297,0.14235,0.07345
trial_000369,SUBJ_019,5,125,175,0.87,2,pinch_precision,0.9985,2,pinch_precision,True,0.0604,0.0985,0.26508,0.18624,0.09625
trial_000369,SUBJ_019,6,150,200,0.995,2,pinch_precision,0.9985,2,pinch_precision,True,0.07561,0.1228,0.33138,0.23329,0.12078
trial_000369,SUBJ_019,7,175,225,1.12,2,pinch_precision,0.9984,2,pinch_precision,True,0.0915,0.14796,0.40044,0.28252,0.14654
trial_000369,SUBJ_019,8,200,250,1.245,2,pinch_precision,0.9984,2,pinch_precision,True,0.10775,0.17339,0.4708,0.33295,0.17307
trial_000369,SUBJ_019,9,225,275,1.37,2,pinch_precision,0.9984,2,pinch_precision,True,0.12404,0.19852,0.54101,0.3836,0.19986
trial_000369,SUBJ_019,10,250,300,1.495,2,pinch_precision,0.9984,2,pinch_precision,True,0.14004,0.22279,0.60962,0.43351,0.22644
trial_000369,SUBJ_019,11,275,325,1.62,2,pinch_precision,0.9984,2,pinch_precision,True,0.15544,0.24562,0.67517,0.48169,0.25231
trial_000369,SUBJ_019,12,300,350,1.745,2,pinch_precision,0.9983,2,pinch_precision,True,0.16992,0.26644,0.73621,0.52716,0.27701
trial_000369,SUBJ_019,13,325,375,1.87,2,pinch_precision,0.9984,2,pinch_precision,True,0.18315,0.28469,0.79129,0.56895,0.30003
trial_000369,SUBJ_019,14,350,400,1.995,2,pinch_precision,0.9985,2,pinch_precision,True,0.19487,0.2999,0.83924,0.60626,0.32098
trial_000369,SUBJ_019,15,375,425,2.12,2,pinch_precision,0.9986,2,pinch_precision,True,0.20504,0.31212,0.87998,0.63895,0.33975
trial_000369,SUBJ_019,16,400,450,2.245,2,pinch_precision,0.9987,2,pinch_precision,True,0.21369,0.32148,0.91369,0.66703,0.3563
trial_000369,SUBJ_019,17,425,475,2.37,2,pinch_precision,0.9989,2,pinch_precision,True,0.22082,0.32812,0.94054,0.69053,0.37058
trial_000369,SUBJ_019,18,450,500,2.495,2,pinch_precision,0.9989,2,pinch_precision,True,0.22646,0.33219,0.9607,0.70946,0.38257
trial_000369,SUBJ_019,19,475,525,2.62,2,pinch_precision,0.9987,2,pinch_precision,True,0.23062,0.33381,0.97435,0.72385,0.39222
trial_000369,SUBJ_019,20,500,550,2.745,2,pinch_precision,0.9984,2,pinch_precision,True,0.23333,0.33313,0.98166,0.73371,0.39949
trial_000369,SUBJ_019,21,525,575,2.87,2,pinch_precision,0.9976,2,pinch_precision,True,0.23459,0.33029,0.98281,0.73907,0.40436
trial_000369,SUBJ_019,22,550,600,2.995,2,pinch_precision,0.9961,2,pinch_precision,True,0.23442,0.32543,0.97798,0.73993,0.40677
trial_000369,SUBJ_019,23,575,625,3.12,2,pinch_precision,0.9942,2,pinch_precision,True,0.23284,0.31869,0.96733,0.73632,0.4067
trial_000369,SUBJ_019,24,600,650,3.245,2,pinch_precision,0.997,2,pinch_precision,True,0.22987,0.3102,0.95104,0.72827,0.40409
trial_000369,SUBJ_019,25,625,675,3.37,2,pinch_precision,0.9983,2,pinch_precision,True,0.22553,0.30011,0.92929,0.71578,0.39893
trial_000369,SUBJ_019,26,650,700,3.495,2,pinch_precision,0.9985,2,pinch_precision,True,0.21983,0.28856,0.90226,0.69887,0.39116
trial_000369,SUBJ_019,27,675,725,3.62,2,pinch_precision,0.9981,2,pinch_precision,True,0.21279,0.27569,0.87011,0.67757,0.38075
trial_000369,SUBJ_019,28,700,750,3.745,2,pinch_precision,0.9979,2,pinch_precision,True,0.20442,0.26163,0.83302,0.6519,0.36766
trial_000369,SUBJ_019,29,725,775,3.87,2,pinch_precision,0.9976,2,pinch_precision,True,0.19478,0.24654,0.79127,0.62199,0.35193
trial_000369,SUBJ_019,30,750,800,3.995,2,pinch_precision,0.9974,2,pinch_precision,True,0.18402,0.23058,0.74548,0.58834,0.33385
trial_000369,SUBJ_019,31,775,825,4.12,2,pinch_precision,0.9972,2,pinch_precision,True,0.17232,0.21394,0.69631,0.55152,0.31378
trial_000369,SUBJ_019,32,800,850,4.245,2,pinch_precision,0.9972,2,pinch_precision,True,0.15985,0.1968,0.64444,0.51212,0.29205
trial_000369,SUBJ_019,33,825,875,4.37,2,pinch_precision,0.9972,2,pinch_precision,True,0.1468,0.17933,0.59055,0.47071,0.26901
trial_000369,SUBJ_019,34,850,900,4.495,2,pinch_precision,0.9973,2,pinch_precision,True,0.13333,0.16171,0.53533,0.42786,0.245
trial_000369,SUBJ_019,35,875,925,4.62,2,pinch_precision,0.9975,2,pinch_precision,True,0.11962,0.14413,0.47943,0.38416,0.22037
trial_000369,SUBJ_019,36,900,950,4.745,2,pinch_precision,0.9977,2,pinch_precision,True,0.10585,0.12676,0.42355,0.34017,0.19546
trial_000369,SUBJ_019,37,925,975,4.87,2,pinch_precision,0.998,2,pinch_precision,True,0.0922,0.10978,0.36835,0.29648,0.17061
trial_000369,SUBJ_019,38,950,1000,4.995,2,pinch_precision,0.9982,2,pinch_precision,True,0.07883,0.09337,0.31452,0.25366,0.14618
trial_000369,SUBJ_019,39,975,1025,5.12,2,pinch_precision,0.9985,2,pinch_precision,True,0.06594,0.07771,0.26273,0.21229,0.12249
trial_000369,SUBJ_019,40,1000,1050,5.245,2,pinch_precision,0.9986,2,pinch_precision,True,0.05369,0.06298,0.21365,0.17294,0.09991
trial_000369,SUBJ_019,41,1025,1075,5.37,2,pinch_precision,0.9988,2,pinch_precision,True,0.04226,0.04935,0.16797,0.13618,0.07876
trial_000369,SUBJ_019,42,1050,1100,5.495,2,pinch_precision,0.9985,2,pinch_precision,True,0.03182,0.03702,0.12636,0.10261,0.05941
trial_000369,SUBJ_019,43,1075,1125,5.62,2,pinch_precision,0.9972,2,pinch_precision,True,0.02256,0.02614,0.0895,0.07278,0.04218
trial_000369,SUBJ_019,44,1100,1150,5.745,2,pinch_precision,0.992,2,pinch_precision,True,0.01465,0.01691,0.05807,0.04728,0.02743
trial_000369,SUBJ_019,45,1125,1175,5.87,2,pinch_precision,0.9774,2,pinch_precision,True,0.00827,0.00951,0.03273,0.02669,0.01549
trial_000369,SUBJ_019,46,1150,1200,5.995,2,pinch_precision,0.9663,2,pinch_precision,True,0.00358,0.00411,0.01417,0.01157,0.00672
trial_000369,SUBJ_019,47,1175,1225,6.12,2,pinch_precision,0.9769,2,pinch_precision,True,0.00078,0.00089,0.00307,0.00251,0.00146
trial_000370,SUBJ_019,0,0,50,0.245,3,wrist_rotation_wave,0.9937,3,wrist_rotation_wave,True,0.11145,0.01935,0.01624,0.02677,0.00835
trial_000370,SUBJ_019,1,25,75,0.37,3,wrist_rotation_wave,0.9976,3,wrist_rotation_wave,True,0.23263,0.04055,0.03709,0.05974,0.0197
trial_000370,SUBJ_019,2,50,100,0.495,3,wrist_rotation_wave,0.9983,3,wrist_rotation_wave,True,0.37778,0.06617,0.06646,0.10455,0.03646
trial_000370,SUBJ_019,3,75,125,0.62,3,wrist_rotation_wave,0.9984,3,wrist_rotation_wave,True,0.53214,0.09377,0.10439,0.16031,0.05906
trial_000370,SUBJ_019,4,100,150,0.745,3,wrist_rotation_wave,0.9984,3,wrist_rotation_wave,True,0.68094,0.1209,0.1509,0.22611,0.08797
trial_000370,SUBJ_019,5,125,175,0.87,3,wrist_rotation_wave,0.9982,3,wrist_rotation_wave,True,0.80943,0.14511,0.20602,0.30103,0.12364
trial_000370,SUBJ_019,6,150,200,0.995,3,wrist_rotation_wave,0.9979,3,wrist_rotation_wave,True,0.90282,0.16394,0.26979,0.38418,0.16652
trial_000370,SUBJ_019,7,175,225,1.12,3,wrist_rotation_wave,0.997,3,wrist_rotation_wave,True,0.94638,0.17496,0.34224,0.47465,0.21708
trial_000370,SUBJ_019,8,200,250,1.245,3,wrist_rotation_wave,0.9955,3,wrist_rotation_wave,True,0.92532,0.17571,0.42338,0.57153,0.27576
trial_000370,SUBJ_019,9,225,275,1.37,3,wrist_rotation_wave,0.9958,3,wrist_rotation_wave,True,0.83008,0.16459,0.51252,0.6734,0.34237
trial_000370,SUBJ_019,10,250,300,1.495,3,wrist_rotation_wave,0.998,3,wrist_rotation_wave,True,0.67192,0.1434,0.60596,0.77675,0.41406
trial_000370,SUBJ_019,11,275,325,1.62,3,wrist_rotation_wave,0.9984,3,wrist_rotation_wave,True,0.46737,0.11479,0.69925,0.87754,0.48733
trial_000370,SUBJ_019,12,300,350,1.745,3,wrist_rotation_wave,0.9983,3,wrist_rotation_wave,True,0.23295,0.08142,0.78795,0.97174,0.55866
trial_000370,SUBJ_019,13,325,375,1.87,3,wrist_rotation_wave,0.9982,3,wrist_rotation_wave,True,-0.01482,0.04595,0.86762,1.05533,0.62456
trial_000370,SUBJ_019,14,350,400,1.995,3,wrist_rotation_wave,0.9983,3,wrist_rotation_wave,True,-0.25943,0.01102,0.93382,1.12426,0.68152
trial_000370,SUBJ_019,15,375,425,2.12,3,wrist_rotation_wave,0.9982,3,wrist_rotation_wave,True,-0.48434,-0.02071,0.98209,1.17451,0.72603
trial_000370,SUBJ_019,16,400,450,2.245,3,wrist_rotation_wave,0.9983,3,wrist_rotation_wave,True,-0.67305,-0.04658,1.00799,1.20203,0.75458
trial_000370,SUBJ_019,17,425,475,2.37,3,wrist_rotation_wave,0.9982,3,wrist_rotation_wave,True,-0.80904,-0.06394,1.00709,1.2028,0.76367
trial_000370,SUBJ_019,18,450,500,2.495,3,wrist_rotation_wave,0.9971,3,wrist_rotation_wave,True,-0.87578,-0.07014,0.97493,1.17279,0.74979
trial_000370,SUBJ_019,19,475,525,2.62,3,wrist_rotation_wave,0.9983,3,wrist_rotation_wave,True,-0.86263,-0.0635,0.90951,1.11029,0.71125
trial_000370,SUBJ_019,20,500,550,2.745,3,wrist_rotation_wave,0.9987,3,wrist_rotation_wave,True,-0.78004,-0.04591,0.81755,1.02194,0.6528
trial_000370,SUBJ_019,21,525,575,2.87,3,wrist_rotation_wave,0.9987,3,wrist_rotation_wave,True,-0.64318,-0.02002,0.70774,0.91628,0.58068
trial_000370,SUBJ_019,22,550,600,2.995,3,wrist_rotation_wave,0.9986,3,wrist_rotation_wave,True,-0.46723,0.01149,0.58876,0.80182,0.50111
trial_000370,SUBJ_019,23,575,625,3.12,3,wrist_rotation_wave,0.9985,3,wrist_rotation_wave,True,-0.26736,0.04595,0.46929,0.68708,0.4203
trial_000370,SUBJ_019,24,600,650,3.245,3,wrist_rotation_wave,0.9981,3,wrist_rotation_wave,True,-0.05876,0.08069,0.35801,0.5806,0.3445
trial_000370,SUBJ_019,25,625,675,3.37,3,wrist_rotation_wave,0.9975,3,wrist_rotation_wave,True,0.14342,0.11306,0.26361,0.49089,0.27991
trial_000370,SUBJ_019,26,650,700,3.495,3,wrist_rotation_wave,0.9974,3,wrist_rotation_wave,True,0.32398,0.14037,0.19477,0.42647,0.23276
trial_000370,SUBJ_019,27,675,725,3.62,3,wrist_rotation_wave,0.997,3,wrist_rotation_wave,True,0.46777,0.15997,0.16018,0.39587,0.20928
trial_000370,SUBJ_019,28,700,750,3.745,3,wrist_rotation_wave,0.9959,3,wrist_rotation_wave,True,0.5596,0.16918,0.16851,0.40761,0.21568
trial_000370,SUBJ_019,29,725,775,3.87,3,wrist_rotation_wave,0.9974,3,wrist_rotation_wave,True,0.58965,0.16635,0.22435,0.46608,0.25526
trial_000370,SUBJ_019,30,750,800,3.995,3,wrist_rotation_wave,0.9916,3,wrist_rotation_wave,True,0.56526,0.15304,0.3191,0.56241,0.32188
trial_000370,SUBJ_019,31,775,825,4.12,3,wrist_rotation_wave,0.9954,3,wrist_rotation_wave,True,0.49716,0.13149,0.44156,0.68511,0.40755
trial_000370,SUBJ_019,32,800,850,4.245,3,wrist_rotation_wave,0.9983,3,wrist_rotation_wave,True,0.39613,0.10392,0.58051,0.82267,0.50425
trial_000370,SUBJ_019,33,825,875,4.37,3,wrist_rotation_wave,0.9982,3,wrist_rotation_wave,True,0.2729,0.07254,0.72475,0.96357,0.60399
trial_000370,SUBJ_019,34,850,900,4.495,3,wrist_rotation_wave,0.9963,3,wrist_rotation_wave,True,0.13823,0.03958,0.86306,1.09633,0.69876
trial_000370,SUBJ_019,35,875,925,4.62,3,wrist_rotation_wave,0.9925,3,wrist_rotation_wave,True,0.00288,0.00725,0.98424,1.20943,0.78055
trial_000370,SUBJ_019,36,900,950,4.745,3,wrist_rotation_wave,0.9882,3,wrist_rotation_wave,True,-0.1224,-0.02221,1.07706,1.29137,0.84137
trial_000370,SUBJ_019,37,925,975,4.87,3,wrist_rotation_wave,0.9932,3,wrist_rotation_wave,True,-0.22686,-0.04659,1.13032,1.33065,0.8732
trial_000370,SUBJ_019,38,950,1000,4.995,3,wrist_rotation_wave,0.9985,3,wrist_rotation_wave,True,-0.29975,-0.06366,1.13281,1.31576,0.86805
trial_000370,SUBJ_019,39,975,1025,5.12,3,wrist_rotation_wave,0.9977,3,wrist_rotation_wave,True,-0.3344,-0.07208,1.07876,1.24097,0.82187
trial_000370,SUBJ_019,40,1000,1050,5.245,3,wrist_rotation_wave,0.9982,3,wrist_rotation_wave,True,-0.33581,-0.07299,0.978,1.11704,0.74192
trial_000370,SUBJ_019,41,1025,1075,5.37,3,wrist_rotation_wave,0.9966,3,wrist_rotation_wave,True,-0.31107,-0.06798,0.84311,0.95768,0.63749
trial_000370,SUBJ_019,42,1050,1100,5.495,3,wrist_rotation_wave,0.9957,3,wrist_rotation_wave,True,-0.26725,-0.05862,0.68668,0.77658,0.51786
trial_000370,SUBJ_019,43,1075,1125,5.62,3,wrist_rotation_wave,0.9925,3,wrist_rotation_wave,True,-0.21144,-0.0465,0.5213,0.58745,0.3923
trial_000370,SUBJ_019,44,1100,1150,5.745,3,wrist_rotation_wave,0.9857,3,wrist_rotation_wave,True,-0.15071,-0.03322,0.35956,0.40398,0.27011
trial_000370,SUBJ_019,45,1125,1175,5.87,3,wrist_rotation_wave,0.9914,3,wrist_rotation_wave,True,-0.09216,-0.02034,0.21404,0.23989,0.16055
trial_000370,SUBJ_019,46,1150,1200,5.995,3,wrist_rotation_wave,0.9941,3,wrist_rotation_wave,True,-0.04286,-0.00947,0.09734,0.10886,0.07292
trial_000370,SUBJ_019,47,1175,1225,6.12,3,wrist_rotation_wave,0.9904,3,wrist_rotation_wave,True,-0.00989,-0.00219,0.02204,0.02461,0.0165
trial_000371,SUBJ_019,0,0,50,0.245,3,wrist_rotation_wave,0.9932,3,wrist_rotation_wave,True,0.10468,0.02357,0.01202,0.02727,0.0102
trial_000371,SUBJ_019,1,25,75,0.37,3,wrist_rotation_wave,0.9976,3,wrist_rotation_wave,True,0.21836,0.04935,0.02811,0.06075,0.0237
trial_000371,SUBJ_019,2,50,100,0.495,3,wrist_rotation_wave,0.9983,3,wrist_rotation_wave,True,0.35436,0.08043,0.05155,0.10617,0.04321
trial_000371,SUBJ_019,3,75,125,0.62,3,wrist_rotation_wave,0.9984,3,wrist_rotation_wave,True,0.49871,0.11381,0.08281,0.16254,0.06904
trial_000371,SUBJ_019,4,100,150,0.745,3,wrist_rotation_wave,0.9984,3,wrist_rotation_wave,True,0.63746,0.14646,0.12236,0.22889,0.10148
trial_000371,SUBJ_019,5,125,175,0.87,3,wrist_rotation_wave,0.9982,3,wrist_rotation_wave,True,0.75666,0.17537,0.17067,0.30422,0.14085
trial_000371,SUBJ_019,6,150,200,0.995,3,wrist_rotation_wave,0.9978,3,wrist_rotation_wave,True,0.84235,0.19751,0.22822,0.38756,0.18744
trial_000371,SUBJ_019,7,175,225,1.12,3,wrist_rotation_wave,0.9966,3,wrist_rotation_wave,True,0.88059,0.20988,0.29548,0.47793,0.24156
trial_000371,SUBJ_019,8,200,250,1.245,3,wrist_rotation_wave,0.995,3,wrist_rotation_wave,True,0.85742,0.20945,0.37292,0.57435,0.30351
trial_000371,SUBJ_019,9,225,275,1.37,3,wrist_rotation_wave,0.9957,3,wrist_rotation_wave,True,0.7638,0.19422,0.46015,0.67533,0.37296
trial_000371,SUBJ_019,10,250,300,1.495,3,wrist_rotation_wave,0.9981,3,wrist_rotation_wave,True,0.61057,0.16635,0.55335,0.77737,0.44695
trial_000371,SUBJ_019,11,275,325,1.62,3,wrist_rotation_wave,0.9984,3,wrist_rotation_wave,True,0.4135,0.12899,0.64781,0.87648,0.52191
trial_000371,SUBJ_019,12,300,350,1.745,3,wrist_rotation_wave,0.9982,3,wrist_rotation_wave,True,0.1884,0.08533,0.73885,0.96864,0.59425
trial_000371,SUBJ_019,13,325,375,1.87,3,wrist_rotation_wave,0.9982,3,wrist_rotation_wave,True,-0.04894,0.03853,0.82175,1.04985,0.66036
trial_000371,SUBJ_019,14,350,400,1.995,3,wrist_rotation_wave,0.9983,3,wrist_rotation_wave,True,-0.28273,-0.00823,0.89183,1.1161,0.71666
trial_000371,SUBJ_019,15,375,425,2.12,3,wrist_rotation_wave,0.9982,3,wrist_rotation_wave,True,-0.49716,-0.05179,0.9444,1.16339,0.75957
trial_000371,SUBJ_019,16,400,450,2.245,3,wrist_rotation_wave,0.9983,3,wrist_rotation_wave,True,-0.67645,-0.08895,0.97474,1.18771,0.78548
trial_000371,SUBJ_019,17,425,475,2.37,3,wrist_rotation_wave,0.9981,3,wrist_rotation_wave,True,-0.8048,-0.11657,0.97817,1.18505,0.79082
trial_000371,SUBJ_019,18,450,500,2.495,3,wrist_rotation_wave,0.9972,3,wrist_rotation_wave,True,-0.8664,-0.13145,0.94998,1.15141,0.77198
trial_000371,SUBJ_019,19,475,525,2.62,3,wrist_rotation_wave,0.9982,3,wrist_rotation_wave,True,-0.85109,-0.13155,0.88798,1.08515,0.72726
trial_000371,SUBJ_019,20,500,550,2.745,3,wrist_rotation_wave,0.9986,3,wrist_rotation_wave,True,-0.76886,-0.11884,0.79891,0.99313,0.66171
trial_000371,SUBJ_019,21,525,575,2.87,3,wrist_rotation_wave,0.9987,3,wrist_rotation_wave,True,-0.6342,-0.09618,0.69151,0.88413,0.58187
trial_000371,SUBJ_019,22,550,600,2.995,3,wrist_rotation_wave,0.9986,3,wrist_rotation_wave,True,-0.46162,-0.06645,0.57454,0.76691,0.4943
trial_000371,SUBJ_019,23,575,625,3.12,3,wrist_rotation_wave,0.9986,3,wrist_rotation_wave,True,-0.26564,-0.03251,0.45674,0.65023,0.40556
trial_000371,SUBJ_019,24,600,650,3.245,3,wrist_rotation_wave,0.9983,3,wrist_rotation_wave,True,-0.06075,0.00277,0.34687,0.54287,0.3222
trial_000371,SUBJ_019,25,625,675,3.37,3,wrist_rotation_wave,0.9979,3,wrist_rotation_wave,True,0.13854,0.03651,0.25367,0.45358,0.25077
trial_000371,SUBJ_019,26,650,700,3.495,3,wrist_rotation_wave,0.9977,3,wrist_rotation_wave,True,0.31772,0.06585,0.18588,0.39116,0.19785
trial_000371,SUBJ_019,27,675,725,3.62,3,wrist_rotation_wave,0.9973,3,wrist_rotation_wave,True,0.46228,0.08792,0.15227,0.36434,0.16996
trial_000371,SUBJ_019,28,700,750,3.745,3,wrist_rotation_wave,0.9968,3,wrist_rotation_wave,True,0.55773,0.09985,0.16158,0.38192,0.17369
trial_000371,SUBJ_019,29,725,775,3.87,3,wrist_rotation_wave,0.9975,3,wrist_rotation_wave,True,0.5946,0.09983,0.21843,0.44834,0.2125
trial_000371,SUBJ_019,30,750,800,3.995,3,wrist_rotation_wave,0.9883,3,wrist_rotation_wave,True,0.5796,0.08942,0.31422,0.55427,0.28006
trial_000371,SUBJ_019,31,775,825,4.12,3,wrist_rotation_wave,0.9928,3,wrist_rotation_wave,True,0.52267,0.07088,0.43772,0.68762,0.36808
trial_000371,SUBJ_019,32,800,850,4.245,3,wrist_rotation_wave,0.998,3,wrist_rotation_wave,True,0.43374,0.04644,0.57769,0.83629,0.46825
trial_000371,SUBJ_019,33,825,875,4.37,3,wrist_rotation_wave,0.9983,3,wrist_rotation_wave,True,0.32274,0.01836,0.72289,0.9882,0.57227
trial_000371,SUBJ_019,34,850,900,4.495,3,wrist_rotation_wave,0.9958,3,wrist_rotation_wave,True,0.19963,-0.01113,0.8621,1.13125,0.67184
trial_000371,SUBJ_019,35,875,925,4.62,3,wrist_rotation_wave,0.9891,3,wrist_rotation_wave,True,0.07432,-0.03977,0.98407,1.25335,0.75867
trial_000371,SUBJ_019,36,900,950,4.745,3,wrist_rotation_wave,0.9794,3,wrist_rotation_wave,True,-0.04324,-0.06533,1.07756,1.34241,0.82445
trial_000371,SUBJ_019,37,925,975,4.87,3,wrist_rotation_wave,0.9865,3,wrist_rotation_wave,True,-0.14311,-0.08555,1.13134,1.38634,0.86089
trial_000371,SUBJ_019,38,950,1000,4.995,3,wrist_rotation_wave,0.9981,3,wrist_rotation_wave,True,-0.21537,-0.0982,1.13419,1.37305,0.85968
trial_000371,SUBJ_019,39,975,1025,5.12,3,wrist_rotation_wave,0.9978,3,wrist_rotation_wave,True,-0.25374,-0.10193,1.08031,1.29651,0.81657
trial_000371,SUBJ_019,40,1000,1050,5.245,3,wrist_rotation_wave,0.998,3,wrist_rotation_wave,True,-0.26249,-0.09802,0.97956,1.16805,0.73891
trial_000371,SUBJ_019,41,1025,1075,5.37,3,wrist_rotation_wave,0.9947,3,wrist_rotation_wave,True,-0.24772,-0.08821,0.84456,1.00209,0.63607
trial_000371,SUBJ_019,42,1050,1100,5.495,3,wrist_rotation_wave,0.9921,3,wrist_rotation_wave,True,-0.21557,-0.07424,0.68793,0.81303,0.51746
trial_000371,SUBJ_019,43,1075,1125,5.62,3,wrist_rotation_wave,0.9834,3,wrist_rotation_wave,True,-0.17215,-0.05783,0.52229,0.61529,0.39247
trial_000371,SUBJ_019,44,1100,1150,5.745,3,wrist_rotation_wave,0.9663,3,wrist_rotation_wave,True,-0.12359,-0.04072,0.36026,0.42328,0.27049
trial_000371,SUBJ_019,45,1125,1175,5.87,3,wrist_rotation_wave,0.9842,3,wrist_rotation_wave,True,-0.076,-0.02466,0.21447,0.25143,0.16092
trial_000371,SUBJ_019,46,1150,1200,5.995,3,wrist_rotation_wave,0.9904,3,wrist_rotation_wave,True,-0.0355,-0.01138,0.09754,0.11413,0.07314
trial_000371,SUBJ_019,47,1175,1225,6.12,3,wrist_rotation_wave,0.9824,3,wrist_rotation_wave,True,-0.00822,-0.00261,0.02209,0.0258,0.01656
trial_000372,SUBJ_019,0,0,50,0.245,3,wrist_rotation_wave,0.9913,3,wrist_rotation_wave,True,0.1056,0.01782,0.01336,0.02674,0.01124
trial_000372,SUBJ_019,1,25,75,0.37,3,wrist_rotation_wave,0.9974,3,wrist_rotation_wave,True,0.22034,0.03717,0.03085,0.0597,0.02598
trial_000372,SUBJ_019,2,50,100,0.495,3,wrist_rotation_wave,0.9982,3,wrist_rotation_wave,True,0.35767,0.06029,0.0559,0.10453,0.0471
trial_000372,SUBJ_019,3,75,125,0.62,3,wrist_rotation_wave,0.9983,3,wrist_rotation_wave,True,0.50353,0.08482,0.08876,0.16034,0.07485
trial_000372,SUBJ_019,4,100,150,0.745,3,wrist_rotation_wave,0.9982,3,wrist_rotation_wave,True,0.64388,0.10836,0.1297,0.22625,0.10946
trial_000372,SUBJ_019,5,125,175,0.87,3,wrist_rotation_wave,0.998,3,wrist_rotation_wave,True,0.76469,0.12854,0.17898,0.30136,0.15115
trial_000372,SUBJ_019,6,150,200,0.995,3,wrist_rotation_wave,0.9974,3,wrist_rotation_wave,True,0.8519,0.14296,0.23686,0.38479,0.20017
trial_000372,SUBJ_019,7,175,225,1.12,3,wrist_rotation_wave,0.9958,3,wrist_rotation_wave,True,0.89147,0.14926,0.30359,0.47566,0.25674
trial_000372,SUBJ_019,8,200,250,1.245,3,wrist_rotation_wave,0.9941,3,wrist_rotation_wave,True,0.86936,0.14503,0.37943,0.57306,0.3211
trial_000372,SUBJ_019,9,225,275,1.37,3,wrist_rotation_wave,0.9953,3,wrist_rotation_wave,True,0.77647,0.12877,0.4639,0.67558,0.39284
trial_000372,SUBJ_019,10,250,300,1.495,3,wrist_rotation_wave,0.9982,3,wrist_rotation_wave,True,0.62361,0.10236,0.55345,0.7797,0.46898
trial_000372,SUBJ_019,11,275,325,1.62,3,wrist_rotation_wave,0.9984,3,wrist_rotation_wave,True,0.42661,0.06857,0.64377,0.88135,0.54588
trial_000372,SUBJ_019,12,300,350,1.745,3,wrist_rotation_wave,0.9982,3,wrist_rotation_wave,True,0.20129,0.03017,0.73056,0.97646,0.61991
trial_000372,SUBJ_019,13,325,375,1.87,3,wrist_rotation_wave,0.9982,3,wrist_rotation_wave,True,-0.03654,-0.01008,0.80951,1.06097,0.68743
trial_000372,SUBJ_019,14,350,400,1.995,3,wrist_rotation_wave,0.9983,3,wrist_rotation_wave,True,-0.27105,-0.04941,0.87632,1.13082,0.74482
trial_000372,SUBJ_019,15,375,425,2.12,3,wrist_rotation_wave,0.9982,3,wrist_rotation_wave,True,-0.48642,-0.08506,0.92668,1.18194,0.78843
trial_000372,SUBJ_019,16,400,450,2.245,3,wrist_rotation_wave,0.9983,3,wrist_rotation_wave,True,-0.66683,-0.11427,0.95628,1.21028,0.81464
trial_000372,SUBJ_019,17,425,475,2.37,3,wrist_rotation_wave,0.998,3,wrist_rotation_wave,True,-0.79646,-0.13427,0.96082,1.21175,0.81982
trial_000372,SUBJ_019,18,450,500,2.495,3,wrist_rotation_wave,0.9967,3,wrist_rotation_wave,True,-0.8595,-0.14229,0.936,1.18231,0.80032
trial_000372,SUBJ_019,19,475,525,2.62,3,wrist_rotation_wave,0.9982,3,wrist_rotation_wave,True,-0.84575,-0.13659,0.8798,1.12024,0.75442
trial_000372,SUBJ_019,20,500,550,2.745,3,wrist_rotation_wave,0.9986,3,wrist_rotation_wave,True,-0.76526,-0.11902,0.79847,1.03223,0.68724
trial_000372,SUBJ_019,21,525,575,2.87,3,wrist_rotation_wave,0.9987,3,wrist_rotation_wave,True,-0.63259,-0.09227,0.70009,0.92689,0.60541
trial_000372,SUBJ_019,22,550,600,2.995,3,wrist_rotation_wave,0.9986,3,wrist_rotation_wave,True,-0.46232,-0.05903,0.59275,0.8128,0.51557
trial_000372,SUBJ_019,23,575,625,3.12,3,wrist_rotation_wave,0.9985,3,wrist_rotation_wave,True,-0.26901,-0.02196,0.48455,0.69857,0.42438
trial_000372,SUBJ_019,24,600,650,3.245,3,wrist_rotation_wave,0.9983,3,wrist_rotation_wave,True,-0.06724,0.01624,0.38356,0.59277,0.33848
trial_000372,SUBJ_019,25,625,675,3.37,3,wrist_rotation_wave,0.9978,3,wrist_rotation_wave,True,0.12843,0.05291,0.29789,0.50401,0.2645
trial_000372,SUBJ_019,26,650,700,3.495,3,wrist_rotation_wave,0.9975,3,wrist_rotation_wave,True,0.30341,0.08535,0.23561,0.44088,0.20909
trial_000372,SUBJ_019,27,675,725,3.62,3,wrist_rotation_wave,0.9973,3,wrist_rotation_wave,True,0.44315,0.11089,0.20483,0.41198,0.1789
trial_000372,SUBJ_019,28,700,750,3.745,3,wrist_rotation_wave,0.9966,3,wrist_rotation_wave,True,0.53307,0.12684,0.21361,0.42588,0.18056
trial_000372,SUBJ_019,29,725,775,3.87,3,wrist_rotation_wave,0.9973,3,wrist_rotation_wave,True,0.56374,0.13149,0.26623,0.48701,0.21763
trial_000372,SUBJ_019,30,750,800,3.995,3,wrist_rotation_wave,0.987,3,wrist_rotation_wave,True,0.54213,0.12617,0.35466,0.58633,0.28376
trial_000372,SUBJ_019,31,775,825,4.12,3,wrist_rotation_wave,0.9932,3,wrist_rotation_wave,True,0.47853,0.11283,0.46844,0.71214,0.37061
trial_000372,SUBJ_019,32,800,850,4.245,3,wrist_rotation_wave,0.9981,3,wrist_rotation_wave,True,0.38321,0.09341,0.59709,0.85276,0.46987
trial_000372,SUBJ_019,33,825,875,4.37,3,wrist_rotation_wave,0.9981,3,wrist_rotation_wave,True,0.26644,0.06988,0.73016,0.99646,0.57319
trial_000372,SUBJ_019,34,850,900,4.495,3,wrist_rotation_wave,0.9953,3,wrist_rotation_wave,True,0.13849,0.04417,0.85717,1.13156,0.67225
trial_000372,SUBJ_019,35,875,925,4.62,3,wrist_rotation_wave,0.9897,3,wrist_rotation_wave,True,0.00964,0.01824,0.96765,1.24636,0.75872
trial_000372,SUBJ_019,36,900,950,4.745,3,wrist_rotation_wave,0.9818,3,wrist_rotation_wave,True,-0.10985,-0.00596,1.05114,1.32915,0.82427
trial_000372,SUBJ_019,37,925,975,4.87,3,wrist_rotation_wave,0.9878,3,wrist_rotation_wave,True,-0.20969,-0.02649,1.09717,1.36823,0.86057
trial_000372,SUBJ_019,38,950,1000,4.995,3,wrist_rotation_wave,0.9983,3,wrist_rotation_wave,True,-0.27963,-0.0414,1.09527,1.3519,0.85929
trial_000372,SUBJ_019,39,975,1025,5.12,3,wrist_rotation_wave,0.9978,3,wrist_rotation_wave,True,-0.31327,-0.04946,1.0401,1.27436,0.81617
trial_000372,SUBJ_019,40,1000,1050,5.245,3,wrist_rotation_wave,0.9979,3,wrist_rotation_wave,True,-0.31534,-0.05153,0.94101,1.14663,0.73851
trial_000372,SUBJ_019,41,1025,1075,5.37,3,wrist_rotation_wave,0.995,3,wrist_rotation_wave,True,-0.29255,-0.04885,0.80994,0.98273,0.63571
trial_000372,SUBJ_019,42,1050,1100,5.495,3,wrist_rotation_wave,0.9923,3,wrist_rotation_wave,True,-0.25161,-0.04263,0.65883,0.79669,0.51716
trial_000372,SUBJ_019,43,1075,1125,5.62,3,wrist_rotation_wave,0.9837,3,wrist_rotation_wave,True,-0.19922,-0.03412,0.49965,0.60254,0.39223
trial_000372,SUBJ_019,44,1100,1150,5.745,3,wrist_rotation_wave,0.9697,3,wrist_rotation_wave,True,-0.14209,-0.02453,0.34433,0.41429,0.27032
trial_000372,SUBJ_019,45,1125,1175,5.87,3,wrist_rotation_wave,0.9848,3,wrist_rotation_wave,True,-0.08693,-0.01511,0.20483,0.24597,0.16081
trial_000372,SUBJ_019,46,1150,1200,5.995,3,wrist_rotation_wave,0.9912,3,wrist_rotation_wave,True,-0.04044,-0.00706,0.0931,0.11161,0.07309
trial_000372,SUBJ_019,47,1175,1225,6.12,3,wrist_rotation_wave,0.9831,3,wrist_rotation_wave,True,-0.00934,-0.00164,0.02107,0.02523,0.01654
trial_000373,SUBJ_019,0,0,50,0.245,3,wrist_rotation_wave,0.9928,3,wrist_rotation_wave,True,0.10618,0.02175,0.01415,0.03008,0.01026
trial_000373,SUBJ_019,1,25,75,0.37,3,wrist_rotation_wave,0.9975,3,wrist_rotation_wave,True,0.22154,0.04558,0.03261,0.06668,0.02379
trial_000373,SUBJ_019,2,50,100,0.495,3,wrist_rotation_wave,0.9982,3,wrist_rotation_wave,True,0.35961,0.07436,0.05899,0.11591,0.04325
trial_000373,SUBJ_019,3,75,125,0.62,3,wrist_rotation_wave,0.9984,3,wrist_rotation_wave,True,0.50626,0.10533,0.09353,0.17645,0.06891
trial_000373,SUBJ_019,4,100,150,0.745,3,wrist_rotation_wave,0.9983,3,wrist_rotation_wave,True,0.64738,0.13575,0.13646,0.24699,0.10103
trial_000373,SUBJ_019,5,125,175,0.87,3,wrist_rotation_wave,0.9982,3,wrist_rotation_wave,True,0.76883,0.16283,0.18801,0.3262,0.13987
trial_000373,SUBJ_019,6,150,200,0.995,3,wrist_rotation_wave,0.9977,3,wrist_rotation_wave,True,0.8565,0.18384,0.24844,0.41278,0.18568
trial_000373,SUBJ_019,7,175,225,1.12,3,wrist_rotation_wave,0.9966,3,wrist_rotation_wave,True,0.89628,0.19599,0.31798,0.50541,0.23872
trial_000373,SUBJ_019,8,200,250,1.245,3,wrist_rotation_wave,0.995,3,wrist_rotation_wave,True,0.87403,0.19654,0.39686,0.60278,0.29925
trial_000373,SUBJ_019,9,225,275,1.37,3,wrist_rotation_wave,0.9956,3,wrist_rotation_wave,True,0.78062,0.18366,0.48454,0.70315,0.36692
trial_000373,SUBJ_019,10,250,300,1.495,3,wrist_rotation_wave,0.9981,3,wrist_rotation_wave,True,0.62699,0.15928,0.57733,0.80314,0.43889
trial_000373,SUBJ_019,11,275,325,1.62,3,wrist_rotation_wave,0.9984,3,wrist_rotation_wave,True,0.42913,0.12631,0.67074,0.89894,0.51169
trial_000373,SUBJ_019,12,300,350,1.745,3,wrist_rotation_wave,0.9982,3,wrist_rotation_wave,True,0.20301,0.08761,0.76028,0.98674,0.58187
trial_000373,SUBJ_019,13,325,375,1.87,3,wrist_rotation_wave,0.9982,3,wrist_rotation_wave,True,-0.03539,0.04609,0.84146,1.06274,0.64598
trial_000373,SUBJ_019,14,350,400,1.995,3,wrist_rotation_wave,0.9983,3,wrist_rotation_wave,True,-0.27008,0.00462,0.9098,1.12312,0.70055
trial_000373,SUBJ_019,15,375,425,2.12,3,wrist_rotation_wave,0.9982,3,wrist_rotation_wave,True,-0.48509,-0.0339,0.96081,1.16408,0.74212
trial_000373,SUBJ_019,16,400,450,2.245,3,wrist_rotation_wave,0.9984,3,wrist_rotation_wave,True,-0.66443,-0.0666,0.99,1.18182,0.76723
trial_000373,SUBJ_019,17,425,475,2.37,3,wrist_rotation_wave,0.9982,3,wrist_rotation_wave,True,-0.79212,-0.09057,0.99288,1.17251,0.77243
trial_000373,SUBJ_019,18,450,500,2.495,3,wrist_rotation_wave,0.997,3,wrist_rotation_wave,True,-0.85218,-0.10294,0.96497,1.13236,0.75426
trial_000373,SUBJ_019,19,475,525,2.62,3,wrist_rotation_wave,0.9983,3,wrist_rotation_wave,True,-0.83437,-0.10186,0.90418,1.0599,0.71109
trial_000373,SUBJ_019,20,500,550,2.745,3,wrist_rotation_wave,0.9986,3,wrist_rotation_wave,True,-0.74902,-0.0892,0.81708,0.96204,0.64793
trial_000373,SUBJ_019,21,525,575,2.87,3,wrist_rotation_wave,0.9987,3,wrist_rotation_wave,True,-0.6111,-0.06768,0.71216,0.84757,0.57124
trial_000373,SUBJ_019,22,550,600,2.995,3,wrist_rotation_wave,0.9986,3,wrist_rotation_wave,True,-0.43555,-0.04002,0.59792,0.72529,0.48751
trial_000373,SUBJ_019,23,575,625,3.12,3,wrist_rotation_wave,0.9985,3,wrist_rotation_wave,True,-0.23734,-0.00892,0.48286,0.60399,0.4032
trial_000373,SUBJ_019,24,600,650,3.245,3,wrist_rotation_wave,0.9981,3,wrist_rotation_wave,True,-0.03142,0.0229,0.37546,0.49246,0.32478
trial_000373,SUBJ_019,25,625,675,3.37,3,wrist_rotation_wave,0.9976,3,wrist_rotation_wave,True,0.16726,0.05272,0.28423,0.3995,0.25874
trial_000373,SUBJ_019,26,650,700,3.495,3,wrist_rotation_wave,0.9975,3,wrist_rotation_wave,True,0.34373,0.07783,0.21767,0.3339,0.21155
trial_000373,SUBJ_019,27,675,725,3.62,3,wrist_rotation_wave,0.9969,3,wrist_rotation_wave,True,0.48305,0.09553,0.18426,0.30445,0.18968
trial_000373,SUBJ_019,28,700,750,3.745,3,wrist_rotation_wave,0.9963,3,wrist_rotation_wave,True,0.57026,0.10308,0.19251,0.31995,0.1996
trial_000373,SUBJ_019,29,725,775,3.87,3,wrist_rotation_wave,0.997,3,wrist_rotation_wave,True,0.59573,0.09883,0.2469,0.38488,0.24469
trial_000373,SUBJ_019,30,750,800,3.995,3,wrist_rotation_wave,0.9903,3,wrist_rotation_wave,True,0.56689,0.08441,0.33906,0.48993,0.31842
trial_000373,SUBJ_019,31,775,825,4.12,3,wrist_rotation_wave,0.9963,3,wrist_rotation_wave,True,0.49459,0.06217,0.45803,0.62303,0.41226
trial_000373,SUBJ_019,32,800,850,4.245,3,wrist_rotation_wave,0.9984,3,wrist_rotation_wave,True,0.38968,0.0344,0.59289,0.77211,0.5177
trial_000373,SUBJ_019,33,825,875,4.37,3,wrist_rotation_wave,0.9974,3,wrist_rotation_wave,True,0.26299,0.00344,0.73269,0.9251,0.62621
trial_000373,SUBJ_019,34,850,900,4.495,3,wrist_rotation_wave,0.9947,3,wrist_rotation_wave,True,0.12537,-0.0284,0.86649,1.06993,0.72927
trial_000373,SUBJ_019,35,875,925,4.62,3,wrist_rotation_wave,0.9898,3,wrist_rotation_wave,True,-0.01234,-0.05881,0.98335,1.19454,0.81837
trial_000373,SUBJ_019,36,900,950,4.745,3,wrist_rotation_wave,0.987,3,wrist_rotation_wave,True,-0.1393,-0.08545,1.07233,1.28684,0.88498
trial_000373,SUBJ_019,37,925,975,4.87,3,wrist_rotation_wave,0.995,3,wrist_rotation_wave,True,-0.24465,-0.10601,1.12248,1.33478,0.92059
trial_000373,SUBJ_019,38,950,1000,4.995,3,wrist_rotation_wave,0.9984,3,wrist_rotation_wave,True,-0.31757,-0.11817,1.12288,1.32629,0.91668
trial_000373,SUBJ_019,39,975,1025,5.12,3,wrist_rotation_wave,0.9974,3,wrist_rotation_wave,True,-0.35136,-0.12059,1.06791,1.2553,0.86893
trial_000373,SUBJ_019,40,1000,1050,5.245,3,wrist_rotation_wave,0.9982,3,wrist_rotation_wave,True,-0.35117,-0.1147,0.96722,1.13291,0.7851
trial_000373,SUBJ_019,41,1025,1075,5.37,3,wrist_rotation_wave,0.9977,3,wrist_rotation_wave,True,-0.3243,-0.10243,0.8332,0.97325,0.67505
trial_000373,SUBJ_019,42,1050,1100,5.495,3,wrist_rotation_wave,0.9972,3,wrist_rotation_wave,True,-0.27803,-0.08571,0.67821,0.79048,0.54866
trial_000373,SUBJ_019,43,1075,1125,5.62,3,wrist_rotation_wave,0.9959,3,wrist_rotation_wave,True,-0.21962,-0.06648,0.51463,0.59875,0.41582
trial_000373,SUBJ_019,44,1100,1150,5.745,3,wrist_rotation_wave,0.992,3,wrist_rotation_wave,True,-0.15635,-0.04665,0.35481,0.41221,0.2864
trial_000373,SUBJ_019,45,1125,1175,5.87,3,wrist_rotation_wave,0.9944,3,wrist_rotation_wave,True,-0.09552,-0.02817,0.21115,0.245,0.17029
trial_000373,SUBJ_019,46,1150,1200,5.995,3,wrist_rotation_wave,0.9957,3,wrist_rotation_wave,True,-0.04438,-0.01297,0.096,0.11127,0.07737
trial_000373,SUBJ_019,47,1175,1225,6.12,3,wrist_rotation_wave,0.9922,3,wrist_rotation_wave,True,-0.01024,-0.00297,0.02173,0.02517,0.01751
trial_000374,SUBJ_019,0,0,50,0.245,3,wrist_rotation_wave,0.9924,3,wrist_rotation_wave,True,0.10517,0.02152,0.01619,0.03025,0.00991
trial_000374,SUBJ_019,1,25,75,0.37,3,wrist_rotation_wave,0.9974,3,wrist_rotation_wave,True,0.21939,0.04516,0.03686,0.06712,0.0231
trial_000374,SUBJ_019,2,50,100,0.495,3,wrist_rotation_wave,0.9982,3,wrist_rotation_wave,True,0.35601,0.07381,0.06589,0.11677,0.04222
trial_000374,SUBJ_019,3,75,125,0.62,3,wrist_rotation_wave,0.9983,3,wrist_rotation_wave,True,0.50101,0.1048,0.10323,0.17792,0.06761
trial_000374,SUBJ_019,4,100,150,0.745,3,wrist_rotation_wave,0.9983,3,wrist_rotation_wave,True,0.64037,0.13545,0.14884,0.24929,0.0996
trial_000374,SUBJ_019,5,125,175,0.87,3,wrist_rotation_wave,0.9981,3,wrist_rotation_wave,True,0.76006,0.16306,0.20269,0.32959,0.13853
trial_000374,SUBJ_019,6,150,200,0.995,3,wrist_rotation_wave,0.9976,3,wrist_rotation_wave,True,0.84606,0.18496,0.26476,0.41754,0.18473
trial_000374,SUBJ_019,7,175,225,1.12,3,wrist_rotation_wave,0.9964,3,wrist_rotation_wave,True,0.88434,0.19847,0.33499,0.51185,0.23855
trial_000374,SUBJ_019,8,200,250,1.245,3,wrist_rotation_wave,0.9949,3,wrist_rotation_wave,True,0.86088,0.20091,0.41336,0.61123,0.3003
trial_000374,SUBJ_019,9,225,275,1.37,3,wrist_rotation_wave,0.9955,3,wrist_rotation_wave,True,0.76661,0.19048,0.49913,0.71397,0.36969
trial_000374,SUBJ_019,10,250,300,1.495,3,wrist_rotation_wave,0.998,3,wrist_rotation_wave,True,0.6124,0.16896,0.58876,0.81656,0.44378
trial_000374,SUBJ_019,11,275,325,1.62,3,wrist_rotation_wave,0.9984,3,wrist_rotation_wave,True,0.41411,0.13902,0.678,0.91507,0.51901
trial_000374,SUBJ_019,12,300,350,1.745,3,wrist_rotation_wave,0.9982,3,wrist_rotation_wave,True,0.18762,0.10335,0.76258,1.00554,0.59179
trial_000374,SUBJ_019,13,325,375,1.87,3,wrist_rotation_wave,0.9982,3,wrist_rotation_wave,True,-0.05119,0.06461,0.83826,1.08404,0.65854
trial_000374,SUBJ_019,14,350,400,1.995,3,wrist_rotation_wave,0.9983,3,wrist_rotation_wave,True,-0.28646,0.02548,0.90078,1.14663,0.71569
trial_000374,SUBJ_019,15,375,425,2.12,3,wrist_rotation_wave,0.9982,3,wrist_rotation_wave,True,-0.50231,-0.01137,0.94588,1.18936,0.75966
trial_000374,SUBJ_019,16,400,450,2.245,3,wrist_rotation_wave,0.9983,3,wrist_rotation_wave,True,-0.68286,-0.04325,0.96932,1.2083,0.78688
trial_000374,SUBJ_019,17,425,475,2.37,3,wrist_rotation_wave,0.9982,3,wrist_rotation_wave,True,-0.81225,-0.0675,0.96684,1.19949,0.79376
trial_000374,SUBJ_019,18,450,500,2.495,3,wrist_rotation_wave,0.9974,3,wrist_rotation_wave,True,-0.87459,-0.08144,0.93419,1.159,0.77672
trial_000374,SUBJ_019,19,475,525,2.62,3,wrist_rotation_wave,0.9983,3,wrist_rotation_wave,True,-0.85969,-0.08333,0.86948,1.08529,0.73405
trial_000374,SUBJ_019,20,500,550,2.745,3,wrist_rotation_wave,0.9986,3,wrist_rotation_wave,True,-0.77764,-0.07483,0.77935,0.98544,0.67066
trial_000374,SUBJ_019,21,525,575,2.87,3,wrist_rotation_wave,0.9987,3,wrist_rotation_wave,True,-0.6431,-0.05834,0.67232,0.86849,0.59296
trial_000374,SUBJ_019,22,550,600,2.995,3,wrist_rotation_wave,0.9986,3,wrist_rotation_wave,True,-0.47074,-0.03628,0.55694,0.74344,0.50738
trial_000374,SUBJ_019,23,575,625,3.12,3,wrist_rotation_wave,0.9985,3,wrist_rotation_wave,True,-0.27521,-0.01106,0.44174,0.61933,0.42031
trial_000374,SUBJ_019,24,600,650,3.245,3,wrist_rotation_wave,0.9982,3,wrist_rotation_wave,True,-0.07117,0.01492,0.33526,0.50516,0.33816
trial_000374,SUBJ_019,25,625,675,3.37,3,wrist_rotation_wave,0.9977,3,wrist_rotation_wave,True,0.12671,0.03925,0.24603,0.40998,0.26736
trial_000374,SUBJ_019,26,650,700,3.495,3,wrist_rotation_wave,0.9976,3,wrist_rotation_wave,True,0.30378,0.05952,0.18259,0.34278,0.21431
trial_000374,SUBJ_019,27,675,725,3.62,3,wrist_rotation_wave,0.9974,3,wrist_rotation_wave,True,0.44538,0.07331,0.15347,0.31261,0.18543
trial_000374,SUBJ_019,28,700,750,3.745,3,wrist_rotation_wave,0.9968,3,wrist_rotation_wave,True,0.53684,0.07823,0.16722,0.32847,0.18712
trial_000374,SUBJ_019,29,725,775,3.87,3,wrist_rotation_wave,0.997,3,wrist_rotation_wave,True,0.56867,0.07279,0.22826,0.39498,0.22281
trial_000374,SUBJ_019,30,750,800,3.995,3,wrist_rotation_wave,0.9864,3,wrist_rotation_wave,True,0.54788,0.05849,0.32792,0.50259,0.28639
trial_000374,SUBJ_019,31,775,825,4.12,3,wrist_rotation_wave,0.9957,3,wrist_rotation_wave,True,0.48477,0.03744,0.4549,0.63893,0.36983
trial_000374,SUBJ_019,32,800,850,4.245,3,wrist_rotation_wave,0.9983,3,wrist_rotation_wave,True,0.38967,0.01173,0.59789,0.79165,0.46512
trial_000374,SUBJ_019,33,825,875,4.37,3,wrist_rotation_wave,0.9971,3,wrist_rotation_wave,True,0.27288,-0.01653,0.74558,0.94837,0.56421
trial_000374,SUBJ_019,34,850,900,4.495,3,wrist_rotation_wave,0.993,3,wrist_rotation_wave,True,0.14471,-0.04526,0.88669,1.09673,0.6591
trial_000374,SUBJ_019,35,875,925,4.62,3,wrist_rotation_wave,0.9854,3,wrist_rotation_wave,True,0.01549,-0.07234,1.00989,1.22436,0.74175
trial_000374,SUBJ_019,36,900,950,4.745,3,wrist_rotation_wave,0.9795,3,wrist_rotation_wave,True,-0.1045,-0.09569,1.1039,1.3189,0.80415
trial_000374,SUBJ_019,37,925,975,4.87,3,wrist_rotation_wave,0.9913,3,wrist_rotation_wave,True,-0.20492,-0.11319,1.1574,1.36798,0.83826
trial_000374,SUBJ_019,38,950,1000,4.995,3,wrist_rotation_wave,0.9984,3,wrist_rotation_wave,True,-0.27547,-0.12276,1.1591,1.35924,0.83607
trial_000374,SUBJ_019,39,975,1025,5.12,3,wrist_rotation_wave,0.9974,3,wrist_rotation_wave,True,-0.30973,-0.1232,1.10322,1.28645,0.79347
trial_000374,SUBJ_019,40,1000,1050,5.245,3,wrist_rotation_wave,0.9981,3,wrist_rotation_wave,True,-0.31241,-0.11589,0.99979,1.161,0.71755
trial_000374,SUBJ_019,41,1025,1075,5.37,3,wrist_rotation_wave,0.997,3,wrist_rotation_wave,True,-0.29022,-0.10268,0.86164,0.99737,0.61738
trial_000374,SUBJ_019,42,1050,1100,5.495,3,wrist_rotation_wave,0.9962,3,wrist_rotation_wave,True,-0.24983,-0.08541,0.70161,0.81007,0.50206
trial_000374,SUBJ_019,43,1075,1125,5.62,3,wrist_rotation_wave,0.9938,3,wrist_rotation_wave,True,-0.19794,-0.06594,0.53253,0.61358,0.38067
trial_000374,SUBJ_019,44,1100,1150,5.745,3,wrist_rotation_wave,0.9881,3,wrist_rotation_wave,True,-0.14125,-0.04611,0.36725,0.42242,0.26229
trial_000374,SUBJ_019,45,1125,1175,5.87,3,wrist_rotation_wave,0.9922,3,wrist_rotation_wave,True,-0.08645,-0.02776,0.21859,0.25106,0.156
trial_000374,SUBJ_019,46,1150,1200,5.995,3,wrist_rotation_wave,0.9945,3,wrist_rotation_wave,True,-0.04023,-0.01275,0.0994,0.11402,0.07089
trial_000374,SUBJ_019,47,1175,1225,6.12,3,wrist_rotation_wave,0.9901,3,wrist_rotation_wave,True,-0.00929,-0.00291,0.02251,0.02579,0.01604
trial_000375,SUBJ_019,0,0,50,0.245,0,finger_tap,0.9968,0,finger_tap,True,-0.00041,0.00366,0.3307,0.37355,0.20956
trial_000375,SUBJ_019,1,25,75,0.37,0,finger_tap,0.9946,0,finger_tap,True,-0.00298,0.00782,0.56918,0.64183,0.35937
trial_000375,SUBJ_019,2,50,100,0.495,0,finger_tap,0.9971,0,finger_tap,True,-0.00902,0.01307,0.68754,0.77266,0.43098
trial_000375,SUBJ_019,3,75,125,0.62,0,finger_tap,0.9887,0,finger_tap,True,-0.01902,0.01906,0.598,0.66626,0.36822
trial_000375,SUBJ_019,4,100,150,0.745,0,finger_tap,0.9949,0,finger_tap,True,-0.0296,0.02559,0.3806,0.41303,0.22284
trial_000375,SUBJ_019,5,125,175,0.87,0,finger_tap,0.9848,0,finger_tap,True,-0.03633,0.03246,0.16057,0.15457,0.07561
trial_000375,SUBJ_019,6,150,200,0.995,0,finger_tap,0.997,0,finger_tap,True,-0.03479,0.0395,0.06312,0.03248,0.00732
trial_000375,SUBJ_019,7,175,225,1.12,0,finger_tap,0.9512,0,finger_tap,True,-0.02262,0.04612,0.17336,0.14415,0.0732
trial_000375,SUBJ_019,8,200,250,1.245,0,finger_tap,0.9961,0,finger_tap,True,-0.00602,0.05006,0.41128,0.40508,0.2234
trial_000375,SUBJ_019,9,225,275,1.37,0,finger_tap,0.9495,0,finger_tap,True,0.00659,0.04865,0.65438,0.68397,0.38101
trial_000375,SUBJ_019,10,250,300,1.495,0,finger_tap,0.9959,0,finger_tap,True,0.00683,0.03922,0.78017,0.84954,0.46911
trial_000375,SUBJ_019,11,275,325,1.62,0,finger_tap,0.985,0,finger_tap,True,-0.01033,0.02068,0.70341,0.80831,0.43363
trial_000375,SUBJ_019,12,300,350,1.745,0,finger_tap,0.9954,0,finger_tap,True,-0.03656,-0.00183,0.48528,0.61554,0.31016
trial_000375,SUBJ_019,13,325,375,1.87,0,finger_tap,0.9856,0,finger_tap,True,-0.06024,-0.02163,0.22291,0.36301,0.15636
trial_000375,SUBJ_019,14,350,400,1.995,0,finger_tap,0.9922,0,finger_tap,True,-0.06978,-0.03204,0.01347,0.14251,0.02986
trial_000375,SUBJ_019,15,375,425,2.12,0,finger_tap,0.9779,0,finger_tap,True,-0.05791,-0.02891,-0.07289,0.02265,-0.02724
trial_000375,SUBJ_019,16,400,450,2.245,0,finger_tap,0.8894,0,finger_tap,True,-0.03372,-0.01752,-0.0673,-0.01509,-0.03125
trial_000375,SUBJ_019,17,425,475,2.37,0,finger_tap,0.9741,0,finger_tap,True,-0.01012,-0.00538,-0.02471,-0.00966,-0.01217
trial_000376,SUBJ_019,0,0,50,0.245,0,finger_tap,0.9972,0,finger_tap,True,-0.02321,0.00279,0.31428,0.3746,0.21099
trial_000376,SUBJ_019,1,25,75,0.37,0,finger_tap,0.9967,0,finger_tap,True,-0.04062,0.00187,0.53729,0.646,0.36245
trial_000376,SUBJ_019,2,50,100,0.495,0,finger_tap,0.9958,0,finger_tap,True,-0.05065,-0.0047,0.6404,0.78329,0.43616
trial_000376,SUBJ_019,3,75,125,0.62,0,finger_tap,0.988,0,finger_tap,True,-0.04718,-0.01865,0.5393,0.68734,0.37586
trial_000376,SUBJ_019,4,100,150,0.745,0,finger_tap,0.9922,0,finger_tap,True,-0.03403,-0.03592,0.31605,0.44667,0.2333
trial_000376,SUBJ_019,5,125,175,0.87,0,finger_tap,0.9612,0,finger_tap,True,-0.01773,-0.05088,0.09748,0.20034,0.08936
trial_000376,SUBJ_019,6,150,200,0.995,0,finger_tap,0.9954,0,finger_tap,True,-0.00478,-0.05792,0.01043,0.08741,0.02487
trial_000376,SUBJ_019,7,175,225,1.12,0,finger_tap,0.9479,0,finger_tap,True,-0.00015,-0.05302,0.14026,0.20297,0.09485
trial_000376,SUBJ_019,8,200,250,1.245,0,finger_tap,0.9967,0,finger_tap,True,-0.00242,-0.03871,0.40156,0.46128,0.24796
trial_000376,SUBJ_019,9,225,275,1.37,0,finger_tap,0.9931,0,finger_tap,True,-0.00855,-0.01923,0.66502,0.73008,0.40552
trial_000376,SUBJ_019,10,250,300,1.495,0,finger_tap,0.997,0,finger_tap,True,-0.01548,0.00119,0.80131,0.87709,0.48884
trial_000376,SUBJ_019,11,275,325,1.62,0,finger_tap,0.9854,0,finger_tap,True,-0.02063,0.01878,0.72076,0.80935,0.44301
trial_000376,SUBJ_019,12,300,350,1.745,0,finger_tap,0.9872,0,finger_tap,True,-0.02331,0.03164,0.48954,0.58838,0.30673
trial_000376,SUBJ_019,13,325,375,1.87,0,finger_tap,0.976,0,finger_tap,True,-0.02327,0.03831,0.21212,0.31369,0.14165
trial_000376,SUBJ_019,14,350,400,1.995,0,finger_tap,0.9964,0,finger_tap,True,-0.02027,0.03735,-0.007,0.08477,0.00944
trial_000376,SUBJ_019,15,375,425,2.12,0,finger_tap,0.9915,0,finger_tap,True,-0.01451,0.02847,-0.09265,-0.02537,-0.04531
trial_000376,SUBJ_019,16,400,450,2.245,0,finger_tap,0.9955,0,finger_tap,True,-0.00776,0.01583,-0.07964,-0.04308,-0.0421
trial_000376,SUBJ_019,17,425,475,2.37,0,finger_tap,0.991,0,finger_tap,True,-0.0022,0.00462,-0.02856,-0.01807,-0.01549
trial_000377,SUBJ_019,0,0,50,0.245,0,finger_tap,0.9968,0,finger_tap,True,0.00945,-0.01279,0.32518,0.36001,0.17301
trial_000377,SUBJ_019,1,25,75,0.37,0,finger_tap,0.9949,0,finger_tap,True,0.01714,-0.02088,0.55481,0.62247,0.29798
trial_000377,SUBJ_019,2,50,100,0.495,0,finger_tap,0.997,0,finger_tap,True,0.02279,-0.02254,0.65859,0.75863,0.36042
trial_000377,SUBJ_019,3,75,125,0.62,0,finger_tap,0.9861,0,finger_tap,True,0.02412,-0.01374,0.54886,0.6739,0.31464
trial_000377,SUBJ_019,4,100,150,0.745,0,finger_tap,0.995,0,finger_tap,True,0.02201,0.00243,0.31151,0.45199,0.20313
trial_000377,SUBJ_019,5,125,175,0.87,0,finger_tap,0.986,0,finger_tap,True,0.0182,0.021,0.07916,0.22467,0.09212
trial_000377,SUBJ_019,6,150,200,0.995,0,finger_tap,0.997,0,finger_tap,True,0.01442,0.03699,-0.01558,0.12368,0.04782
trial_000377,SUBJ_019,7,175,225,1.12,0,finger_tap,0.9254,0,finger_tap,True,0.01203,0.04628,0.11666,0.23888,0.11465
trial_000377,SUBJ_019,8,200,250,1.245,0,finger_tap,0.9962,0,finger_tap,True,0.01083,0.04834,0.38727,0.48761,0.24716
trial_000377,SUBJ_019,9,225,275,1.37,0,finger_tap,0.9433,0,finger_tap,True,0.01021,0.04354,0.66184,0.7429,0.3768
trial_000377,SUBJ_019,10,250,300,1.495,0,finger_tap,0.9966,0,finger_tap,True,0.00956,0.03229,0.80598,0.87773,0.43502
trial_000377,SUBJ_019,11,275,325,1.62,0,finger_tap,0.9896,0,finger_tap,True,0.00842,0.01567,0.72636,0.8032,0.37502
trial_000377,SUBJ_019,12,300,350,1.745,0,finger_tap,0.9948,0,finger_tap,True,0.00687,-0.00247,0.49113,0.58025,0.23545
trial_000377,SUBJ_019,13,325,375,1.87,0,finger_tap,0.9916,0,finger_tap,True,0.00515,-0.01758,0.20809,0.30658,0.07599
trial_000377,SUBJ_019,14,350,400,1.995,0,finger_tap,0.9966,0,finger_tap,True,0.00347,-0.02514,-0.01492,0.07993,-0.04371
trial_000377,SUBJ_019,15,375,425,2.12,0,finger_tap,0.9919,0,finger_tap,True,0.00204,-0.02241,-0.10039,-0.02815,-0.08146
trial_000377,SUBJ_019,16,400,450,2.245,0,finger_tap,0.9965,0,finger_tap,True,0.00094,-0.01351,-0.08448,-0.04433,-0.06079
trial_000377,SUBJ_019,17,425,475,2.37,0,finger_tap,0.9871,0,finger_tap,True,0.00024,-0.00414,-0.03008,-0.01838,-0.02067
trial_000378,SUBJ_019,0,0,50,0.245,0,finger_tap,0.9972,0,finger_tap,True,-0.01518,-0.00637,0.33044,0.34669,0.16972
trial_000378,SUBJ_019,1,25,75,0.37,0,finger_tap,0.9967,0,finger_tap,True,-0.02602,-0.00986,0.56554,0.59725,0.28985
trial_000378,SUBJ_019,2,50,100,0.495,0,finger_tap,0.996,0,finger_tap,True,-0.0312,-0.00929,0.67554,0.72271,0.34474
trial_000378,SUBJ_019,3,75,125,0.62,0,finger_tap,0.9904,0,finger_tap,True,-0.02665,-0.00267,0.57167,0.63144,0.28872
trial_000378,SUBJ_019,4,100,150,0.745,0,finger_tap,0.9933,0,finger_tap,True,-0.0162,0.00672,0.33764,0.40787,0.16633
trial_000378,SUBJ_019,5,125,175,0.87,0,finger_tap,0.9735,0,finger_tap,True,-0.00581,0.01421,0.10364,0.18381,0.04635
trial_000378,SUBJ_019,6,150,200,0.995,0,finger_tap,0.9968,0,finger_tap,True,-0.00141,0.01511,-0.00019,0.09105,-0.00239
trial_000378,SUBJ_019,7,175,225,1.12,0,finger_tap,0.9275,0,finger_tap,True,-0.00701,0.00645,0.11456,0.21904,0.06647
trial_000378,SUBJ_019,8,200,250,1.245,0,finger_tap,0.9974,0,finger_tap,True,-0.01856,-0.00769,0.36444,0.48286,0.20709
trial_000378,SUBJ_019,9,225,275,1.37,0,finger_tap,0.996,0,finger_tap,True,-0.02996,-0.02143,0.62175,0.75273,0.34988
trial_000378,SUBJ_019,10,250,300,1.495,0,finger_tap,0.996,0,finger_tap,True,-0.03509,-0.02889,0.75882,0.89886,0.42525
trial_000378,SUBJ_019,11,275,325,1.62,0,finger_tap,0.9798,0,finger_tap,True,-0.02978,-0.02604,0.68666,0.83024,0.38483
trial_000378,SUBJ_019,12,300,350,1.745,0,finger_tap,0.9747,0,finger_tap,True,-0.01752,-0.0161,0.46833,0.60831,0.26357
trial_000378,SUBJ_019,13,325,375,1.87,0,finger_tap,0.9371,0,finger_tap,True,-0.00366,-0.00411,0.20429,0.33194,0.11693
trial_000378,SUBJ_019,14,350,400,1.995,0,finger_tap,0.9942,0,finger_tap,True,0.00643,0.00492,-0.00505,0.1,0.00037
trial_000378,SUBJ_019,15,375,425,2.12,0,finger_tap,0.9793,0,finger_tap,True,0.009,0.00743,-0.08729,-0.01472,-0.04613
trial_000378,SUBJ_019,16,400,450,2.245,0,finger_tap,0.9948,0,finger_tap,True,0.00632,0.00531,-0.07541,-0.03747,-0.0406
trial_000378,SUBJ_019,17,425,475,2.37,0,finger_tap,0.989,0,finger_tap,True,0.00209,0.00177,-0.02709,-0.01649,-0.01468
trial_000379,SUBJ_019,0,0,50,0.245,0,finger_tap,0.9968,0,finger_tap,True,0.0121,-0.01743,0.31843,0.36231,0.1919
trial_000379,SUBJ_019,1,25,75,0.37,0,finger_tap,0.995,0,finger_tap,True,0.02112,-0.03145,0.54341,0.62329,0.32781
trial_000379,SUBJ_019,2,50,100,0.495,0,finger_tap,0.9967,0,finger_tap,True,0.02624,-0.04142,0.64535,0.75218,0.3901
trial_000379,SUBJ_019,3,75,125,0.62,0,finger_tap,0.9881,0,finger_tap,True,0.02418,-0.04316,0.53826,0.65293,0.3273
trial_000379,SUBJ_019,4,100,150,0.745,0,finger_tap,0.9949,0,finger_tap,True,0.01664,-0.03892,0.30509,0.41478,0.19029
trial_000379,SUBJ_019,5,125,175,0.87,0,finger_tap,0.9837,0,finger_tap,True,0.00666,-0.03269,0.07426,0.17683,0.05749
trial_000379,SUBJ_019,6,150,200,0.995,0,finger_tap,0.9966,0,finger_tap,True,-0.00271,-0.02847,-0.02578,0.0782,0.00735
trial_000379,SUBJ_019,7,175,225,1.12,0,finger_tap,0.94,0,finger_tap,True,-0.00906,-0.02918,0.09213,0.21313,0.09245
trial_000379,SUBJ_019,8,200,250,1.245,0,finger_tap,0.9971,0,finger_tap,True,-0.01254,-0.03328,0.34536,0.49122,0.25908
trial_000379,SUBJ_019,9,225,275,1.37,0,finger_tap,0.9954,0,finger_tap,True,-0.01397,-0.03811,0.60761,0.77457,0.42613
trial_000379,SUBJ_019,10,250,300,1.495,0,finger_tap,0.9965,0,finger_tap,True,-0.01418,-0.04102,0.75256,0.92526,0.51255
trial_000379,SUBJ_019,11,275,325,1.62,0,finger_tap,0.9795,0,finger_tap,True,-0.01382,-0.03999,0.69177,0.84696,0.46211
trial_000379,SUBJ_019,12,300,350,1.745,0,finger_tap,0.9735,0,finger_tap,True,-0.01294,-0.03554,0.48555,0.6067,0.31644
trial_000379,SUBJ_019,13,325,375,1.87,0,finger_tap,0.9465,0,finger_tap,True,-0.01143,-0.02883,0.23078,0.31164,0.14117
trial_000379,SUBJ_019,14,350,400,1.995,0,finger_tap,0.9924,0,finger_tap,True,-0.00918,-0.02101,0.02435,0.06895,0.00194
trial_000379,SUBJ_019,15,375,425,2.12,0,finger_tap,0.9781,0,finger_tap,True,-0.00624,-0.0132,-0.06338,-0.04308,-0.05391
trial_000379,SUBJ_019,16,400,450,2.245,0,finger_tap,0.9918,0,finger_tap,True,-0.00323,-0.00644,-0.06163,-0.05475,-0.04781
trial_000379,SUBJ_019,17,425,475,2.37,0,finger_tap,0.9817,0,finger_tap,True,-0.00089,-0.0017,-0.02298,-0.02182,-0.01733
trial_000380,SUBJ_020,0,0,50,0.245,1,fist_clench,0.9981,1,fist_clench,True,0.00399,0.00963,0.10138,0.11902,0.05989
trial_000380,SUBJ_020,1,25,75,0.37,1,fist_clench,0.9983,1,fist_clench,True,0.00842,0.02005,0.21802,0.25532,0.12936
trial_000380,SUBJ_020,2,50,100,0.495,1,fist_clench,0.9984,1,fist_clench,True,0.01384,0.03247,0.3666,0.42808,0.21857
trial_000380,SUBJ_020,3,75,125,0.62,1,fist_clench,0.9985,1,fist_clench,True,0.01978,0.04557,0.53808,0.62625,0.32256
trial_000380,SUBJ_020,4,100,150,0.745,1,fist_clench,0.9985,1,fist_clench,True,0.02578,0.05805,0.72342,0.83878,0.43638
trial_000380,SUBJ_020,5,125,175,0.87,1,fist_clench,0.9985,1,fist_clench,True,0.03137,0.0686,0.91359,1.05462,0.55507
trial_000380,SUBJ_020,6,150,200,0.995,1,fist_clench,0.9986,1,fist_clench,True,0.03608,0.0759,1.09955,1.2627,0.67367
trial_000380,SUBJ_020,7,175,225,1.12,1,fist_clench,0.9984,1,fist_clench,True,0.03944,0.07866,1.27227,1.45198,0.78721
trial_000380,SUBJ_020,8,200,250,1.245,1,fist_clench,0.9976,1,fist_clench,True,0.04098,0.07556,1.42274,1.61145,0.89076
trial_000380,SUBJ_020,9,225,275,1.37,1,fist_clench,0.9967,1,fist_clench,True,0.04049,0.06612,1.54557,1.73483,0.98099
trial_000380,SUBJ_020,10,250,300,1.495,1,fist_clench,0.9967,1,fist_clench,True,0.03827,0.05138,1.64215,1.82479,1.05762
trial_000380,SUBJ_020,11,275,325,1.62,1,fist_clench,0.9966,1,fist_clench,True,0.03465,0.03254,1.71463,1.88496,1.12069
trial_000380,SUBJ_020,12,300,350,1.745,1,fist_clench,0.9965,1,fist_clench,True,0.02998,0.01081,1.76514,1.91898,1.17025
trial_000380,SUBJ_020,13,325,375,1.87,1,fist_clench,0.996,1,fist_clench,True,0.02458,-0.01261,1.79583,1.93048,1.20636
trial_000380,SUBJ_020,14,350,400,1.995,1,fist_clench,0.9951,1,fist_clench,True,0.01881,-0.0365,1.80882,1.9231,1.22906
trial_000380,SUBJ_020,15,375,425,2.12,1,fist_clench,0.9935,1,fist_clench,True,0.013,-0.05967,1.80627,1.90048,1.2384
trial_000380,SUBJ_020,16,400,450,2.245,1,fist_clench,0.9926,1,fist_clench,True,0.00749,-0.08091,1.79032,1.86624,1.23443
trial_000380,SUBJ_020,17,425,475,2.37,1,fist_clench,0.9926,1,fist_clench,True,0.00263,-0.099,1.76309,1.82404,1.2172
trial_000380,SUBJ_020,18,450,500,2.495,1,fist_clench,0.9973,1,fist_clench,True,-0.00126,-0.11275,1.72674,1.77749,1.18677
trial_000380,SUBJ_020,19,475,525,2.62,1,fist_clench,0.9988,1,fist_clench,True,-0.00386,-0.12108,1.68324,1.72989,1.1433
trial_000380,SUBJ_020,20,500,550,2.745,1,fist_clench,0.9986,1,fist_clench,True,-0.0052,-0.12414,1.63315,1.68142,1.0881
trial_000380,SUBJ_020,21,525,575,2.87,1,fist_clench,0.9983,1,fist_clench,True,-0.0055,-0.12265,1.57633,1.63071,1.02301
trial_000380,SUBJ_020,22,550,600,2.995,1,fist_clench,0.9979,1,fist_clench,True,-0.00494,-0.11736,1.51262,1.5764,0.94991
trial_000380,SUBJ_020,23,575,625,3.12,1,fist_clench,0.9973,1,fist_clench,True,-0.00372,-0.10901,1.44187,1.5171,0.87065
trial_000380,SUBJ_020,24,600,650,3.245,1,fist_clench,0.9967,1,fist_clench,True,-0.00206,-0.09834,1.36393,1.45143,0.7871
trial_000380,SUBJ_020,25,625,675,3.37,1,fist_clench,0.9965,1,fist_clench,True,-0.00014,-0.0861,1.27864,1.37802,0.70111
trial_000380,SUBJ_020,26,650,700,3.495,1,fist_clench,0.9965,1,fist_clench,True,0.00184,-0.07301,1.18585,1.29549,0.61454
trial_000380,SUBJ_020,27,675,725,3.62,1,fist_clench,0.9966,1,fist_clench,True,0.00366,-0.05983,1.08541,1.20246,0.52926
trial_000380,SUBJ_020,28,700,750,3.745,1,fist_clench,0.9967,1,fist_clench,True,0.00515,-0.0473,0.97717,1.09755,0.44713
trial_000380,SUBJ_020,29,725,775,3.87,1,fist_clench,0.9969,1,fist_clench,True,0.00608,-0.03616,0.86097,0.97941,0.37001
trial_000380,SUBJ_020,30,750,800,3.995,1,fist_clench,0.9967,1,fist_clench,True,0.00637,-0.02685,0.73806,0.84885,0.29925
trial_000380,SUBJ_020,31,775,825,4.12,1,fist_clench,0.9967,1,fist_clench,True,0.00613,-0.01927,0.61229,0.71093,0.23526
trial_000380,SUBJ_020,32,800,850,4.245,1,fist_clench,0.9971,1,fist_clench,True,0.00548,-0.01324,0.48786,0.57116,0.17832
trial_000380,SUBJ_020,33,825,875,4.37,1,fist_clench,0.9973,1,fist_clench,True,0.00454,-0.00859,0.36893,0.4351,0.12872
trial_000380,SUBJ_020,34,850,900,4.495,1,fist_clench,0.9974,1,fist_clench,True,0.00344,-0.00516,0.25969,0.30826,0.08675
trial_000380,SUBJ_020,35,875,925,4.62,1,fist_clench,0.9975,1,fist_clench,True,0.00232,-0.00276,0.16432,0.19618,0.0527
trial_000380,SUBJ_020,36,900,950,4.745,1,fist_clench,0.9979,1,fist_clench,True,0.0013,-0.00122,0.08699,0.1044,0.02685
trial_000380,SUBJ_020,37,925,975,4.87,1,fist_clench,0.9984,1,fist_clench,True,0.0005,-0.00036,0.03189,0.03845,0.00949
trial_000380,SUBJ_020,38,950,1000,4.995,1,fist_clench,0.9987,1,fist_clench,True,5e-05,-3e-05,0.00319,0.00386,0.00092
trial_000381,SUBJ_020,0,0,50,0.245,1,fist_clench,0.998,1,fist_clench,True,-0.0032,0.0138,0.09932,0.1158,0.06507
trial_000381,SUBJ_020,1,25,75,0.37,1,fist_clench,0.9983,1,fist_clench,True,-0.00662,0.02878,0.21379,0.24848,0.14012
trial_000381,SUBJ_020,2,50,100,0.495,1,fist_clench,0.9983,1,fist_clench,True,-0.01063,0.04667,0.35985,0.41674,0.23597
trial_000381,SUBJ_020,3,75,125,0.62,1,fist_clench,0.9984,1,fist_clench,True,-0.01476,0.06562,0.52879,0.60988,0.34695
trial_000381,SUBJ_020,4,100,150,0.745,1,fist_clench,0.9985,1,fist_clench,True,-0.01855,0.08378,0.71187,0.81719,0.46738
trial_000381,SUBJ_020,5,125,175,0.87,1,fist_clench,0.9985,1,fist_clench,True,-0.02153,0.0993,0.9004,1.02796,0.5916
trial_000381,SUBJ_020,6,150,200,0.995,1,fist_clench,0.9985,1,fist_clench,True,-0.02322,0.11032,1.08563,1.23149,0.71393
trial_000381,SUBJ_020,7,175,225,1.12,1,fist_clench,0.9984,1,fist_clench,True,-0.02317,0.115,1.25886,1.41705,0.82871
trial_000381,SUBJ_020,8,200,250,1.245,1,fist_clench,0.9978,1,fist_clench,True,-0.0209,0.11148,1.41139,1.57399,0.93029
trial_000381,SUBJ_020,9,225,275,1.37,1,fist_clench,0.9973,1,fist_clench,True,-0.0163,0.09909,1.53793,1.69621,1.01511
trial_000381,SUBJ_020,10,250,300,1.495,1,fist_clench,0.9973,1,fist_clench,True,-0.00989,0.07929,1.63959,1.78616,1.08352
trial_000381,SUBJ_020,11,275,325,1.62,1,fist_clench,0.9974,1,fist_clench,True,-0.00224,0.05379,1.71814,1.84726,1.13632
trial_000381,SUBJ_020,12,300,350,1.745,1,fist_clench,0.9975,1,fist_clench,True,0.00605,0.02431,1.77539,1.8829,1.1743
trial_000381,SUBJ_020,13,325,375,1.87,1,fist_clench,0.9972,1,fist_clench,True,0.0144,-0.00744,1.81313,1.89651,1.19826
trial_000381,SUBJ_020,14,350,400,1.995,1,fist_clench,0.9971,1,fist_clench,True,0.02221,-0.03976,1.83316,1.8915,1.20899
trial_000381,SUBJ_020,15,375,425,2.12,1,fist_clench,0.9964,1,fist_clench,True,0.02891,-0.07092,1.83728,1.87126,1.20729
trial_000381,SUBJ_020,16,400,450,2.245,1,fist_clench,0.994,1,fist_clench,True,0.0339,-0.09923,1.82727,1.83921,1.19395
trial_000381,SUBJ_020,17,425,475,2.37,1,fist_clench,0.9915,1,fist_clench,True,0.03659,-0.12297,1.80495,1.79876,1.16976
trial_000381,SUBJ_020,18,450,500,2.495,1,fist_clench,0.9968,1,fist_clench,True,0.03641,-0.14042,1.77209,1.75331,1.13552
trial_000381,SUBJ_020,19,475,525,2.62,1,fist_clench,0.9987,1,fist_clench,True,0.03284,-0.15009,1.73038,1.70595,1.09205
trial_000381,SUBJ_020,20,500,550,2.745,1,fist_clench,0.9987,1,fist_clench,True,0.02621,-0.15223,1.68044,1.65694,1.0404
trial_000381,SUBJ_020,21,525,575,2.87,1,fist_clench,0.9983,1,fist_clench,True,0.01723,-0.14798,1.62235,1.60511,0.98173
trial_000381,SUBJ_020,22,550,600,2.995,1,fist_clench,0.9979,1,fist_clench,True,0.0066,-0.1385,1.55619,1.5493,0.9172
trial_000381,SUBJ_020,23,575,625,3.12,1,fist_clench,0.9975,1,fist_clench,True,-0.00495,-0.12495,1.48207,1.48833,0.84798
trial_000381,SUBJ_020,24,600,650,3.245,1,fist_clench,0.9968,1,fist_clench,True,-0.01672,-0.10847,1.40004,1.42103,0.77523
trial_000381,SUBJ_020,25,625,675,3.37,1,fist_clench,0.9963,1,fist_clench,True,-0.02798,-0.09021,1.31022,1.34623,0.70012
trial_000381,SUBJ_020,26,650,700,3.495,1,fist_clench,0.996,1,fist_clench,True,-0.03802,-0.07134,1.21267,1.26275,0.62381
trial_000381,SUBJ_020,27,675,725,3.62,1,fist_clench,0.996,1,fist_clench,True,-0.04613,-0.05301,1.10748,1.16943,0.54746
trial_000381,SUBJ_020,28,700,750,3.745,1,fist_clench,0.9961,1,fist_clench,True,-0.05159,-0.03637,0.99473,1.06508,0.47225
trial_000381,SUBJ_020,29,725,775,3.87,1,fist_clench,0.9963,1,fist_clench,True,-0.05369,-0.02256,0.87453,0.94856,0.39932
trial_000381,SUBJ_020,30,750,800,3.995,1,fist_clench,0.9964,1,fist_clench,True,-0.0522,-0.01222,0.74823,0.82073,0.32976
trial_000381,SUBJ_020,31,775,825,4.12,1,fist_clench,0.9964,1,fist_clench,True,-0.04777,-0.00498,0.61969,0.68637,0.26447
trial_000381,SUBJ_020,32,800,850,4.245,1,fist_clench,0.9961,1,fist_clench,True,-0.0412,-0.00034,0.49302,0.55075,0.20434
trial_000381,SUBJ_020,33,825,875,4.37,1,fist_clench,0.9958,1,fist_clench,True,-0.03327,0.00217,0.37234,0.41908,0.15023
trial_000381,SUBJ_020,34,850,900,4.495,1,fist_clench,0.9954,1,fist_clench,True,-0.02474,0.00306,0.26178,0.29663,0.10305
trial_000381,SUBJ_020,35,875,925,4.62,1,fist_clench,0.9957,1,fist_clench,True,-0.01641,0.00281,0.16546,0.18862,0.06367
trial_000381,SUBJ_020,36,900,950,4.745,1,fist_clench,0.9966,1,fist_clench,True,-0.00905,0.0019,0.08751,0.1003,0.03297
trial_000381,SUBJ_020,37,925,975,4.87,1,fist_clench,0.9976,1,fist_clench,True,-0.00344,0.00084,0.03205,0.03691,0.01184
trial_000381,SUBJ_020,38,950,1000,4.995,1,fist_clench,0.9987,1,fist_clench,True,-0.00035,0.0001,0.0032,0.0037,0.00116
trial_000382,SUBJ_020,0,0,50,0.245,1,fist_clench,0.9982,1,fist_clench,True,-0.00387,0.01437,0.0926,0.11541,0.06219
trial_000382,SUBJ_020,1,25,75,0.37,1,fist_clench,0.9984,1,fist_clench,True,-0.00817,0.03005,0.19969,0.24773,0.13415
trial_000382,SUBJ_020,2,50,100,0.495,1,fist_clench,0.9984,1,fist_clench,True,-0.01341,0.0489,0.33679,0.41566,0.22635
trial_000382,SUBJ_020,3,75,125,0.62,1,fist_clench,0.9984,1,fist_clench,True,-0.01916,0.06906,0.49602,0.60859,0.33351
trial_000382,SUBJ_020,4,100,150,0.745,1,fist_clench,0.9985,1,fist_clench,True,-0.02495,0.08866,0.6695,0.81591,0.45038
trial_000382,SUBJ_020,5,125,175,0.87,1,fist_clench,0.9985,1,fist_clench,True,-0.03031,0.10584,0.84933,1.02701,0.57168
trial_000382,SUBJ_020,6,150,200,0.995,1,fist_clench,0.9985,1,fist_clench,True,-0.03479,0.11871,1.02764,1.23128,0.69217
trial_000382,SUBJ_020,7,175,225,1.12,1,fist_clench,0.9984,1,fist_clench,True,-0.03794,0.12543,1.19653,1.41811,0.80656
trial_000382,SUBJ_020,8,200,250,1.245,1,fist_clench,0.9978,1,fist_clench,True,-0.03928,0.12412,1.34815,1.57692,0.90961
trial_000382,SUBJ_020,9,225,275,1.37,1,fist_clench,0.9973,1,fist_clench,True,-0.03861,0.11409,1.47754,1.70162,0.99788
trial_000382,SUBJ_020,10,250,300,1.495,1,fist_clench,0.9971,1,fist_clench,True,-0.03618,0.09674,1.58519,1.79449,1.07129
trial_000382,SUBJ_020,11,275,325,1.62,1,fist_clench,0.9971,1,fist_clench,True,-0.03226,0.07374,1.67223,1.85875,1.13013
trial_000382,SUBJ_020,12,300,350,1.745,1,fist_clench,0.9972,1,fist_clench,True,-0.02715,0.04675,1.73975,1.8976,1.17471
trial_000382,SUBJ_020,13,325,375,1.87,1,fist_clench,0.9972,1,fist_clench,True,-0.02114,0.01744,1.78886,1.91427,1.20532
trial_000382,SUBJ_020,14,350,400,1.995,1,fist_clench,0.9972,1,fist_clench,True,-0.01452,-0.01254,1.82065,1.91197,1.22227
trial_000382,SUBJ_020,15,375,425,2.12,1,fist_clench,0.9972,1,fist_clench,True,-0.00758,-0.04152,1.83625,1.8939,1.22585
trial_000382,SUBJ_020,16,400,450,2.245,1,fist_clench,0.9962,1,fist_clench,True,-0.00061,-0.06784,1.83674,1.86328,1.21637
trial_000382,SUBJ_020,17,425,475,2.37,1,fist_clench,0.992,1,fist_clench,True,0.00609,-0.08985,1.82324,1.82333,1.19411
trial_000382,SUBJ_020,18,450,500,2.495,1,fist_clench,0.997,1,fist_clench,True,0.01224,-0.10587,1.79686,1.77726,1.15938
trial_000382,SUBJ_020,19,475,525,2.62,1,fist_clench,0.9989,1,fist_clench,True,0.01757,-0.11445,1.75865,1.72797,1.11259
trial_000382,SUBJ_020,20,500,550,2.745,1,fist_clench,0.9987,1,fist_clench,True,0.02201,-0.11587,1.70935,1.67588,1.05505
trial_000382,SUBJ_020,21,525,575,2.87,1,fist_clench,0.9984,1,fist_clench,True,0.02558,-0.11128,1.64955,1.62007,0.98854
trial_000382,SUBJ_020,22,550,600,2.995,1,fist_clench,0.9979,1,fist_clench,True,0.02831,-0.10184,1.5798,1.55965,0.91485
trial_000382,SUBJ_020,23,575,625,3.12,1,fist_clench,0.9975,1,fist_clench,True,0.03022,-0.08871,1.50069,1.49372,0.83575
trial_000382,SUBJ_020,24,600,650,3.245,1,fist_clench,0.9972,1,fist_clench,True,0.03134,-0.07304,1.41278,1.42137,0.75303
trial_000382,SUBJ_020,25,625,675,3.37,1,fist_clench,0.9971,1,fist_clench,True,0.0317,-0.05601,1.31665,1.34171,0.66847
trial_000382,SUBJ_020,26,650,700,3.495,1,fist_clench,0.9971,1,fist_clench,True,0.03133,-0.03876,1.21287,1.25384,0.58385
trial_000382,SUBJ_020,27,675,725,3.62,1,fist_clench,0.9972,1,fist_clench,True,0.03024,-0.02246,1.10201,1.15685,0.50095
trial_000382,SUBJ_020,28,700,750,3.745,1,fist_clench,0.997,1,fist_clench,True,0.02847,-0.00826,0.98463,1.04984,0.42156
trial_000382,SUBJ_020,29,725,775,3.87,1,fist_clench,0.9972,1,fist_clench,True,0.02605,0.00267,0.86133,0.93192,0.34745
trial_000382,SUBJ_020,30,750,800,3.995,1,fist_clench,0.9973,1,fist_clench,True,0.02304,0.00976,0.7337,0.80407,0.2799
trial_000382,SUBJ_020,31,775,825,4.12,1,fist_clench,0.9977,1,fist_clench,True,0.01963,0.01351,0.6053,0.67081,0.21919
trial_000382,SUBJ_020,32,800,850,4.245,1,fist_clench,0.9982,1,fist_clench,True,0.01601,0.01456,0.47991,0.53713,0.16551
trial_000382,SUBJ_020,33,825,875,4.37,1,fist_clench,0.9984,1,fist_clench,True,0.01235,0.01356,0.36132,0.40796,0.11903
trial_000382,SUBJ_020,34,850,900,4.495,1,fist_clench,0.9984,1,fist_clench,True,0.00885,0.01115,0.25333,0.28828,0.07993
trial_000382,SUBJ_020,35,875,925,4.62,1,fist_clench,0.9985,1,fist_clench,True,0.00568,0.00797,0.15973,0.18305,0.04838
trial_000382,SUBJ_020,36,900,950,4.745,1,fist_clench,0.9986,1,fist_clench,True,0.00305,0.00466,0.08429,0.09721,0.02456
trial_000382,SUBJ_020,37,925,975,4.87,1,fist_clench,0.9988,1,fist_clench,True,0.00113,0.00185,0.03081,0.03574,0.00865
trial_000382,SUBJ_020,38,950,1000,4.995,1,fist_clench,0.9982,1,fist_clench,True,0.00011,0.0002,0.00307,0.00358,0.00083
trial_000383,SUBJ_020,0,0,50,0.245,1,fist_clench,0.9978,1,fist_clench,True,-0.00318,0.00797,0.10034,0.11953,0.06447
trial_000383,SUBJ_020,1,25,75,0.37,1,fist_clench,0.998,1,fist_clench,True,-0.00653,0.01656,0.21591,0.25646,0.13901
trial_000383,SUBJ_020,2,50,100,0.495,1,fist_clench,0.9979,1,fist_clench,True,-0.01037,0.02672,0.36328,0.4301,0.23443
trial_000383,SUBJ_020,3,75,125,0.62,1,fist_clench,0.9981,1,fist_clench,True,-0.01422,0.03735,0.53362,0.62941,0.34523
trial_000383,SUBJ_020,4,100,150,0.745,1,fist_clench,0.9982,1,fist_clench,True,-0.01758,0.04733,0.71805,0.84332,0.46592
trial_000383,SUBJ_020,5,125,175,0.87,1,fist_clench,0.9983,1,fist_clench,True,-0.01993,0.05554,0.90772,1.06076,0.59099
trial_000383,SUBJ_020,6,150,200,0.995,1,fist_clench,0.998,1,fist_clench,True,-0.02079,0.06087,1.09378,1.2707,0.71496
trial_000383,SUBJ_020,7,175,225,1.12,1,fist_clench,0.9978,1,fist_clench,True,-0.01965,0.06221,1.26737,1.46205,0.83232
trial_000383,SUBJ_020,8,200,250,1.245,1,fist_clench,0.9977,1,fist_clench,True,-0.01601,0.05845,1.41966,1.62381,0.93759
trial_000383,SUBJ_020,9,225,275,1.37,1,fist_clench,0.9977,1,fist_clench,True,-0.00974,0.04922,1.54533,1.74966,1.02722
trial_000383,SUBJ_020,10,250,300,1.495,1,fist_clench,0.9979,1,fist_clench,True,-0.00139,0.03551,1.64555,1.84209,1.10128
trial_000383,SUBJ_020,11,275,325,1.62,1,fist_clench,0.9982,1,fist_clench,True,0.00843,0.0185,1.72227,1.90458,1.16023
trial_000383,SUBJ_020,12,300,350,1.745,1,fist_clench,0.9985,1,fist_clench,True,0.01909,-0.00065,1.77739,1.94059,1.20454
trial_000383,SUBJ_020,13,325,375,1.87,1,fist_clench,0.9986,1,fist_clench,True,0.02997,-0.02078,1.81283,1.95358,1.23468
trial_000383,SUBJ_020,14,350,400,1.995,1,fist_clench,0.9982,1,fist_clench,True,0.04046,-0.04074,1.83052,1.94704,1.25112
trial_000383,SUBJ_020,15,375,425,2.12,1,fist_clench,0.9894,1,fist_clench,True,0.04993,-0.05935,1.83238,1.92443,1.25431
trial_000383,SUBJ_020,16,400,450,2.245,1,fist_clench,0.9232,1,fist_clench,True,0.05777,-0.07547,1.82033,1.88921,1.24474
trial_000383,SUBJ_020,17,425,475,2.37,1,fist_clench,0.9599,1,fist_clench,True,0.06335,-0.08793,1.79629,1.84486,1.22286
trial_000383,SUBJ_020,18,450,500,2.495,1,fist_clench,0.9975,1,fist_clench,True,0.06605,-0.09556,1.76217,1.79484,1.18915
trial_000383,SUBJ_020,19,475,525,2.62,1,fist_clench,0.9989,1,fist_clench,True,0.06534,-0.09736,1.71976,1.74231,1.14414
trial_000383,SUBJ_020,20,500,550,2.745,1,fist_clench,0.9989,1,fist_clench,True,0.06145,-0.09367,1.66967,1.68766,1.08904
trial_000383,SUBJ_020,21,525,575,2.87,1,fist_clench,0.9987,1,fist_clench,True,0.05499,-0.08546,1.61189,1.62992,1.02539
trial_000383,SUBJ_020,22,550,600,2.995,1,fist_clench,0.9985,1,fist_clench,True,0.04656,-0.07375,1.54643,1.5681,0.95472
trial_000383,SUBJ_020,23,575,625,3.12,1,fist_clench,0.9983,1,fist_clench,True,0.03678,-0.05954,1.47329,1.50118,0.87858
trial_000383,SUBJ_020,24,600,650,3.245,1,fist_clench,0.998,1,fist_clench,True,0.02626,-0.04384,1.39247,1.4282,0.7985
trial_000383,SUBJ_020,25,625,675,3.37,1,fist_clench,0.9978,1,fist_clench,True,0.01562,-0.02763,1.30396,1.34814,0.71602
trial_000383,SUBJ_020,26,650,700,3.495,1,fist_clench,0.9977,1,fist_clench,True,0.00545,-0.01193,1.20777,1.26002,0.63268
trial_000383,SUBJ_020,27,675,725,3.62,1,fist_clench,0.9975,1,fist_clench,True,-0.00362,0.00226,1.1039,1.16284,0.55002
trial_000383,SUBJ_020,28,700,750,3.745,1,fist_clench,0.9974,1,fist_clench,True,-0.01099,0.01394,0.99235,1.05561,0.46957
trial_000383,SUBJ_020,29,725,775,3.87,1,fist_clench,0.9971,1,fist_clench,True,-0.01604,0.02211,0.87313,0.93735,0.39288
trial_000383,SUBJ_020,30,750,800,3.995,1,fist_clench,0.9972,1,fist_clench,True,-0.01852,0.02632,0.74756,0.80898,0.32118
trial_000383,SUBJ_020,31,775,825,4.12,1,fist_clench,0.9973,1,fist_clench,True,-0.01882,0.02718,0.61951,0.67508,0.25514
trial_000383,SUBJ_020,32,800,850,4.245,1,fist_clench,0.9977,1,fist_clench,True,-0.01742,0.02541,0.49314,0.54066,0.19534
trial_000383,SUBJ_020,33,825,875,4.37,1,fist_clench,0.9979,1,fist_clench,True,-0.0148,0.02173,0.37261,0.41072,0.14239
trial_000383,SUBJ_020,34,850,900,4.495,1,fist_clench,0.9979,1,fist_clench,True,-0.01145,0.01688,0.26208,0.29028,0.09687
trial_000383,SUBJ_020,35,875,925,4.62,1,fist_clench,0.9979,1,fist_clench,True,-0.00783,0.01158,0.16572,0.18434,0.05938
trial_000383,SUBJ_020,36,900,950,4.745,1,fist_clench,0.9981,1,fist_clench,True,-0.00442,0.00656,0.08768,0.09791,0.03052
trial_000383,SUBJ_020,37,925,975,4.87,1,fist_clench,0.9985,1,fist_clench,True,-0.00171,0.00255,0.03212,0.036,0.01088
trial_000383,SUBJ_020,38,950,1000,4.995,1,fist_clench,0.9987,1,fist_clench,True,-0.00018,0.00027,0.00321,0.00361,0.00106
trial_000384,SUBJ_020,0,0,50,0.245,1,fist_clench,0.9981,1,fist_clench,True,-0.00109,0.00871,0.09744,0.12142,0.0569
trial_000384,SUBJ_020,1,25,75,0.37,1,fist_clench,0.9982,1,fist_clench,True,-0.00224,0.01814,0.20985,0.26033,0.12296
trial_000384,SUBJ_020,2,50,100,0.495,1,fist_clench,0.9982,1,fist_clench,True,-0.00359,0.02939,0.35345,0.43624,0.20789
trial_000384,SUBJ_020,3,75,125,0.62,1,fist_clench,0.9983,1,fist_clench,True,-0.00498,0.04127,0.51975,0.6378,0.30701
trial_000384,SUBJ_020,4,100,150,0.745,1,fist_clench,0.9984,1,fist_clench,True,-0.00623,0.05259,0.70028,0.85364,0.41568
trial_000384,SUBJ_020,5,125,175,0.87,1,fist_clench,0.9985,1,fist_clench,True,-0.0072,0.06219,0.88657,1.07241,0.52921
trial_000384,SUBJ_020,6,150,200,0.995,1,fist_clench,0.9983,1,fist_clench,True,-0.00772,0.06887,1.07015,1.28273,0.64296
trial_000384,SUBJ_020,7,175,225,1.12,1,fist_clench,0.9981,1,fist_clench,True,-0.00763,0.07146,1.24253,1.47325,0.75225
trial_000384,SUBJ_020,8,200,250,1.245,1,fist_clench,0.9977,1,fist_clench,True,-0.00677,0.06878,1.39528,1.63265,0.85243
trial_000384,SUBJ_020,9,225,275,1.37,1,fist_clench,0.9975,1,fist_clench,True,-0.00508,0.0604,1.5232,1.75452,0.94033
trial_000384,SUBJ_020,10,250,300,1.495,1,fist_clench,0.9976,1,fist_clench,True,-0.00271,0.04725,1.62718,1.84168,1.0155
trial_000384,SUBJ_020,11,275,325,1.62,1,fist_clench,0.9977,1,fist_clench,True,0.00018,0.03042,1.70878,1.89795,1.07782
trial_000384,SUBJ_020,12,300,350,1.745,1,fist_clench,0.9979,1,fist_clench,True,0.00342,0.011,1.76958,1.92715,1.12716
trial_000384,SUBJ_020,13,325,375,1.87,1,fist_clench,0.9981,1,fist_clench,True,0.00685,-0.00992,1.81115,1.93312,1.16339
trial_000384,SUBJ_020,14,350,400,1.995,1,fist_clench,0.9981,1,fist_clench,True,0.01031,-0.03124,1.83505,1.91967,1.18638
trial_000384,SUBJ_020,15,375,425,2.12,1,fist_clench,0.9977,1,fist_clench,True,0.01363,-0.05189,1.84284,1.89063,1.19601
trial_000384,SUBJ_020,16,400,450,2.245,1,fist_clench,0.9925,1,fist_clench,True,0.01665,-0.07076,1.83611,1.84983,1.19213
trial_000384,SUBJ_020,17,425,475,2.37,1,fist_clench,0.9848,1,fist_clench,True,0.0192,-0.08678,1.8164,1.8011,1.17463
trial_000384,SUBJ_020,18,450,500,2.495,1,fist_clench,0.9975,1,fist_clench,True,0.02111,-0.09884,1.7853,1.74826,1.14338
trial_000384,SUBJ_020,19,475,525,2.62,1,fist_clench,0.9989,1,fist_clench,True,0.02225,-0.10599,1.74427,1.69477,1.0984
trial_000384,SUBJ_020,20,500,550,2.745,1,fist_clench,0.9987,1,fist_clench,True,0.02263,-0.10836,1.69399,1.64094,1.0411
trial_000384,SUBJ_020,21,525,575,2.87,1,fist_clench,0.9984,1,fist_clench,True,0.02235,-0.10663,1.63473,1.58552,0.97358
trial_000384,SUBJ_020,22,550,600,2.995,1,fist_clench,0.9981,1,fist_clench,True,0.02151,-0.10149,1.56676,1.52721,0.89794
trial_000384,SUBJ_020,23,575,625,3.12,1,fist_clench,0.9977,1,fist_clench,True,0.02021,-0.09363,1.49034,1.46474,0.81628
trial_000384,SUBJ_020,24,600,650,3.245,1,fist_clench,0.9974,1,fist_clench,True,0.01856,-0.08373,1.40574,1.39682,0.73071
trial_000384,SUBJ_020,25,625,675,3.37,1,fist_clench,0.9972,1,fist_clench,True,0.01664,-0.07249,1.31323,1.32217,0.64333
trial_000384,SUBJ_020,26,650,700,3.495,1,fist_clench,0.9971,1,fist_clench,True,0.01456,-0.06059,1.21308,1.23951,0.55624
trial_000384,SUBJ_020,27,675,725,3.62,1,fist_clench,0.997,1,fist_clench,True,0.01243,-0.04872,1.10555,1.14756,0.47154
trial_000384,SUBJ_020,28,700,750,3.745,1,fist_clench,0.9971,1,fist_clench,True,0.01034,-0.03757,0.9909,1.04504,0.39134
trial_000384,SUBJ_020,29,725,775,3.87,1,fist_clench,0.997,1,fist_clench,True,0.0084,-0.02783,0.86942,0.93067,0.31774
trial_000384,SUBJ_020,30,750,800,3.995,1,fist_clench,0.9969,1,fist_clench,True,0.00666,-0.01989,0.74256,0.80523,0.25212
trial_000384,SUBJ_020,31,775,825,4.12,1,fist_clench,0.9972,1,fist_clench,True,0.00513,-0.01362,0.61404,0.67341,0.19447
trial_000384,SUBJ_020,32,800,850,4.245,1,fist_clench,0.9974,1,fist_clench,True,0.00381,-0.00884,0.48785,0.54033,0.14463
trial_000384,SUBJ_020,33,825,875,4.37,1,fist_clench,0.9976,1,fist_clench,True,0.0027,-0.00533,0.36799,0.41115,0.10245
trial_000384,SUBJ_020,34,850,900,4.495,1,fist_clench,0.9976,1,fist_clench,True,0.00179,-0.0029,0.25844,0.29101,0.06776
trial_000384,SUBJ_020,35,875,925,4.62,1,fist_clench,0.9978,1,fist_clench,True,0.00106,-0.00135,0.16319,0.18504,0.04039
trial_000384,SUBJ_020,36,900,950,4.745,1,fist_clench,0.9981,1,fist_clench,True,0.00053,-0.00048,0.08624,0.0984,0.0202
trial_000384,SUBJ_020,37,925,975,4.87,1,fist_clench,0.9985,1,fist_clench,True,0.00018,-0.0001,0.03156,0.03621,0.00701
trial_000384,SUBJ_020,38,950,1000,4.995,1,fist_clench,0.9986,1,fist_clench,True,2e-05,-0.0,0.00315,0.00363,0.00066
trial_000385,SUBJ_020,0,0,50,0.245,2,pinch_precision,0.9985,2,pinch_precision,True,0.01146,0.0187,0.03212,0.0288,0.01099
trial_000385,SUBJ_020,1,25,75,0.37,2,pinch_precision,0.9986,2,pinch_precision,True,0.02484,0.04044,0.07021,0.06276,0.02408
trial_000385,SUBJ_020,2,50,100,0.495,2,pinch_precision,0.9982,2,pinch_precision,True,0.04212,0.06843,0.12019,0.10711,0.04136
trial_000385,SUBJ_020,3,75,125,0.62,2,pinch_precision,0.9975,2,pinch_precision,True,0.06242,0.10117,0.17999,0.15985,0.06215
trial_000385,SUBJ_020,4,100,150,0.745,2,pinch_precision,0.9969,2,pinch_precision,True,0.08483,0.13713,0.24751,0.21898,0.08578
trial_000385,SUBJ_020,5,125,175,0.87,2,pinch_precision,0.9962,2,pinch_precision,True,0.10847,0.17482,0.32065,0.2825,0.11159
trial_000385,SUBJ_020,6,150,200,0.995,2,pinch_precision,0.9955,2,pinch_precision,True,0.13244,0.21271,0.39734,0.34842,0.13891
trial_000385,SUBJ_020,7,175,225,1.12,2,pinch_precision,0.9956,2,pinch_precision,True,0.15585,0.2493,0.47548,0.41474,0.16707
trial_000385,SUBJ_020,8,200,250,1.245,2,pinch_precision,0.9956,2,pinch_precision,True,0.17779,0.28309,0.55298,0.47946,0.1954
trial_000385,SUBJ_020,9,225,275,1.37,2,pinch_precision,0.9952,2,pinch_precision,True,0.19739,0.31255,0.62775,0.54059,0.22324
trial_000385,SUBJ_020,10,250,300,1.495,2,pinch_precision,0.9953,2,pinch_precision,True,0.21374,0.33618,0.6977,0.59612,0.24992
trial_000385,SUBJ_020,11,275,325,1.62,2,pinch_precision,0.9953,2,pinch_precision,True,0.22607,0.35268,0.76092,0.64427,0.27482
trial_000385,SUBJ_020,12,300,350,1.745,2,pinch_precision,0.9964,2,pinch_precision,True,0.23439,0.36217,0.81668,0.68461,0.29759
trial_000385,SUBJ_020,13,325,375,1.87,2,pinch_precision,0.9972,2,pinch_precision,True,0.23903,0.36533,0.86471,0.71726,0.31801
trial_000385,SUBJ_020,14,350,400,1.995,2,pinch_precision,0.9979,2,pinch_precision,True,0.24031,0.36285,0.90476,0.74232,0.33587
trial_000385,SUBJ_020,15,375,425,2.12,2,pinch_precision,0.9984,2,pinch_precision,True,0.23857,0.35539,0.93657,0.75993,0.35093
trial_000385,SUBJ_020,16,400,450,2.245,2,pinch_precision,0.9946,2,pinch_precision,True,0.23413,0.34366,0.95988,0.7702,0.36298
trial_000385,SUBJ_020,17,425,475,2.37,1,fist_clench,0.8122,2,pinch_precision,False,0.22733,0.32833,0.97443,0.77325,0.3718
trial_000385,SUBJ_020,18,450,500,2.495,1,fist_clench,0.9871,2,pinch_precision,False,0.21848,0.31008,0.97997,0.76919,0.37715
trial_000385,SUBJ_020,19,475,525,2.62,1,fist_clench,0.9568,2,pinch_precision,False,0.20791,0.2896,0.97623,0.75815,0.37882
trial_000385,SUBJ_020,20,500,550,2.745,2,pinch_precision,0.7653,2,pinch_precision,True,0.19597,0.26757,0.96296,0.74025,0.37659
trial_000385,SUBJ_020,21,525,575,2.87,2,pinch_precision,0.9855,2,pinch_precision,True,0.18296,0.24467,0.9399,0.7156,0.37023
trial_000385,SUBJ_020,22,550,600,2.995,2,pinch_precision,0.9939,2,pinch_precision,True,0.16923,0.2216,0.9068,0.68432,0.35951
trial_000385,SUBJ_020,23,575,625,3.12,2,pinch_precision,0.9957,2,pinch_precision,True,0.15508,0.19898,0.86349,0.64659,0.34429
trial_000385,SUBJ_020,24,600,650,3.245,2,pinch_precision,0.9962,2,pinch_precision,True,0.14073,0.17713,0.81096,0.60316,0.32491
trial_000385,SUBJ_020,25,625,675,3.37,2,pinch_precision,0.9967,2,pinch_precision,True,0.12632,0.15612,0.7508,0.5551,0.30207
trial_000385,SUBJ_020,26,650,700,3.495,2,pinch_precision,0.9971,2,pinch_precision,True,0.112,0.13604,0.68459,0.5035,0.27645
trial_000385,SUBJ_020,27,675,725,3.62,2,pinch_precision,0.9975,2,pinch_precision,True,0.09792,0.11699,0.61395,0.44944,0.24874
trial_000385,SUBJ_020,28,700,750,3.745,2,pinch_precision,0.9979,2,pinch_precision,True,0.08421,0.09905,0.54047,0.394,0.2196
trial_000385,SUBJ_020,29,725,775,3.87,2,pinch_precision,0.9983,2,pinch_precision,True,0.07103,0.08231,0.46576,0.33825,0.18973
trial_000385,SUBJ_020,30,750,800,3.995,2,pinch_precision,0.9986,2,pinch_precision,True,0.05853,0.06686,0.3914,0.28328,0.15982
trial_000385,SUBJ_020,31,775,825,4.12,2,pinch_precision,0.9987,2,pinch_precision,True,0.04684,0.05278,0.31901,0.23017,0.13053
trial_000385,SUBJ_020,32,800,850,4.245,2,pinch_precision,0.9985,2,pinch_precision,True,0.03612,0.04017,0.25017,0.17999,0.10256
trial_000385,SUBJ_020,33,825,875,4.37,2,pinch_precision,0.9957,2,pinch_precision,True,0.0265,0.02911,0.1865,0.13383,0.07659
trial_000385,SUBJ_020,34,850,900,4.495,2,pinch_precision,0.9755,2,pinch_precision,True,0.01815,0.0197,0.12959,0.09277,0.05331
trial_000385,SUBJ_020,35,875,925,4.62,2,pinch_precision,0.8486,2,pinch_precision,True,0.01119,0.01201,0.08103,0.05788,0.03338
trial_000385,SUBJ_020,36,900,950,4.745,2,pinch_precision,0.7239,2,pinch_precision,True,0.00579,0.00614,0.04244,0.03025,0.01751
trial_000385,SUBJ_020,37,925,975,4.87,2,pinch_precision,0.8207,2,pinch_precision,True,0.00208,0.00218,0.0154,0.01096,0.00636
trial_000385,SUBJ_020,38,950,1000,4.995,2,pinch_precision,0.9518,2,pinch_precision,True,0.0002,0.00021,0.00153,0.00108,0.00063
trial_000386,SUBJ_020,0,0,50,0.245,2,pinch_precision,0.9982,2,pinch_precision,True,0.01019,0.01502,0.03279,0.0288,0.01161
trial_000386,SUBJ_020,1,25,75,0.37,2,pinch_precision,0.9987,2,pinch_precision,True,0.02219,0.03263,0.07162,0.06277,0.02552
trial_000386,SUBJ_020,2,50,100,0.495,2,pinch_precision,0.9985,2,pinch_precision,True,0.03782,0.0555,0.12251,0.10712,0.04395
trial_000386,SUBJ_020,3,75,125,0.62,2,pinch_precision,0.9983,2,pinch_precision,True,0.05636,0.0825,0.1833,0.15986,0.06627
trial_000386,SUBJ_020,4,100,150,0.745,2,pinch_precision,0.9981,2,pinch_precision,True,0.0771,0.11252,0.25182,0.21898,0.0918
trial_000386,SUBJ_020,5,125,175,0.87,2,pinch_precision,0.9978,2,pinch_precision,True,0.09929,0.14446,0.32589,0.28248,0.11989
trial_000386,SUBJ_020,6,150,200,0.995,2,pinch_precision,0.9976,2,pinch_precision,True,0.12223,0.17719,0.40334,0.34837,0.14988
trial_000386,SUBJ_020,7,175,225,1.12,2,pinch_precision,0.9976,2,pinch_precision,True,0.14519,0.2096,0.48201,0.41464,0.18112
trial_000386,SUBJ_020,8,200,250,1.245,2,pinch_precision,0.9976,2,pinch_precision,True,0.16744,0.24059,0.55972,0.4793,0.21296
trial_000386,SUBJ_020,9,225,275,1.37,2,pinch_precision,0.9974,2,pinch_precision,True,0.18826,0.26903,0.6343,0.54035,0.24473
trial_000386,SUBJ_020,10,250,300,1.495,2,pinch_precision,0.997,2,pinch_precision,True,0.20693,0.29381,0.70359,0.59578,0.27579
trial_000386,SUBJ_020,11,275,325,1.62,2,pinch_precision,0.9967,2,pinch_precision,True,0.2228,0.31395,0.76561,0.64381,0.30549
trial_000386,SUBJ_020,12,300,350,1.745,2,pinch_precision,0.9971,2,pinch_precision,True,0.23575,0.32937,0.81967,0.68401,0.3334
trial_000386,SUBJ_020,13,325,375,1.87,2,pinch_precision,0.9976,2,pinch_precision,True,0.24588,0.34032,0.86562,0.71649,0.35914
trial_000386,SUBJ_020,14,350,400,1.995,2,pinch_precision,0.9983,2,pinch_precision,True,0.25326,0.34708,0.9033,0.7414,0.38233
trial_000386,SUBJ_020,15,375,425,2.12,2,pinch_precision,0.9987,2,pinch_precision,True,0.25799,0.3499,0.93255,0.75884,0.4026
trial_000386,SUBJ_020,16,400,450,2.245,2,pinch_precision,0.9989,2,pinch_precision,True,0.26017,0.34906,0.9532,0.76894,0.41957
trial_000386,SUBJ_020,17,425,475,2.37,2,pinch_precision,0.9987,2,pinch_precision,True,0.25987,0.34482,0.96509,0.77184,0.43287
trial_000386,SUBJ_020,18,450,500,2.495,2,pinch_precision,0.9964,2,pinch_precision,True,0.2572,0.33745,0.96808,0.76764,0.44213
trial_000386,SUBJ_020,19,475,525,2.62,2,pinch_precision,0.9749,2,pinch_precision,True,0.25223,0.32721,0.96199,0.75648,0.44696
trial_000386,SUBJ_020,20,500,550,2.745,2,pinch_precision,0.9948,2,pinch_precision,True,0.24507,0.31436,0.94666,0.73848,0.447
trial_000386,SUBJ_020,21,525,575,2.87,2,pinch_precision,0.9985,2,pinch_precision,True,0.2358,0.29918,0.92194,0.71376,0.44186
trial_000386,SUBJ_020,22,550,600,2.995,2,pinch_precision,0.9976,2,pinch_precision,True,0.22451,0.28193,0.88767,0.68245,0.43118
trial_000386,SUBJ_020,23,575,625,3.12,2,pinch_precision,0.9964,2,pinch_precision,True,0.21131,0.26289,0.84379,0.64473,0.41466
trial_000386,SUBJ_020,24,600,650,3.245,2,pinch_precision,0.9958,2,pinch_precision,True,0.19644,0.24237,0.79124,0.60134,0.39273
trial_000386,SUBJ_020,25,625,675,3.37,2,pinch_precision,0.9956,2,pinch_precision,True,0.18024,0.22074,0.73156,0.55337,0.36625
trial_000386,SUBJ_020,26,650,700,3.495,2,pinch_precision,0.9956,2,pinch_precision,True,0.16305,0.19835,0.66627,0.50189,0.33608
trial_000386,SUBJ_020,27,675,725,3.62,2,pinch_precision,0.9957,2,pinch_precision,True,0.14519,0.17555,0.59689,0.44796,0.3031
trial_000386,SUBJ_020,28,700,750,3.745,2,pinch_precision,0.9959,2,pinch_precision,True,0.127,0.15271,0.52497,0.39267,0.26815
trial_000386,SUBJ_020,29,725,775,3.87,2,pinch_precision,0.996,2,pinch_precision,True,0.10881,0.13019,0.45202,0.33708,0.23211
trial_000386,SUBJ_020,30,750,800,3.995,2,pinch_precision,0.9964,2,pinch_precision,True,0.09097,0.10833,0.37957,0.28228,0.19584
trial_000386,SUBJ_020,31,775,825,4.12,2,pinch_precision,0.9967,2,pinch_precision,True,0.07379,0.0875,0.30915,0.22934,0.16019
trial_000386,SUBJ_020,32,800,850,4.245,2,pinch_precision,0.997,2,pinch_precision,True,0.05761,0.06805,0.24229,0.17933,0.12604
trial_000386,SUBJ_020,33,825,875,4.37,2,pinch_precision,0.9976,2,pinch_precision,True,0.04278,0.05035,0.18052,0.13334,0.09424
trial_000386,SUBJ_020,34,850,900,4.495,2,pinch_precision,0.9977,2,pinch_precision,True,0.02961,0.03474,0.12537,0.09242,0.06566
trial_000386,SUBJ_020,35,875,925,4.62,2,pinch_precision,0.9978,2,pinch_precision,True,0.01846,0.02158,0.07836,0.05766,0.04116
trial_000386,SUBJ_020,36,900,950,4.745,2,pinch_precision,0.9959,2,pinch_precision,True,0.00963,0.01123,0.04102,0.03014,0.02161
trial_000386,SUBJ_020,37,925,975,4.87,2,pinch_precision,0.9841,2,pinch_precision,True,0.00349,0.00405,0.01488,0.01092,0.00786
trial_000386,SUBJ_020,38,950,1000,4.995,2,pinch_precision,0.9622,2,pinch_precision,True,0.00034,0.0004,0.00147,0.00108,0.00078
trial_000387,SUBJ_020,0,0,50,0.245,2,pinch_precision,0.9981,2,pinch_precision,True,0.0108,0.01477,0.03814,0.02998,0.01262
trial_000387,SUBJ_020,1,25,75,0.37,2,pinch_precision,0.9986,2,pinch_precision,True,0.02345,0.03211,0.08313,0.06533,0.02764
trial_000387,SUBJ_020,2,50,100,0.495,2,pinch_precision,0.9985,2,pinch_precision,True,0.03986,0.05463,0.14189,0.1115,0.04744
trial_000387,SUBJ_020,3,75,125,0.62,2,pinch_precision,0.9983,2,pinch_precision,True,0.05923,0.08127,0.21177,0.16641,0.07123
trial_000387,SUBJ_020,4,100,150,0.745,2,pinch_precision,0.998,2,pinch_precision,True,0.08074,0.11093,0.29014,0.22798,0.09822
trial_000387,SUBJ_020,5,125,175,0.87,2,pinch_precision,0.9977,2,pinch_precision,True,0.1036,0.14253,0.37436,0.29413,0.12765
trial_000387,SUBJ_020,6,150,200,0.995,2,pinch_precision,0.9978,2,pinch_precision,True,0.12698,0.17499,0.46178,0.36279,0.15874
trial_000387,SUBJ_020,7,175,225,1.12,2,pinch_precision,0.9977,2,pinch_precision,True,0.1501,0.20722,0.54976,0.43187,0.19069
trial_000387,SUBJ_020,8,200,250,1.245,2,pinch_precision,0.9976,2,pinch_precision,True,0.17213,0.23815,0.63566,0.49931,0.22274
trial_000387,SUBJ_020,9,225,275,1.37,2,pinch_precision,0.9972,2,pinch_precision,True,0.19228,0.26668,0.71685,0.56302,0.25409
trial_000387,SUBJ_020,10,250,300,1.495,2,pinch_precision,0.9969,2,pinch_precision,True,0.20974,0.29173,0.79068,0.62093,0.28399
trial_000387,SUBJ_020,11,275,325,1.62,2,pinch_precision,0.9967,2,pinch_precision,True,0.2238,0.31236,0.85479,0.67118,0.31168
trial_000387,SUBJ_020,12,300,350,1.745,2,pinch_precision,0.9969,2,pinch_precision,True,0.2344,0.32844,0.90859,0.7133,0.33683
trial_000387,SUBJ_020,13,325,375,1.87,2,pinch_precision,0.9978,2,pinch_precision,True,0.24175,0.34021,0.95223,0.74743,0.35919
trial_000387,SUBJ_020,14,350,400,1.995,2,pinch_precision,0.9984,2,pinch_precision,True,0.24607,0.34789,0.98585,0.77368,0.37856
trial_000387,SUBJ_020,15,375,425,2.12,2,pinch_precision,0.9988,2,pinch_precision,True,0.24755,0.35171,1.00959,0.79217,0.39472
trial_000387,SUBJ_020,16,400,450,2.245,2,pinch_precision,0.9989,2,pinch_precision,True,0.24642,0.3519,1.0236,0.80301,0.40744
trial_000387,SUBJ_020,17,425,475,2.37,2,pinch_precision,0.9982,2,pinch_precision,True,0.24287,0.34869,1.02802,0.80632,0.41651
trial_000387,SUBJ_020,18,450,500,2.495,2,pinch_precision,0.9934,2,pinch_precision,True,0.23712,0.3423,1.023,0.80223,0.42172
trial_000387,SUBJ_020,19,475,525,2.62,2,pinch_precision,0.9878,2,pinch_precision,True,0.22938,0.33296,1.00868,0.79085,0.42283
trial_000387,SUBJ_020,20,500,550,2.745,2,pinch_precision,0.9985,2,pinch_precision,True,0.21984,0.32091,0.9852,0.7723,0.41963
trial_000387,SUBJ_020,21,525,575,2.87,2,pinch_precision,0.9982,2,pinch_precision,True,0.20873,0.30636,0.9527,0.7467,0.4119
trial_000387,SUBJ_020,22,550,600,2.995,2,pinch_precision,0.9972,2,pinch_precision,True,0.19625,0.28956,0.91133,0.71416,0.39943
trial_000387,SUBJ_020,23,575,625,3.12,2,pinch_precision,0.9964,2,pinch_precision,True,0.18262,0.27072,0.86132,0.67487,0.38205
trial_000387,SUBJ_020,24,600,650,3.245,2,pinch_precision,0.9959,2,pinch_precision,True,0.16805,0.25019,0.80365,0.62961,0.36018
trial_000387,SUBJ_020,25,625,675,3.37,2,pinch_precision,0.9957,2,pinch_precision,True,0.15279,0.22836,0.73978,0.57951,0.33457
trial_000387,SUBJ_020,26,650,700,3.495,2,pinch_precision,0.9958,2,pinch_precision,True,0.13708,0.2056,0.67114,0.52569,0.30596
trial_000387,SUBJ_020,27,675,725,3.62,2,pinch_precision,0.9961,2,pinch_precision,True,0.12116,0.1823,0.59918,0.46928,0.27509
trial_000387,SUBJ_020,28,700,750,3.745,2,pinch_precision,0.9963,2,pinch_precision,True,0.10526,0.15884,0.52534,0.41142,0.24272
trial_000387,SUBJ_020,29,725,775,3.87,2,pinch_precision,0.9966,2,pinch_precision,True,0.08963,0.13561,0.45107,0.35323,0.2096
trial_000387,SUBJ_020,30,750,800,3.995,2,pinch_precision,0.997,2,pinch_precision,True,0.0745,0.113,0.37781,0.29584,0.17646
trial_000387,SUBJ_020,31,775,825,4.12,2,pinch_precision,0.9973,2,pinch_precision,True,0.06012,0.09139,0.30701,0.24038,0.14407
trial_000387,SUBJ_020,32,800,850,4.245,2,pinch_precision,0.9977,2,pinch_precision,True,0.04671,0.07116,0.2401,0.18799,0.11315
trial_000387,SUBJ_020,33,825,875,4.37,2,pinch_precision,0.998,2,pinch_precision,True,0.03453,0.0527,0.17854,0.13978,0.08447
trial_000387,SUBJ_020,34,850,900,4.495,2,pinch_precision,0.9982,2,pinch_precision,True,0.0238,0.0364,0.12377,0.0969,0.05877
trial_000387,SUBJ_020,35,875,925,4.62,2,pinch_precision,0.9978,2,pinch_precision,True,0.01478,0.02263,0.07723,0.06046,0.03679
trial_000387,SUBJ_020,36,900,950,4.745,2,pinch_precision,0.994,2,pinch_precision,True,0.00769,0.01179,0.04037,0.0316,0.01929
trial_000387,SUBJ_020,37,925,975,4.87,2,pinch_precision,0.9805,2,pinch_precision,True,0.00277,0.00426,0.01462,0.01145,0.00701
trial_000387,SUBJ_020,38,950,1000,4.995,2,pinch_precision,0.9654,2,pinch_precision,True,0.00027,0.00042,0.00145,0.00113,0.00069
trial_000388,SUBJ_020,0,0,50,0.245,2,pinch_precision,0.9972,2,pinch_precision,True,0.0093,0.01187,0.03874,0.02845,0.01248
trial_000388,SUBJ_020,1,25,75,0.37,2,pinch_precision,0.9985,2,pinch_precision,True,0.02024,0.02594,0.08439,0.06208,0.02733
trial_000388,SUBJ_020,2,50,100,0.495,2,pinch_precision,0.9987,2,pinch_precision,True,0.03449,0.0444,0.14396,0.10607,0.04687
trial_000388,SUBJ_020,3,75,125,0.62,2,pinch_precision,0.9986,2,pinch_precision,True,0.05139,0.06649,0.21473,0.15849,0.07034
trial_000388,SUBJ_020,4,100,150,0.745,2,pinch_precision,0.9984,2,pinch_precision,True,0.07027,0.09143,0.29398,0.21743,0.09693
trial_000388,SUBJ_020,5,125,175,0.87,2,pinch_precision,0.9983,2,pinch_precision,True,0.09046,0.11844,0.37902,0.28093,0.12589
trial_000388,SUBJ_020,6,150,200,0.995,2,pinch_precision,0.9982,2,pinch_precision,True,0.11131,0.14677,0.46713,0.34709,0.15642
trial_000388,SUBJ_020,7,175,225,1.12,2,pinch_precision,0.9982,2,pinch_precision,True,0.13214,0.17562,0.5556,0.41397,0.18774
trial_000388,SUBJ_020,8,200,250,1.245,2,pinch_precision,0.9981,2,pinch_precision,True,0.15229,0.20424,0.64171,0.47963,0.21907
trial_000388,SUBJ_020,9,225,275,1.37,2,pinch_precision,0.9981,2,pinch_precision,True,0.17111,0.23184,0.72275,0.54216,0.24964
trial_000388,SUBJ_020,10,250,300,1.495,2,pinch_precision,0.998,2,pinch_precision,True,0.18791,0.25767,0.79602,0.59962,0.27866
trial_000388,SUBJ_020,11,275,325,1.62,2,pinch_precision,0.9979,2,pinch_precision,True,0.20213,0.281,0.85909,0.65027,0.30541
trial_000388,SUBJ_020,12,300,350,1.745,2,pinch_precision,0.9981,2,pinch_precision,True,0.21364,0.30156,0.91142,0.6936,0.32954
trial_000388,SUBJ_020,13,325,375,1.87,2,pinch_precision,0.9983,2,pinch_precision,True,0.22254,0.31928,0.95325,0.72961,0.35087
trial_000388,SUBJ_020,14,350,400,1.995,2,pinch_precision,0.9986,2,pinch_precision,True,0.22893,0.33404,0.9848,0.75828,0.36921
trial_000388,SUBJ_020,15,375,425,2.12,2,pinch_precision,0.9988,2,pinch_precision,True,0.2329,0.34576,1.00631,0.7796,0.38436
trial_000388,SUBJ_020,16,400,450,2.245,2,pinch_precision,0.9988,2,pinch_precision,True,0.23455,0.35434,1.01799,0.79358,0.39613
trial_000388,SUBJ_020,17,425,475,2.37,2,pinch_precision,0.9983,2,pinch_precision,True,0.23396,0.35969,1.02009,0.80019,0.40434
trial_000388,SUBJ_020,18,450,500,2.495,2,pinch_precision,0.998,2,pinch_precision,True,0.23123,0.36171,1.01283,0.79943,0.4088
trial_000388,SUBJ_020,19,475,525,2.62,2,pinch_precision,0.9976,2,pinch_precision,True,0.22645,0.3603,0.99644,0.79129,0.40931
trial_000388,SUBJ_020,20,500,550,2.745,2,pinch_precision,0.9982,2,pinch_precision,True,0.21972,0.35538,0.97116,0.77576,0.40569
trial_000388,SUBJ_020,21,525,575,2.87,2,pinch_precision,0.998,2,pinch_precision,True,0.21113,0.34685,0.9372,0.75284,0.39775
trial_000388,SUBJ_020,22,550,600,2.995,2,pinch_precision,0.9973,2,pinch_precision,True,0.20078,0.33462,0.8948,0.7225,0.38529
trial_000388,SUBJ_020,23,575,625,3.12,2,pinch_precision,0.9963,2,pinch_precision,True,0.18876,0.31862,0.84426,0.68483,0.36818
trial_000388,SUBJ_020,24,600,650,3.245,2,pinch_precision,0.9956,2,pinch_precision,True,0.17531,0.29923,0.78657,0.64059,0.34683
trial_000388,SUBJ_020,25,625,675,3.37,2,pinch_precision,0.9953,2,pinch_precision,True,0.16072,0.27702,0.72311,0.59099,0.32195
trial_000388,SUBJ_020,26,650,700,3.495,2,pinch_precision,0.9951,2,pinch_precision,True,0.14527,0.25258,0.65525,0.53722,0.29424
trial_000388,SUBJ_020,27,675,725,3.62,2,pinch_precision,0.9951,2,pinch_precision,True,0.12927,0.22651,0.58438,0.48046,0.26441
trial_000388,SUBJ_020,28,700,750,3.745,2,pinch_precision,0.9952,2,pinch_precision,True,0.11301,0.1994,0.51189,0.42192,0.23319
trial_000388,SUBJ_020,29,725,775,3.87,2,pinch_precision,0.9952,2,pinch_precision,True,0.09677,0.17183,0.43914,0.36279,0.20128
trial_000388,SUBJ_020,30,750,800,3.995,2,pinch_precision,0.9952,2,pinch_precision,True,0.08085,0.1444,0.36754,0.30426,0.1694
trial_000388,SUBJ_020,31,775,825,4.12,2,pinch_precision,0.9954,2,pinch_precision,True,0.06555,0.11769,0.29845,0.24753,0.13825
trial_000388,SUBJ_020,32,800,850,4.245,2,pinch_precision,0.9951,2,pinch_precision,True,0.05116,0.09229,0.23326,0.1938,0.10855
trial_000388,SUBJ_020,33,825,875,4.37,2,pinch_precision,0.9955,2,pinch_precision,True,0.03797,0.0688,0.17335,0.14425,0.08101
trial_000388,SUBJ_020,34,850,900,4.495,2,pinch_precision,0.9958,2,pinch_precision,True,0.02628,0.0478,0.1201,0.10009,0.05635
trial_000388,SUBJ_020,35,875,925,4.62,2,pinch_precision,0.996,2,pinch_precision,True,0.01637,0.02989,0.0749,0.06251,0.03527
trial_000388,SUBJ_020,36,900,950,4.745,2,pinch_precision,0.996,2,pinch_precision,True,0.00854,0.01566,0.03913,0.0327,0.01849
trial_000388,SUBJ_020,37,925,975,4.87,2,pinch_precision,0.989,2,pinch_precision,True,0.00309,0.00568,0.01417,0.01185,0.00672
trial_000388,SUBJ_020,38,950,1000,4.995,2,pinch_precision,0.9582,2,pinch_precision,True,0.00031,0.00056,0.0014,0.00117,0.00067
trial_000389,SUBJ_020,0,0,50,0.245,2,pinch_precision,0.998,2,pinch_precision,True,0.00716,0.01682,0.03651,0.02584,0.01281
trial_000389,SUBJ_020,1,25,75,0.37,2,pinch_precision,0.9986,2,pinch_precision,True,0.01566,0.03652,0.07961,0.05654,0.02807
trial_000389,SUBJ_020,2,50,100,0.495,2,pinch_precision,0.9985,2,pinch_precision,True,0.0268,0.06206,0.13593,0.0969,0.0482
trial_000389,SUBJ_020,3,75,125,0.62,2,pinch_precision,0.9984,2,pinch_precision,True,0.04013,0.09219,0.20298,0.1453,0.07242
trial_000389,SUBJ_020,4,100,150,0.745,2,pinch_precision,0.9982,2,pinch_precision,True,0.05516,0.12564,0.27825,0.20009,0.09994
trial_000389,SUBJ_020,5,125,175,0.87,2,pinch_precision,0.998,2,pinch_precision,True,0.07145,0.16116,0.35922,0.25963,0.12998
trial_000389,SUBJ_020,6,150,200,0.995,2,pinch_precision,0.9979,2,pinch_precision,True,0.08851,0.19747,0.44341,0.32227,0.16176
trial_000389,SUBJ_020,7,175,225,1.12,2,pinch_precision,0.9979,2,pinch_precision,True,0.10588,0.23332,0.52829,0.38639,0.1945
trial_000389,SUBJ_020,8,200,250,1.245,2,pinch_precision,0.9978,2,pinch_precision,True,0.1231,0.26745,0.61138,0.45034,0.22743
trial_000389,SUBJ_020,9,225,275,1.37,2,pinch_precision,0.9977,2,pinch_precision,True,0.13968,0.29859,0.69015,0.51248,0.25975
trial_000389,SUBJ_020,10,250,300,1.495,2,pinch_precision,0.9974,2,pinch_precision,True,0.15518,0.32549,0.7621,0.57118,0.29069
trial_000389,SUBJ_020,11,275,325,1.62,2,pinch_precision,0.9973,2,pinch_precision,True,0.16915,0.34703,0.82499,0.62491,0.31951
trial_000389,SUBJ_020,12,300,350,1.745,2,pinch_precision,0.9973,2,pinch_precision,True,0.18143,0.36315,0.87822,0.67302,0.34584
trial_000389,SUBJ_020,13,325,375,1.87,2,pinch_precision,0.9975,2,pinch_precision,True,0.19199,0.37418,0.92186,0.71517,0.36941
trial_000389,SUBJ_020,14,350,400,1.995,2,pinch_precision,0.9982,2,pinch_precision,True,0.20075,0.38046,0.95598,0.75105,0.38997
trial_000389,SUBJ_020,15,375,425,2.12,2,pinch_precision,0.9987,2,pinch_precision,True,0.20768,0.38233,0.98066,0.78031,0.40729
trial_000389,SUBJ_020,16,400,450,2.245,2,pinch_precision,0.9989,2,pinch_precision,True,0.21271,0.38012,0.99598,0.80265,0.42109
trial_000389,SUBJ_020,17,425,475,2.37,2,pinch_precision,0.9988,2,pinch_precision,True,0.21581,0.37419,1.00201,0.81773,0.43113
trial_000389,SUBJ_020,18,450,500,2.495,2,pinch_precision,0.9975,2,pinch_precision,True,0.2169,0.36486,0.99881,0.82523,0.43716
trial_000389,SUBJ_020,19,475,525,2.62,2,pinch_precision,0.9895,2,pinch_precision,True,0.21595,0.35248,0.98648,0.82482,0.43893
trial_000389,SUBJ_020,20,500,550,2.745,2,pinch_precision,0.9952,2,pinch_precision,True,0.2129,0.33739,0.96508,0.81617,0.43619
trial_000389,SUBJ_020,21,525,575,2.87,2,pinch_precision,0.9986,2,pinch_precision,True,0.20769,0.31992,0.93469,0.79897,0.42868
trial_000389,SUBJ_020,22,550,600,2.995,2,pinch_precision,0.9976,2,pinch_precision,True,0.20028,0.30042,0.89538,0.77287,0.41616
trial_000389,SUBJ_020,23,575,625,3.12,2,pinch_precision,0.9966,2,pinch_precision,True,0.19064,0.27922,0.84731,0.73767,0.39843
trial_000389,SUBJ_020,24,600,650,3.245,2,pinch_precision,0.9959,2,pinch_precision,True,0.17898,0.25668,0.79145,0.69418,0.37593
trial_000389,SUBJ_020,25,625,675,3.37,2,pinch_precision,0.9954,2,pinch_precision,True,0.16565,0.23316,0.72926,0.64379,0.34944
trial_000389,SUBJ_020,26,650,700,3.495,2,pinch_precision,0.9957,2,pinch_precision,True,0.151,0.209,0.66217,0.58792,0.31975
trial_000389,SUBJ_020,27,675,725,3.62,2,pinch_precision,0.9957,2,pinch_precision,True,0.13539,0.18458,0.59163,0.52796,0.28765
trial_000389,SUBJ_020,28,700,750,3.745,2,pinch_precision,0.996,2,pinch_precision,True,0.11916,0.16025,0.51908,0.46533,0.25392
trial_000389,SUBJ_020,29,725,775,3.87,2,pinch_precision,0.9962,2,pinch_precision,True,0.10266,0.13636,0.44597,0.40144,0.21936
trial_000389,SUBJ_020,30,750,800,3.995,2,pinch_precision,0.9966,2,pinch_precision,True,0.08626,0.11327,0.37376,0.33768,0.18476
trial_000389,SUBJ_020,31,775,825,4.12,2,pinch_precision,0.9969,2,pinch_precision,True,0.07029,0.09135,0.30387,0.27546,0.15089
trial_000389,SUBJ_020,32,800,850,4.245,2,pinch_precision,0.9972,2,pinch_precision,True,0.05512,0.07094,0.23776,0.2162,0.11855
trial_000389,SUBJ_020,33,825,875,4.37,2,pinch_precision,0.9976,2,pinch_precision,True,0.04108,0.05241,0.17688,0.16129,0.08852
trial_000389,SUBJ_020,34,850,900,4.495,2,pinch_precision,0.9979,2,pinch_precision,True,0.02854,0.03612,0.12267,0.11215,0.0616
trial_000389,SUBJ_020,35,875,925,4.62,2,pinch_precision,0.9978,2,pinch_precision,True,0.01785,0.02241,0.07657,0.07017,0.03858
trial_000389,SUBJ_020,36,900,950,4.745,2,pinch_precision,0.9951,2,pinch_precision,True,0.00935,0.01165,0.04004,0.03677,0.02023
trial_000389,SUBJ_020,37,925,975,4.87,2,pinch_precision,0.983,2,pinch_precision,True,0.00339,0.0042,0.01451,0.01335,0.00735
trial_000389,SUBJ_020,38,950,1000,4.995,2,pinch_precision,0.9605,2,pinch_precision,True,0.00034,0.00041,0.00144,0.00132,0.00073
trial_000390,SUBJ_020,0,0,50,0.245,3,wrist_rotation_wave,0.9959,3,wrist_rotation_wave,True,0.15783,0.03317,0.02157,0.04395,0.02333
trial_000390,SUBJ_020,1,25,75,0.37,3,wrist_rotation_wave,0.998,3,wrist_rotation_wave,True,0.32034,0.06804,0.05002,0.09701,0.05233
trial_000390,SUBJ_020,2,50,100,0.495,3,wrist_rotation_wave,0.9984,3,wrist_rotation_wave,True,0.5024,0.10817,0.09099,0.16785,0.09208
trial_000390,SUBJ_020,3,75,125,0.62,3,wrist_rotation_wave,0.9983,3,wrist_rotation_wave,True,0.6769,0.14833,0.14503,0.25424,0.14198
trial_000390,SUBJ_020,4,100,150,0.745,3,wrist_rotation_wave,0.9982,3,wrist_rotation_wave,True,0.81667,0.18331,0.21272,0.35398,0.20143
trial_000390,SUBJ_020,5,125,175,0.87,3,wrist_rotation_wave,0.9979,3,wrist_rotation_wave,True,0.89459,0.20791,0.2946,0.46485,0.26982
trial_000390,SUBJ_020,6,150,200,0.995,3,wrist_rotation_wave,0.9974,3,wrist_rotation_wave,True,0.88351,0.21691,0.39124,0.58464,0.34656
trial_000390,SUBJ_020,7,175,225,1.12,3,wrist_rotation_wave,0.9968,3,wrist_rotation_wave,True,0.76287,0.20626,0.50215,0.71054,0.43046
trial_000390,SUBJ_020,8,200,250,1.245,3,wrist_rotation_wave,0.9979,3,wrist_rotation_wave,True,0.55014,0.17859,0.6209,0.83631,0.517
trial_000390,SUBJ_020,9,225,275,1.37,3,wrist_rotation_wave,0.9984,3,wrist_rotation_wave,True,0.27642,0.13891,0.73888,0.95449,0.60047
trial_000390,SUBJ_020,10,250,300,1.495,3,wrist_rotation_wave,0.9984,3,wrist_rotation_wave,True,-0.0272,0.09225,0.84751,1.05763,0.67514
trial_000390,SUBJ_020,11,275,325,1.62,3,wrist_rotation_wave,0.9984,3,wrist_rotation_wave,True,-0.32959,0.04363,0.93817,1.13827,0.73531
trial_000390,SUBJ_020,12,300,350,1.745,3,wrist_rotation_wave,0.9984,3,wrist_rotation_wave,True,-0.59965,-0.00192,1.00229,1.18893,0.77525
trial_000390,SUBJ_020,13,325,375,1.87,3,wrist_rotation_wave,0.9983,3,wrist_rotation_wave,True,-0.80627,-0.03939,1.03125,1.20216,0.78925
trial_000390,SUBJ_020,14,350,400,1.995,3,wrist_rotation_wave,0.997,3,wrist_rotation_wave,True,-0.91834,-0.06374,1.01648,1.17049,0.77159
trial_000390,SUBJ_020,15,375,425,2.12,3,wrist_rotation_wave,0.9978,3,wrist_rotation_wave,True,-0.90984,-0.07074,0.95143,1.08853,0.71802
trial_000390,SUBJ_020,16,400,450,2.245,3,wrist_rotation_wave,0.9985,3,wrist_rotation_wave,True,-0.79276,-0.06195,0.84506,0.96623,0.63534
trial_000390,SUBJ_020,17,425,475,2.37,3,wrist_rotation_wave,0.9986,3,wrist_rotation_wave,True,-0.59629,-0.04158,0.71329,0.8205,0.53528
trial_000390,SUBJ_020,18,450,500,2.495,3,wrist_rotation_wave,0.9986,3,wrist_rotation_wave,True,-0.34968,-0.01385,0.57209,0.66829,0.42963
trial_000390,SUBJ_020,19,475,525,2.62,3,wrist_rotation_wave,0.9986,3,wrist_rotation_wave,True,-0.0822,0.01704,0.43741,0.52654,0.33017
trial_000390,SUBJ_020,20,500,550,2.745,3,wrist_rotation_wave,0.9983,3,wrist_rotation_wave,True,0.1769,0.04687,0.32523,0.41219,0.24868
trial_000390,SUBJ_020,21,525,575,2.87,3,wrist_rotation_wave,0.9983,3,wrist_rotation_wave,True,0.39835,0.07142,0.2515,0.34218,0.19694
trial_000390,SUBJ_020,22,550,600,2.995,3,wrist_rotation_wave,0.9982,3,wrist_rotation_wave,True,0.55289,0.08649,0.23218,0.33345,0.18673
trial_000390,SUBJ_020,23,575,625,3.12,3,wrist_rotation_wave,0.998,3,wrist_rotation_wave,True,0.61433,0.0883,0.28103,0.40049,0.22815
trial_000390,SUBJ_020,24,600,650,3.245,3,wrist_rotation_wave,0.9972,3,wrist_rotation_wave,True,0.58653,0.07757,0.38997,0.53364,0.31488
trial_000390,SUBJ_020,25,625,675,3.37,3,wrist_rotation_wave,0.9971,3,wrist_rotation_wave,True,0.49032,0.05751,0.53865,0.70957,0.43129
trial_000390,SUBJ_020,26,650,700,3.495,3,wrist_rotation_wave,0.9984,3,wrist_rotation_wave,True,0.34676,0.03138,0.70653,0.90484,0.56166
trial_000390,SUBJ_020,27,675,725,3.62,3,wrist_rotation_wave,0.998,3,wrist_rotation_wave,True,0.17688,0.00243,0.8731,1.09597,0.69027
trial_000390,SUBJ_020,28,700,750,3.745,3,wrist_rotation_wave,0.9951,3,wrist_rotation_wave,True,0.00172,-0.0261,1.01784,1.2595,0.8014
trial_000390,SUBJ_020,29,725,775,3.87,3,wrist_rotation_wave,0.9911,3,wrist_rotation_wave,True,-0.15767,-0.05094,1.12024,1.37197,0.87932
trial_000390,SUBJ_020,30,750,800,3.995,3,wrist_rotation_wave,0.9979,3,wrist_rotation_wave,True,-0.28025,-0.06886,1.15977,1.4099,0.9083
trial_000390,SUBJ_020,31,775,825,4.12,3,wrist_rotation_wave,0.997,3,wrist_rotation_wave,True,-0.34646,-0.07684,1.11778,1.35201,0.87406
trial_000390,SUBJ_020,32,800,850,4.245,3,wrist_rotation_wave,0.9978,3,wrist_rotation_wave,True,-0.35624,-0.07509,1.00011,1.20553,0.78123
trial_000390,SUBJ_020,33,825,875,4.37,3,wrist_rotation_wave,0.9982,3,wrist_rotation_wave,True,-0.32325,-0.0661,0.82984,0.99781,0.64774
trial_000390,SUBJ_020,34,850,900,4.495,3,wrist_rotation_wave,0.9976,3,wrist_rotation_wave,True,-0.26142,-0.05239,0.63039,0.75657,0.49178
trial_000390,SUBJ_020,35,875,925,4.62,3,wrist_rotation_wave,0.9966,3,wrist_rotation_wave,True,-0.18469,-0.03648,0.4252,0.50956,0.33156
trial_000390,SUBJ_020,36,900,950,4.745,3,wrist_rotation_wave,0.9954,3,wrist_rotation_wave,True,-0.10701,-0.02091,0.23771,0.28453,0.18529
trial_000390,SUBJ_020,37,925,975,4.87,3,wrist_rotation_wave,0.9977,3,wrist_rotation_wave,True,-0.0423,-0.0082,0.09133,0.10921,0.07117
trial_000390,SUBJ_020,38,950,1000,4.995,3,wrist_rotation_wave,0.9982,3,wrist_rotation_wave,True,-0.00451,-0.00087,0.00951,0.01137,0.00741
trial_000391,SUBJ_020,0,0,50,0.245,3,wrist_rotation_wave,0.9959,3,wrist_rotation_wave,True,0.15872,0.03351,0.02017,0.04321,0.01213
trial_000391,SUBJ_020,1,25,75,0.37,3,wrist_rotation_wave,0.9981,3,wrist_rotation_wave,True,0.32249,0.06837,0.04712,0.09558,0.02941
trial_000391,SUBJ_020,2,50,100,0.495,3,wrist_rotation_wave,0.9985,3,wrist_rotation_wave,True,0.50646,0.10795,0.08634,0.16576,0.05579
trial_000391,SUBJ_020,3,75,125,0.62,3,wrist_rotation_wave,0.9984,3,wrist_rotation_wave,True,0.68358,0.14672,0.13859,0.25171,0.09244
trial_000391,SUBJ_020,4,100,150,0.745,3,wrist_rotation_wave,0.9983,3,wrist_rotation_wave,True,0.82679,0.17916,0.20463,0.35142,0.14059
trial_000391,SUBJ_020,5,125,175,0.87,3,wrist_rotation_wave,0.998,3,wrist_rotation_wave,True,0.90902,0.19975,0.28524,0.46283,0.20142
trial_000391,SUBJ_020,6,150,200,0.995,3,wrist_rotation_wave,0.9974,3,wrist_rotation_wave,True,0.9032,0.20298,0.38117,0.58393,0.27614
trial_000391,SUBJ_020,7,175,225,1.12,3,wrist_rotation_wave,0.997,3,wrist_rotation_wave,True,0.78883,0.1846,0.4921,0.71206,0.36497
trial_000391,SUBJ_020,8,200,250,1.245,3,wrist_rotation_wave,0.9979,3,wrist_rotation_wave,True,0.58313,0.14776,0.61144,0.8409,0.46247
trial_000391,SUBJ_020,9,225,275,1.37,3,wrist_rotation_wave,0.9984,3,wrist_rotation_wave,True,0.31691,0.09827,0.73032,0.96286,0.56117
trial_000391,SUBJ_020,10,250,300,1.495,3,wrist_rotation_wave,0.9983,3,wrist_rotation_wave,True,0.02094,0.04194,0.83988,1.07032,0.65359
trial_000391,SUBJ_020,11,275,325,1.62,3,wrist_rotation_wave,0.9984,3,wrist_rotation_wave,True,-0.27396,-0.01542,0.93128,1.15568,0.73226
trial_000391,SUBJ_020,12,300,350,1.745,3,wrist_rotation_wave,0.9983,3,wrist_rotation_wave,True,-0.537,-0.06802,0.99563,1.21132,0.7897
trial_000391,SUBJ_020,13,325,375,1.87,3,wrist_rotation_wave,0.9982,3,wrist_rotation_wave,True,-0.73738,-0.11003,1.0241,1.22964,0.81845
trial_000391,SUBJ_020,14,350,400,1.995,3,wrist_rotation_wave,0.9967,3,wrist_rotation_wave,True,-0.8443,-0.13566,1.00782,1.20303,0.81102
trial_000391,SUBJ_020,15,375,425,2.12,3,wrist_rotation_wave,0.9977,3,wrist_rotation_wave,True,-0.83204,-0.14003,0.94006,1.12593,0.76167
trial_000391,SUBJ_020,16,400,450,2.245,3,wrist_rotation_wave,0.9986,3,wrist_rotation_wave,True,-0.71274,-0.12518,0.83001,1.00813,0.67752
trial_000391,SUBJ_020,17,425,475,2.37,3,wrist_rotation_wave,0.9986,3,wrist_rotation_wave,True,-0.51567,-0.09631,0.69404,0.86634,0.5715
trial_000391,SUBJ_020,18,450,500,2.495,3,wrist_rotation_wave,0.9986,3,wrist_rotation_wave,True,-0.27019,-0.05861,0.54858,0.71731,0.45656
trial_000391,SUBJ_020,19,475,525,2.62,3,wrist_rotation_wave,0.9985,3,wrist_rotation_wave,True,-0.00564,-0.01729,0.41003,0.57777,0.34567
trial_000391,SUBJ_020,20,500,550,2.745,3,wrist_rotation_wave,0.9982,3,wrist_rotation_wave,True,0.24863,0.02245,0.2948,0.46449,0.2518
trial_000391,SUBJ_020,21,525,575,2.87,3,wrist_rotation_wave,0.9983,3,wrist_rotation_wave,True,0.46325,0.05541,0.21932,0.3942,0.1879
trial_000391,SUBJ_020,22,550,600,2.995,3,wrist_rotation_wave,0.9981,3,wrist_rotation_wave,True,0.60888,0.07639,0.19999,0.38365,0.16694
trial_000391,SUBJ_020,23,575,625,3.12,3,wrist_rotation_wave,0.9978,3,wrist_rotation_wave,True,0.6593,0.08076,0.25094,0.44716,0.2001
trial_000391,SUBJ_020,24,600,650,3.245,3,wrist_rotation_wave,0.9974,3,wrist_rotation_wave,True,0.61884,0.06942,0.36392,0.57529,0.28126
trial_000391,SUBJ_020,25,625,675,3.37,3,wrist_rotation_wave,0.9977,3,wrist_rotation_wave,True,0.50915,0.04642,0.51799,0.74515,0.39447
trial_000391,SUBJ_020,26,650,700,3.495,3,wrist_rotation_wave,0.9984,3,wrist_rotation_wave,True,0.35208,0.01584,0.69211,0.93369,0.52371
trial_000391,SUBJ_020,27,675,725,3.62,3,wrist_rotation_wave,0.998,3,wrist_rotation_wave,True,0.16947,-0.01824,0.86521,1.11789,0.65291
trial_000391,SUBJ_020,28,700,750,3.745,3,wrist_rotation_wave,0.9958,3,wrist_rotation_wave,True,-0.01686,-0.05175,1.01623,1.27469,0.76605
trial_000391,SUBJ_020,29,725,775,3.87,3,wrist_rotation_wave,0.9933,3,wrist_rotation_wave,True,-0.18504,-0.08059,1.12409,1.38106,0.84707
trial_000391,SUBJ_020,30,750,800,3.995,3,wrist_rotation_wave,0.9983,3,wrist_rotation_wave,True,-0.31325,-0.1007,1.16775,1.41396,0.87992
trial_000391,SUBJ_020,31,775,825,4.12,3,wrist_rotation_wave,0.9964,3,wrist_rotation_wave,True,-0.38121,-0.1083,1.12804,1.35248,0.85002
trial_000391,SUBJ_020,32,800,850,4.245,3,wrist_rotation_wave,0.9979,3,wrist_rotation_wave,True,-0.38911,-0.10371,1.01085,1.20388,0.76173
trial_000391,SUBJ_020,33,825,875,4.37,3,wrist_rotation_wave,0.9985,3,wrist_rotation_wave,True,-0.35158,-0.09013,0.83968,0.99519,0.63275
trial_000391,SUBJ_020,34,850,900,4.495,3,wrist_rotation_wave,0.9982,3,wrist_rotation_wave,True,-0.28355,-0.0708,0.6384,0.75387,0.48108
trial_000391,SUBJ_020,35,875,925,4.62,3,wrist_rotation_wave,0.9976,3,wrist_rotation_wave,True,-0.19994,-0.04899,0.43088,0.50736,0.3247
trial_000391,SUBJ_020,36,900,950,4.745,3,wrist_rotation_wave,0.9968,3,wrist_rotation_wave,True,-0.11567,-0.02794,0.24101,0.28313,0.18162
trial_000391,SUBJ_020,37,925,975,4.87,3,wrist_rotation_wave,0.998,3,wrist_rotation_wave,True,-0.04567,-0.01091,0.09264,0.10862,0.06981
trial_000391,SUBJ_020,38,950,1000,4.995,3,wrist_rotation_wave,0.9984,3,wrist_rotation_wave,True,-0.00486,-0.00115,0.00965,0.0113,0.00727
trial_000392,SUBJ_020,0,0,50,0.245,3,wrist_rotation_wave,0.9959,3,wrist_rotation_wave,True,0.14792,0.03319,0.02251,0.0435,0.01263
trial_000392,SUBJ_020,1,25,75,0.37,3,wrist_rotation_wave,0.998,3,wrist_rotation_wave,True,0.29996,0.068,0.05183,0.09591,0.03025
trial_000392,SUBJ_020,2,50,100,0.495,3,wrist_rotation_wave,0.9984,3,wrist_rotation_wave,True,0.46991,0.10794,0.09363,0.16573,0.05673
trial_000392,SUBJ_020,3,75,125,0.62,3,wrist_rotation_wave,0.9983,3,wrist_rotation_wave,True,0.63216,0.14774,0.14825,0.2507,0.09306
trial_000392,SUBJ_020,4,100,150,0.745,3,wrist_rotation_wave,0.9982,3,wrist_rotation_wave,True,0.76108,0.18212,0.21603,0.34856,0.14023
trial_000392,SUBJ_020,5,125,175,0.87,3,wrist_rotation_wave,0.9976,3,wrist_rotation_wave,True,0.83106,0.20582,0.29728,0.45704,0.19922
trial_000392,SUBJ_020,6,150,200,0.995,3,wrist_rotation_wave,0.9969,3,wrist_rotation_wave,True,0.81648,0.21358,0.39235,0.57387,0.27104
trial_000392,SUBJ_020,7,175,225,1.12,3,wrist_rotation_wave,0.9965,3,wrist_rotation_wave,True,0.69798,0.20131,0.50057,0.69625,0.35576
trial_000392,SUBJ_020,8,200,250,1.245,3,wrist_rotation_wave,0.9981,3,wrist_rotation_wave,True,0.4924,0.1718,0.61553,0.81833,0.44831
trial_000392,SUBJ_020,9,225,275,1.37,3,wrist_rotation_wave,0.9984,3,wrist_rotation_wave,True,0.22955,0.1303,0.72876,0.93313,0.54175
trial_000392,SUBJ_020,10,250,300,1.495,3,wrist_rotation_wave,0.9984,3,wrist_rotation_wave,True,-0.06075,0.08207,0.83177,1.03371,0.62912
trial_000392,SUBJ_020,11,275,325,1.62,3,wrist_rotation_wave,0.9984,3,wrist_rotation_wave,True,-0.34868,0.03235,0.9161,1.11309,0.70349
trial_000392,SUBJ_020,12,300,350,1.745,3,wrist_rotation_wave,0.9984,3,wrist_rotation_wave,True,-0.60441,-0.0136,0.97326,1.16433,0.7579
trial_000392,SUBJ_020,13,325,375,1.87,3,wrist_rotation_wave,0.9982,3,wrist_rotation_wave,True,-0.79812,-0.05052,0.99478,1.18045,0.78542
trial_000392,SUBJ_020,14,350,400,1.995,3,wrist_rotation_wave,0.9967,3,wrist_rotation_wave,True,-0.89999,-0.07317,0.97218,1.1545,0.77911
trial_000392,SUBJ_020,15,375,425,2.12,3,wrist_rotation_wave,0.9978,3,wrist_rotation_wave,True,-0.8851,-0.07713,0.8991,1.08144,0.73363
trial_000392,SUBJ_020,16,400,450,2.245,3,wrist_rotation_wave,0.9986,3,wrist_rotation_wave,True,-0.76517,-0.06432,0.78494,0.97058,0.6558
trial_000392,SUBJ_020,17,425,475,2.37,3,wrist_rotation_wave,0.9986,3,wrist_rotation_wave,True,-0.56847,-0.03952,0.64623,0.83773,0.5579
trial_000392,SUBJ_020,18,450,500,2.495,3,wrist_rotation_wave,0.9986,3,wrist_rotation_wave,True,-0.32337,-0.00749,0.49951,0.69871,0.45224
trial_000392,SUBJ_020,19,475,525,2.62,3,wrist_rotation_wave,0.9985,3,wrist_rotation_wave,True,-0.05823,0.02697,0.36134,0.56935,0.35114
trial_000392,SUBJ_020,20,500,550,2.745,3,wrist_rotation_wave,0.9982,3,wrist_rotation_wave,True,0.19861,0.05909,0.2483,0.4655,0.2669
trial_000392,SUBJ_020,21,525,575,2.87,3,wrist_rotation_wave,0.9983,3,wrist_rotation_wave,True,0.41877,0.08407,0.17693,0.40298,0.21184
trial_000392,SUBJ_020,22,550,600,2.995,3,wrist_rotation_wave,0.9982,3,wrist_rotation_wave,True,0.5739,0.09714,0.16379,0.39762,0.19828
trial_000392,SUBJ_020,23,575,625,3.12,3,wrist_rotation_wave,0.998,3,wrist_rotation_wave,True,0.6386,0.09406,0.2231,0.46293,0.23681
trial_000392,SUBJ_020,24,600,650,3.245,3,wrist_rotation_wave,0.9972,3,wrist_rotation_wave,True,0.61644,0.07594,0.34614,0.58968,0.32123
trial_000392,SUBJ_020,25,625,675,3.37,3,wrist_rotation_wave,0.997,3,wrist_rotation_wave,True,0.52734,0.04691,0.51124,0.75576,0.43586
trial_000392,SUBJ_020,26,650,700,3.495,3,wrist_rotation_wave,0.9984,3,wrist_rotation_wave,True,0.39143,0.01114,0.69656,0.93892,0.5649
trial_000392,SUBJ_020,27,675,725,3.62,3,wrist_rotation_wave,0.9982,3,wrist_rotation_wave,True,0.22885,-0.02719,0.88028,1.1169,0.69254
trial_000392,SUBJ_020,28,700,750,3.745,3,wrist_rotation_wave,0.9956,3,wrist_rotation_wave,True,0.05972,-0.06393,1.04057,1.26745,0.803
trial_000392,SUBJ_020,29,725,775,3.87,3,wrist_rotation_wave,0.9914,3,wrist_rotation_wave,True,-0.09584,-0.0949,1.15558,1.36832,0.88046
trial_000392,SUBJ_020,30,750,800,3.995,3,wrist_rotation_wave,0.998,3,wrist_rotation_wave,True,-0.2177,-0.11594,1.20351,1.39726,0.90914
trial_000392,SUBJ_020,31,775,825,4.12,3,wrist_rotation_wave,0.9971,3,wrist_rotation_wave,True,-0.28713,-0.12321,1.16448,1.3341,0.87468
trial_000392,SUBJ_020,32,800,850,4.245,3,wrist_rotation_wave,0.9979,3,wrist_rotation_wave,True,-0.30374,-0.11718,1.04465,1.18605,0.78167
trial_000392,SUBJ_020,33,825,875,4.37,3,wrist_rotation_wave,0.9981,3,wrist_rotation_wave,True,-0.28003,-0.10138,0.86844,0.97956,0.64803
trial_000392,SUBJ_020,34,850,900,4.495,3,wrist_rotation_wave,0.9976,3,wrist_rotation_wave,True,-0.22879,-0.07939,0.66066,0.74152,0.49196
trial_000392,SUBJ_020,35,875,925,4.62,3,wrist_rotation_wave,0.9963,3,wrist_rotation_wave,True,-0.16279,-0.05481,0.44612,0.49878,0.33166
trial_000392,SUBJ_020,36,900,950,4.745,3,wrist_rotation_wave,0.9944,3,wrist_rotation_wave,True,-0.09481,-0.0312,0.24962,0.27822,0.18533
trial_000392,SUBJ_020,37,925,975,4.87,3,wrist_rotation_wave,0.9976,3,wrist_rotation_wave,True,-0.03762,-0.01217,0.09598,0.1067,0.07118
trial_000392,SUBJ_020,38,950,1000,4.995,3,wrist_rotation_wave,0.9983,3,wrist_rotation_wave,True,-0.00402,-0.00128,0.01,0.0111,0.00741
trial_000393,SUBJ_020,0,0,50,0.245,3,wrist_rotation_wave,0.996,3,wrist_rotation_wave,True,0.15175,0.03332,0.0225,0.0479,0.01447
trial_000393,SUBJ_020,1,25,75,0.37,3,wrist_rotation_wave,0.998,3,wrist_rotation_wave,True,0.30809,0.06819,0.05211,0.1052,0.03393
trial_000393,SUBJ_020,2,50,100,0.495,3,wrist_rotation_wave,0.9984,3,wrist_rotation_wave,True,0.48341,0.10807,0.09469,0.18105,0.06238
trial_000393,SUBJ_020,3,75,125,0.62,3,wrist_rotation_wave,0.9984,3,wrist_rotation_wave,True,0.65167,0.1476,0.15078,0.27269,0.10047
trial_000393,SUBJ_020,4,100,150,0.745,3,wrist_rotation_wave,0.9982,3,wrist_rotation_wave,True,0.78686,0.18144,0.22093,0.37735,0.14883
trial_000393,SUBJ_020,5,125,175,0.87,3,wrist_rotation_wave,0.9978,3,wrist_rotation_wave,True,0.86294,0.20424,0.30567,0.49227,0.20809
trial_000393,SUBJ_020,6,150,200,0.995,3,wrist_rotation_wave,0.9971,3,wrist_rotation_wave,True,0.85389,0.21065,0.40557,0.61467,0.27888
trial_000393,SUBJ_020,7,175,225,1.12,3,wrist_rotation_wave,0.9966,3,wrist_rotation_wave,True,0.74,0.19652,0.52008,0.74131,0.36105
trial_000393,SUBJ_020,8,200,250,1.245,3,wrist_rotation_wave,0.9979,3,wrist_rotation_wave,True,0.53792,0.16467,0.64251,0.86611,0.44971
trial_000393,SUBJ_020,9,225,275,1.37,3,wrist_rotation_wave,0.9984,3,wrist_rotation_wave,True,0.27737,0.12042,0.76391,0.98201,0.53833
trial_000393,SUBJ_020,10,250,300,1.495,3,wrist_rotation_wave,0.9984,3,wrist_rotation_wave,True,-0.01192,0.06908,0.87537,1.08191,0.62036
trial_000393,SUBJ_020,11,275,325,1.62,3,wrist_rotation_wave,0.9984,3,wrist_rotation_wave,True,-0.30022,0.01597,0.96794,1.15875,0.68927
trial_000393,SUBJ_020,12,300,350,1.745,3,wrist_rotation_wave,0.9983,3,wrist_rotation_wave,True,-0.55781,-0.03359,1.03272,1.20544,0.73851
trial_000393,SUBJ_020,13,325,375,1.87,3,wrist_rotation_wave,0.9983,3,wrist_rotation_wave,True,-0.75495,-0.07429,1.06075,1.21491,0.76153
trial_000393,SUBJ_020,14,350,400,1.995,3,wrist_rotation_wave,0.997,3,wrist_rotation_wave,True,-0.86191,-0.10081,1.04312,1.18008,0.75179
trial_000393,SUBJ_020,15,375,425,2.12,3,wrist_rotation_wave,0.9978,3,wrist_rotation_wave,True,-0.85384,-0.10865,0.97304,1.09589,0.70432
trial_000393,SUBJ_020,16,400,450,2.245,3,wrist_rotation_wave,0.9986,3,wrist_rotation_wave,True,-0.74226,-0.09939,0.85989,0.97227,0.62585
trial_000393,SUBJ_020,17,425,475,2.37,3,wrist_rotation_wave,0.9986,3,wrist_rotation_wave,True,-0.55514,-0.07737,0.72029,0.82595,0.52842
trial_000393,SUBJ_020,18,450,500,2.495,3,wrist_rotation_wave,0.9986,3,wrist_rotation_wave,True,-0.3205,-0.04694,0.57093,0.67371,0.42409
trial_000393,SUBJ_020,19,475,525,2.62,3,wrist_rotation_wave,0.9985,3,wrist_rotation_wave,True,-0.0664,-0.01245,0.42848,0.53229,0.32492
trial_000393,SUBJ_020,20,500,550,2.745,3,wrist_rotation_wave,0.9982,3,wrist_rotation_wave,True,0.17912,0.02176,0.30961,0.41845,0.24296
trial_000393,SUBJ_020,21,525,575,2.87,3,wrist_rotation_wave,0.9983,3,wrist_rotation_wave,True,0.38803,0.05132,0.231,0.34897,0.19027
trial_000393,SUBJ_020,22,550,600,2.995,3,wrist_rotation_wave,0.9982,3,wrist_rotation_wave,True,0.53227,0.0719,0.20933,0.3406,0.17891
trial_000393,SUBJ_020,23,575,625,3.12,3,wrist_rotation_wave,0.998,3,wrist_rotation_wave,True,0.58678,0.07959,0.25896,0.40766,0.21926
trial_000393,SUBJ_020,24,600,650,3.245,3,wrist_rotation_wave,0.9971,3,wrist_rotation_wave,True,0.55543,0.07487,0.37156,0.54047,0.30508
trial_000393,SUBJ_020,25,625,675,3.37,3,wrist_rotation_wave,0.9971,3,wrist_rotation_wave,True,0.4585,0.0607,0.52597,0.71579,0.4208
trial_000393,SUBJ_020,26,650,700,3.495,3,wrist_rotation_wave,0.9984,3,wrist_rotation_wave,True,0.31644,0.04005,0.70088,0.91025,0.55072
trial_000393,SUBJ_020,27,675,725,3.62,3,wrist_rotation_wave,0.9978,3,wrist_rotation_wave,True,0.14971,0.01592,0.87499,1.10045,0.67913
trial_000393,SUBJ_020,28,700,750,3.745,3,wrist_rotation_wave,0.9942,3,wrist_rotation_wave,True,-0.02123,-0.00872,1.02698,1.263,0.79033
trial_000393,SUBJ_020,29,725,775,3.87,3,wrist_rotation_wave,0.9887,3,wrist_rotation_wave,True,-0.17592,-0.03088,1.13556,1.37452,0.86864
trial_000393,SUBJ_020,30,750,800,3.995,3,wrist_rotation_wave,0.9979,3,wrist_rotation_wave,True,-0.2939,-0.04757,1.17942,1.41161,0.89835
trial_000393,SUBJ_020,31,775,825,4.12,3,wrist_rotation_wave,0.9969,3,wrist_rotation_wave,True,-0.35618,-0.05603,1.13916,1.35305,0.86519
trial_000393,SUBJ_020,32,800,850,4.245,3,wrist_rotation_wave,0.9979,3,wrist_rotation_wave,True,-0.36285,-0.0563,1.02073,1.2061,0.77373
trial_000393,SUBJ_020,33,825,875,4.37,3,wrist_rotation_wave,0.9981,3,wrist_rotation_wave,True,-0.32748,-0.0504,0.84783,0.99806,0.64177
trial_000393,SUBJ_020,34,850,900,4.495,3,wrist_rotation_wave,0.9974,3,wrist_rotation_wave,True,-0.26392,-0.0404,0.64457,0.75663,0.48739
trial_000393,SUBJ_020,35,875,925,4.62,3,wrist_rotation_wave,0.9963,3,wrist_rotation_wave,True,-0.186,-0.02837,0.43503,0.50954,0.32868
trial_000393,SUBJ_020,36,900,950,4.745,3,wrist_rotation_wave,0.9946,3,wrist_rotation_wave,True,-0.10757,-0.01636,0.24332,0.28448,0.18371
trial_000393,SUBJ_020,37,925,975,4.87,3,wrist_rotation_wave,0.9976,3,wrist_rotation_wave,True,-0.04246,-0.00644,0.09353,0.10919,0.07058
trial_000393,SUBJ_020,38,950,1000,4.995,3,wrist_rotation_wave,0.9983,3,wrist_rotation_wave,True,-0.00452,-0.00068,0.00975,0.01136,0.00735
trial_000394,SUBJ_020,0,0,50,0.245,3,wrist_rotation_wave,0.9961,3,wrist_rotation_wave,True,0.15882,0.03553,0.01757,0.03825,0.01565
trial_000394,SUBJ_020,1,25,75,0.37,3,wrist_rotation_wave,0.9981,3,wrist_rotation_wave,True,0.32249,0.07258,0.04186,0.08523,0.03634
trial_000394,SUBJ_020,2,50,100,0.495,3,wrist_rotation_wave,0.9985,3,wrist_rotation_wave,True,0.5061,0.11481,0.07815,0.14895,0.06622
trial_000394,SUBJ_020,3,75,125,0.62,3,wrist_rotation_wave,0.9985,3,wrist_rotation_wave,True,0.68245,0.15641,0.12765,0.22803,0.10573
trial_000394,SUBJ_020,4,100,150,0.745,3,wrist_rotation_wave,0.9983,3,wrist_rotation_wave,True,0.82432,0.19163,0.1916,0.3211,0.15532
trial_000394,SUBJ_020,5,125,175,0.87,3,wrist_rotation_wave,0.9981,3,wrist_rotation_wave,True,0.90453,0.21466,0.27123,0.42679,0.21544
trial_000394,SUBJ_020,6,150,200,0.995,3,wrist_rotation_wave,0.9975,3,wrist_rotation_wave,True,0.89586,0.21975,0.36778,0.54371,0.28654
trial_000394,SUBJ_020,7,175,225,1.12,3,wrist_rotation_wave,0.9972,3,wrist_rotation_wave,True,0.77769,0.20243,0.48127,0.66975,0.3683
trial_000394,SUBJ_020,8,200,250,1.245,3,wrist_rotation_wave,0.9979,3,wrist_rotation_wave,True,0.56736,0.16588,0.60485,0.79851,0.45601
trial_000394,SUBJ_020,9,225,275,1.37,3,wrist_rotation_wave,0.9983,3,wrist_rotation_wave,True,0.29579,0.11605,0.72915,0.92204,0.54338
trial_000394,SUBJ_020,10,250,300,1.495,3,wrist_rotation_wave,0.9983,3,wrist_rotation_wave,True,-0.00605,0.05887,0.84484,1.03239,0.6241
trial_000394,SUBJ_020,11,275,325,1.62,3,wrist_rotation_wave,0.9984,3,wrist_rotation_wave,True,-0.30721,0.00027,0.94255,1.12163,0.69188
trial_000394,SUBJ_020,12,300,350,1.745,3,wrist_rotation_wave,0.9983,3,wrist_rotation_wave,True,-0.57673,-0.05382,1.01295,1.18181,0.74043
trial_000394,SUBJ_020,13,325,375,1.87,3,wrist_rotation_wave,0.9982,3,wrist_rotation_wave,True,-0.78366,-0.09746,1.04669,1.20498,0.76345
trial_000394,SUBJ_020,14,350,400,1.995,3,wrist_rotation_wave,0.9967,3,wrist_rotation_wave,True,-0.89703,-0.12472,1.0344,1.1832,0.75463
trial_000394,SUBJ_020,15,375,425,2.12,3,wrist_rotation_wave,0.9975,3,wrist_rotation_wave,True,-0.89096,-0.13059,0.96895,1.1106,0.70921
trial_000394,SUBJ_020,16,400,450,2.245,3,wrist_rotation_wave,0.9986,3,wrist_rotation_wave,True,-0.77731,-0.11712,0.85959,0.9968,0.63364
trial_000394,SUBJ_020,17,425,475,2.37,3,wrist_rotation_wave,0.9986,3,wrist_rotation_wave,True,-0.58502,-0.08948,0.72301,0.85841,0.53951
trial_000394,SUBJ_020,18,450,500,2.495,3,wrist_rotation_wave,0.9986,3,wrist_rotation_wave,True,-0.34312,-0.05289,0.57592,0.71208,0.4384
trial_000394,SUBJ_020,19,475,525,2.62,3,wrist_rotation_wave,0.9986,3,wrist_rotation_wave,True,-0.08062,-0.01255,0.43503,0.57446,0.34191
trial_000394,SUBJ_020,20,500,550,2.745,3,wrist_rotation_wave,0.9983,3,wrist_rotation_wave,True,0.17344,0.02631,0.31707,0.46221,0.26164
trial_000394,SUBJ_020,21,525,575,2.87,3,wrist_rotation_wave,0.9984,3,wrist_rotation_wave,True,0.39005,0.05851,0.23876,0.39196,0.20917
trial_000394,SUBJ_020,22,550,600,2.995,3,wrist_rotation_wave,0.9983,3,wrist_rotation_wave,True,0.54018,0.07882,0.2168,0.38037,0.1961
trial_000394,SUBJ_020,23,575,625,3.12,3,wrist_rotation_wave,0.9979,3,wrist_rotation_wave,True,0.59788,0.0826,0.26561,0.4417,0.23241
trial_000394,SUBJ_020,24,600,650,3.245,3,wrist_rotation_wave,0.9974,3,wrist_rotation_wave,True,0.56706,0.07076,0.37696,0.5667,0.31219
trial_000394,SUBJ_020,25,625,675,3.37,3,wrist_rotation_wave,0.9976,3,wrist_rotation_wave,True,0.46859,0.04734,0.52982,0.7329,0.42056
trial_000394,SUBJ_020,26,650,700,3.495,3,wrist_rotation_wave,0.9984,3,wrist_rotation_wave,True,0.32352,0.01641,0.70304,0.91761,0.54254
trial_000394,SUBJ_020,27,675,725,3.62,3,wrist_rotation_wave,0.9977,3,wrist_rotation_wave,True,0.1529,-0.01795,0.87543,1.0982,0.66314
trial_000394,SUBJ_020,28,700,750,3.745,3,wrist_rotation_wave,0.9951,3,wrist_rotation_wave,True,-0.02223,-0.05168,1.02583,1.25199,0.76738
trial_000394,SUBJ_020,29,725,775,3.87,3,wrist_rotation_wave,0.9923,3,wrist_rotation_wave,True,-0.18082,-0.08068,1.13307,1.35635,0.84028
trial_000394,SUBJ_020,30,750,800,3.995,3,wrist_rotation_wave,0.9983,3,wrist_rotation_wave,True,-0.30182,-0.10089,1.17598,1.3886,0.86684
trial_000394,SUBJ_020,31,775,825,4.12,3,wrist_rotation_wave,0.9965,3,wrist_rotation_wave,True,-0.36568,-0.10854,1.13531,1.3282,0.83346
trial_000394,SUBJ_020,32,800,850,4.245,3,wrist_rotation_wave,0.998,3,wrist_rotation_wave,True,-0.37248,-0.10397,1.01695,1.18225,0.74452
trial_000394,SUBJ_020,33,825,875,4.37,3,wrist_rotation_wave,0.9984,3,wrist_rotation_wave,True,-0.33615,-0.09036,0.84449,0.9773,0.61704
trial_000394,SUBJ_020,34,850,900,4.495,3,wrist_rotation_wave,0.9981,3,wrist_rotation_wave,True,-0.2709,-0.07099,0.64192,0.74031,0.46832
trial_000394,SUBJ_020,35,875,925,4.62,3,wrist_rotation_wave,0.9973,3,wrist_rotation_wave,True,-0.19091,-0.04912,0.43319,0.49824,0.31567
trial_000394,SUBJ_020,36,900,950,4.745,3,wrist_rotation_wave,0.9964,3,wrist_rotation_wave,True,-0.1104,-0.02802,0.24226,0.27804,0.17637
trial_000394,SUBJ_020,37,925,975,4.87,3,wrist_rotation_wave,0.998,3,wrist_rotation_wave,True,-0.04358,-0.01094,0.09311,0.10667,0.06773
trial_000394,SUBJ_020,38,950,1000,4.995,3,wrist_rotation_wave,0.9984,3,wrist_rotation_wave,True,-0.00464,-0.00115,0.0097,0.0111,0.00705
trial_000395,SUBJ_020,0,0,50,0.245,0,finger_tap,0.9958,0,finger_tap,True,-0.00598,-0.02659,0.46643,0.48747,0.24377
trial_000395,SUBJ_020,1,25,75,0.37,0,finger_tap,0.9938,0,finger_tap,True,-0.00668,-0.04145,0.69058,0.73522,0.3585
trial_000395,SUBJ_020,2,50,100,0.495,0,finger_tap,0.9953,0,finger_tap,True,-0.00025,-0.04129,0.60116,0.67481,0.30613
trial_000395,SUBJ_020,3,75,125,0.62,0,finger_tap,0.9968,0,finger_tap,True,0.01031,-0.02828,0.28656,0.39008,0.13768
trial_000395,SUBJ_020,4,100,150,0.745,0,finger_tap,0.9973,0,finger_tap,True,0.01818,-0.01215,0.00552,0.13407,-0.00363
trial_000395,SUBJ_020,5,125,175,0.87,0,finger_tap,0.9973,0,finger_tap,True,0.0168,-0.00241,0.00813,0.15136,0.02041
trial_000395,SUBJ_020,6,150,200,0.995,0,finger_tap,0.9971,0,finger_tap,True,0.00687,-0.00108,0.30086,0.44687,0.20801
trial_000395,SUBJ_020,7,175,225,1.12,0,finger_tap,0.9953,0,finger_tap,True,-0.00358,-0.00259,0.64314,0.78257,0.41543
trial_000395,SUBJ_020,8,200,250,1.245,0,finger_tap,0.9947,0,finger_tap,True,-0.00621,-0.00108,0.78475,0.91091,0.49344
trial_000395,SUBJ_020,9,225,275,1.37,0,finger_tap,0.9963,0,finger_tap,True,0.00185,0.00572,0.61795,0.72617,0.38
trial_000395,SUBJ_020,10,250,300,1.495,0,finger_tap,0.9969,0,finger_tap,True,0.01332,0.0134,0.30267,0.38902,0.17695
trial_000395,SUBJ_020,11,275,325,1.62,0,finger_tap,0.9971,0,finger_tap,True,0.01976,0.01676,0.02832,0.0895,0.00417
trial_000395,SUBJ_020,12,300,350,1.745,0,finger_tap,0.9969,0,finger_tap,True,0.01572,0.01264,-0.06853,-0.03411,-0.05251
trial_000395,SUBJ_020,13,325,375,1.87,0,finger_tap,0.9919,0,finger_tap,True,0.00659,0.00517,-0.04486,-0.03297,-0.0319
trial_000395,SUBJ_020,14,350,400,1.995,0,finger_tap,0.9933,0,finger_tap,True,0.00024,0.00019,-0.00197,-0.00159,-0.00137
trial_000396,SUBJ_020,0,0,50,0.245,0,finger_tap,0.9969,0,finger_tap,True,0.03486,0.01428,0.41662,0.48796,0.26387
trial_000396,SUBJ_020,1,25,75,0.37,0,finger_tap,0.9957,0,finger_tap,True,0.0576,0.02257,0.61991,0.73063,0.3923
trial_000396,SUBJ_020,2,50,100,0.495,0,finger_tap,0.9967,0,finger_tap,True,0.06528,0.02335,0.54765,0.65701,0.34579
trial_000396,SUBJ_020,3,75,125,0.62,0,finger_tap,0.9943,0,finger_tap,True,0.05737,0.01857,0.27774,0.35362,0.17439
trial_000396,SUBJ_020,4,100,150,0.745,0,finger_tap,0.9893,0,finger_tap,True,0.04047,0.01454,0.03863,0.07942,0.02395
trial_000396,SUBJ_020,5,125,175,0.87,0,finger_tap,0.997,0,finger_tap,True,0.02119,0.01738,0.05112,0.0848,0.0354
trial_000396,SUBJ_020,6,150,200,0.995,0,finger_tap,0.9966,0,finger_tap,True,0.00393,0.02725,0.31916,0.37685,0.21016
trial_000396,SUBJ_020,7,175,225,1.12,0,finger_tap,0.9965,0,finger_tap,True,-0.00908,0.03833,0.62695,0.71602,0.40828
trial_000396,SUBJ_020,8,200,250,1.245,0,finger_tap,0.9956,0,finger_tap,True,-0.01576,0.04455,0.75006,0.85308,0.48426
trial_000396,SUBJ_020,9,225,275,1.37,0,finger_tap,0.9967,0,finger_tap,True,-0.01568,0.04273,0.5925,0.68049,0.37674
trial_000396,SUBJ_020,10,250,300,1.495,0,finger_tap,0.9967,0,finger_tap,True,-0.01155,0.03507,0.29959,0.35679,0.1823
trial_000396,SUBJ_020,11,275,325,1.62,0,finger_tap,0.9967,0,finger_tap,True,-0.00643,0.02439,0.0432,0.0699,0.01497
trial_000396,SUBJ_020,12,300,350,1.745,0,finger_tap,0.9966,0,finger_tap,True,-0.00277,0.01342,-0.05239,-0.04372,-0.0433
trial_000396,SUBJ_020,13,325,375,1.87,0,finger_tap,0.9946,0,finger_tap,True,-0.00074,0.00456,-0.03734,-0.03594,-0.02794
trial_000396,SUBJ_020,14,350,400,1.995,0,finger_tap,0.992,0,finger_tap,True,-2e-05,0.00015,-0.00168,-0.00168,-0.00122
trial_000397,SUBJ_020,0,0,50,0.245,0,finger_tap,0.996,0,finger_tap,True,-0.02746,0.00684,0.44008,0.51757,0.25016
trial_000397,SUBJ_020,1,25,75,0.37,0,finger_tap,0.9946,0,finger_tap,True,-0.04201,0.01104,0.65267,0.78434,0.37195
trial_000397,SUBJ_020,2,50,100,0.495,0,finger_tap,0.9957,0,finger_tap,True,-0.03995,0.01187,0.57129,0.72903,0.32804
trial_000397,SUBJ_020,3,75,125,0.62,0,finger_tap,0.9966,0,finger_tap,True,-0.02458,0.00921,0.28184,0.43497,0.16687
trial_000397,SUBJ_020,4,100,150,0.745,0,finger_tap,0.9972,0,finger_tap,True,-0.00783,0.00443,0.0317,0.16103,0.02821
trial_000397,SUBJ_020,5,125,175,0.87,0,finger_tap,0.9969,0,finger_tap,True,-0.00132,-0.00103,0.05982,0.15766,0.047
trial_000397,SUBJ_020,6,150,200,0.995,0,finger_tap,0.9971,0,finger_tap,True,-0.00731,-0.0044,0.36668,0.43432,0.22265
trial_000397,SUBJ_020,7,175,225,1.12,0,finger_tap,0.9947,0,finger_tap,True,-0.01862,-0.00154,0.71106,0.75625,0.41723
trial_000397,SUBJ_020,8,200,250,1.245,0,finger_tap,0.9945,0,finger_tap,True,-0.02763,0.01168,0.8423,0.8791,0.48743
trial_000397,SUBJ_020,9,225,275,1.37,0,finger_tap,0.9956,0,finger_tap,True,-0.02985,0.03399,0.65511,0.69785,0.3739
trial_000397,SUBJ_020,10,250,300,1.495,0,finger_tap,0.9969,0,finger_tap,True,-0.02658,0.05398,0.31723,0.36923,0.17489
trial_000397,SUBJ_020,11,275,325,1.62,0,finger_tap,0.9971,0,finger_tap,True,-0.01975,0.05911,0.02649,0.07883,0.00603
trial_000397,SUBJ_020,12,300,350,1.745,0,finger_tap,0.997,0,finger_tap,True,-0.01141,0.04237,-0.07489,-0.03854,-0.04991
trial_000397,SUBJ_020,13,325,375,1.87,0,finger_tap,0.9915,0,finger_tap,True,-0.00402,0.01693,-0.0484,-0.03411,-0.03062
trial_000397,SUBJ_020,14,350,400,1.995,0,finger_tap,0.9933,0,finger_tap,True,-0.00013,0.0006,-0.00212,-0.00162,-0.00132
trial_000398,SUBJ_020,0,0,50,0.245,0,finger_tap,0.9967,0,finger_tap,True,0.00342,0.02002,0.42469,0.49105,0.27516
trial_000398,SUBJ_020,1,25,75,0.37,0,finger_tap,0.9954,0,finger_tap,True,0.00779,0.03202,0.62728,0.74415,0.41195
trial_000398,SUBJ_020,2,50,100,0.495,0,finger_tap,0.9968,0,finger_tap,True,0.01382,0.03384,0.54245,0.69186,0.37023
trial_000398,SUBJ_020,3,75,125,0.62,0,finger_tap,0.9955,0,finger_tap,True,0.02021,0.02616,0.25468,0.41559,0.19795
trial_000398,SUBJ_020,4,100,150,0.745,0,finger_tap,0.9946,0,finger_tap,True,0.02502,0.01459,0.00602,0.16446,0.03991
trial_000398,SUBJ_020,5,125,175,0.87,0,finger_tap,0.9968,0,finger_tap,True,0.02635,0.00466,0.03015,0.17933,0.0361
trial_000398,SUBJ_020,6,150,200,0.995,0,finger_tap,0.9971,0,finger_tap,True,0.02289,-0.00118,0.32615,0.46646,0.19039
trial_000398,SUBJ_020,7,175,225,1.12,0,finger_tap,0.9959,0,finger_tap,True,0.01397,-0.00365,0.65527,0.79426,0.36862
trial_000398,SUBJ_020,8,200,250,1.245,0,finger_tap,0.9947,0,finger_tap,True,-0.00103,-0.0036,0.76954,0.92182,0.43124
trial_000398,SUBJ_020,9,225,275,1.37,0,finger_tap,0.9966,0,finger_tap,True,-0.01999,-0.00198,0.56772,0.7452,0.32028
trial_000398,SUBJ_020,10,250,300,1.495,0,finger_tap,0.9971,0,finger_tap,True,-0.03559,0.0001,0.22426,0.41775,0.13101
trial_000398,SUBJ_020,11,275,325,1.62,0,finger_tap,0.9972,0,finger_tap,True,-0.03995,0.00151,-0.05601,0.12118,-0.02443
trial_000398,SUBJ_020,12,300,350,1.745,0,finger_tap,0.9966,0,finger_tap,True,-0.02887,0.00149,-0.12846,-0.01127,-0.06665
trial_000398,SUBJ_020,13,325,375,1.87,0,finger_tap,0.9972,0,finger_tap,True,-0.01158,0.00067,-0.06871,-0.02382,-0.0363
trial_000398,SUBJ_020,14,350,400,1.995,0,finger_tap,0.9907,0,finger_tap,True,-0.00041,3e-05,-0.00282,-0.00126,-0.0015
trial_000399,SUBJ_020,0,0,50,0.245,0,finger_tap,0.9962,0,finger_tap,True,-0.00437,0.00282,0.46008,0.51171,0.23998
trial_000399,SUBJ_020,1,25,75,0.37,0,finger_tap,0.9945,0,finger_tap,True,-0.0102,0.00445,0.68408,0.77247,0.35732
trial_000399,SUBJ_020,2,50,100,0.495,0,finger_tap,0.996,0,finger_tap,True,-0.01851,0.00467,0.60292,0.71039,0.31641
trial_000399,SUBJ_020,3,75,125,0.62,0,finger_tap,0.9963,0,finger_tap,True,-0.02772,0.00479,0.30192,0.40929,0.16305
trial_000399,SUBJ_020,4,100,150,0.745,0,finger_tap,0.9969,0,finger_tap,True,-0.03544,0.00739,0.03239,0.12826,0.03014
trial_000399,SUBJ_020,5,125,175,0.87,0,finger_tap,0.9967,0,finger_tap,True,-0.03929,0.01489,0.03729,0.118,0.04604
trial_000399,SUBJ_020,6,150,200,0.995,0,finger_tap,0.997,0,finger_tap,True,-0.03848,0.02507,0.32184,0.3892,0.21103
trial_000399,SUBJ_020,7,175,225,1.12,0,finger_tap,0.9949,0,finger_tap,True,-0.0338,0.03096,0.65029,0.70931,0.39561
trial_000399,SUBJ_020,8,200,250,1.245,0,finger_tap,0.9948,0,finger_tap,True,-0.02612,0.02546,0.77744,0.8362,0.4652
trial_000399,SUBJ_020,9,225,275,1.37,0,finger_tap,0.9967,0,finger_tap,True,-0.01673,0.00741,0.59951,0.66505,0.36326
trial_000399,SUBJ_020,10,250,300,1.495,0,finger_tap,0.997,0,finger_tap,True,-0.00774,-0.01317,0.27821,0.34896,0.17985
trial_000399,SUBJ_020,11,275,325,1.62,0,finger_tap,0.9971,0,finger_tap,True,-0.00135,-0.02503,0.0046,0.06949,0.0212
trial_000399,SUBJ_020,12,300,350,1.745,0,finger_tap,0.9965,0,finger_tap,True,0.00103,-0.021,-0.08457,-0.04158,-0.03619
trial_000399,SUBJ_020,13,325,375,1.87,0,finger_tap,0.9971,0,finger_tap,True,0.0008,-0.009,-0.05109,-0.0346,-0.02457
trial_000399,SUBJ_020,14,350,400,1.995,0,finger_tap,0.9904,0,finger_tap,True,4e-05,-0.00033,-0.00219,-0.00162,-0.00109
